/* Auto-generated from FocusMate scene images. */
#ifndef FOCUS_UI_IMAGES_H
#define FOCUS_UI_IMAGES_H

#ifndef LV_ATTRIBUTE_MEM_ALIGN
#define LV_ATTRIBUTE_MEM_ALIGN
#endif

static const LV_ATTRIBUTE_MEM_ALIGN uint8_t img_scene_home_map[] = {
  0x00,0x00,0x00,0x00,0x00,0x00,0x00,0x00,0x00,0x00,0x00,0x00,0x00,0x00,0x00,0x00,
  0x00,0x00,0x00,0x00,0x00,0x00,0x00,0x00,0x00,0x00,0x00,0x00,0x00,0x00,0x00,0x00,
  0x00,0x00,0x00,0x00,0x00,0x00,0x00,0x00,0x00,0x00,0x00,0x00,0x00,0x00,0x00,0x00,
  0x00,0x00,0x00,0x00,0x00,0x00,0x00,0x00,0x00,0x00,0x00,0x00,0x00,0x00,0x00,0x00,
  0x00,0x00,0x00,0x00,0x00,0x00,0x00,0x00,0x00,0x00,0x00,0x00,0x00,0x00,0x00,0x00,
  0x00,0x00,0x00,0x00,0x00,0x00,0x00,0x00,0x00,0x00,0x00,0x00,0x00,0x00,0x00,0x00,
  0x00,0x00,0x00,0x00,0x00,0x00,0x00,0x00,0x00,0x00,0x00,0x00,0x00,0x00,0x00,0x00,
  0x00,0x00,0x00,0x00,0x00,0x00,0x00,0x00,0x00,0x00,0x00,0x00,0x00,0x00,0x00,0x00,
  0x00,0x00,0x00,0x00,0x00,0x00,0x00,0x00,0x00,0x00,0x00,0x00,0x00,0x00,0x00,0x00,
  0x00,0x00,0x00,0x00,0x00,0x00,0x00,0x00,0x00,0x00,0x00,0x00,0x00,0x00,0x00,0x00,
  0x00,0x00,0x00,0x00,0x00,0x00,0x00,0x00,0x00,0x00,0x00,0x00,0x00,0x00,0x00,0x00,
  0x00,0x00,0x00,0x00,0x00,0x00,0x00,0x00,0x00,0x00,0x00,0x00,0x00,0x00,0x00,0x00,
  0x00,0x00,0x00,0x00,0x00,0x00,0x00,0x00,0x00,0x00,0x00,0x00,0x00,0x00,0x00,0x00,
  0x00,0x00,0x00,0x00,0x00,0x00,0x00,0x00,0x00,0x00,0x00,0x00,0x00,0x00,0x00,0x00,
  0x00,0x00,0x00,0x00,0x00,0x00,0x00,0x00,0x00,0x00,0x00,0x00,0x00,0x00,0x00,0x00,
  0x00,0x00,0x00,0x00,0x00,0x00,0x00,0x00,0x00,0x00,0x00,0x00,0x00,0x00,0x00,0x00,
  0x00,0x00,0x00,0x00,0x00,0x00,0x00,0x00,0x00,0x00,0x00,0x00,0x00,0x00,0x00,0x00,
  0x00,0x00,0x00,0x00,0x00,0x00,0x00,0x00,0x00,0x00,0x00,0x00,0x00,0x00,0x00,0x00,
  0x00,0x00,0x00,0x00,0x00,0x00,0x00,0x00,0x00,0x00,0x00,0x00,0x00,0x00,0x00,0x00,
  0x00,0x00,0x00,0x00,0x00,0x00,0x00,0x00,0x00,0x00,0x00,0x00,0x00,0x00,0x00,0x00,
  0x00,0x00,0x00,0x00,0x00,0x00,0x00,0x00,0x00,0x00,0x00,0x00,0x00,0x00,0x00,0x00,
  0x00,0x00,0x00,0x00,0x00,0x00,0x00,0x00,0x00,0x00,0x00,0x00,0x00,0x00,0x00,0x00,
  0x00,0x00,0x00,0x00,0x00,0x00,0x00,0x00,0x00,0x00,0x00,0x00,0x00,0x00,0x00,0x00,
  0x00,0x00,0x00,0x00,0x00,0x00,0x00,0x00,0x00,0x00,0x00,0x00,0x00,0x00,0x00,0x00,
  0x00,0x00,0x00,0x00,0x00,0x00,0x00,0x00,0x00,0x00,0x00,0x00,0x00,0x00,0x00,0x00,
  0x00,0x00,0x00,0x00,0x00,0x00,0x00,0x00,0x00,0x00,0x00,0x00,0x00,0x00,0x00,0x00,
  0x00,0x00,0x00,0x00,0x00,0x00,0x00,0x00,0x00,0x00,0x00,0x00,0x00,0x00,0x00,0x00,
  0x00,0x00,0x00,0x00,0x00,0x00,0x00,0x00,0x00,0x00,0x00,0x00,0x00,0x00,0x00,0x00,
  0x00,0x00,0x00,0x00,0x00,0x00,0x00,0x00,0x00,0x00,0x00,0x00,0x00,0x00,0x00,0x00,
  0x00,0x00,0x00,0x00,0x00,0x00,0x00,0x00,0x00,0x00,0x00,0x00,0x00,0x00,0x00,0x00,
  0x00,0x00,0x00,0x00,0x00,0x00,0x00,0x00,0x00,0x00,0x00,0x00,0x00,0x00,0x00,0x00,
  0x00,0x00,0x00,0x00,0x00,0x00,0x00,0x00,0x00,0x00,0x00,0x00,0x00,0x00,0x00,0x00,
  0x00,0x00,0x00,0x00,0x00,0x00,0x00,0x00,0x00,0x00,0x00,0x00,0x00,0x00,0x00,0x00,
  0x00,0x00,0x00,0x00,0x00,0x00,0x00,0x00,0x00,0x00,0x00,0x00,0x00,0x00,0x00,0x00,
  0x00,0x00,0x00,0x00,0x00,0x00,0x00,0x00,0x00,0x00,0x00,0x00,0x00,0x00,0x00,0x00,
  0x00,0x00,0x00,0x00,0x00,0x00,0x00,0x00,0x00,0x00,0x00,0x00,0x00,0x00,0x00,0x00,
  0x00,0x00,0x00,0x00,0x00,0x00,0x00,0x00,0x00,0x00,0x00,0x00,0x00,0x00,0x00,0x00,
  0x00,0x00,0x00,0x00,0x00,0x00,0x00,0x00,0x00,0x00,0x00,0x00,0x00,0x00,0x00,0x00,
  0x00,0x00,0x00,0x00,0x00,0x00,0x00,0x00,0x00,0x00,0x00,0x00,0x00,0x00,0x00,0x00,
  0x00,0x00,0x00,0x00,0x00,0x00,0x00,0x00,0x00,0x00,0x00,0x00,0x00,0x00,0x00,0x00,
  0x00,0x00,0x00,0x00,0x00,0x00,0x00,0x00,0x00,0x00,0x00,0x00,0x00,0x00,0x00,0x00,
  0x00,0x00,0x00,0x00,0x00,0x00,0x00,0x00,0x00,0x00,0x00,0x00,0x00,0x00,0x00,0x00,
  0x00,0x00,0x00,0x00,0x00,0x00,0x00,0x00,0x00,0x00,0x00,0x00,0x00,0x00,0x00,0x00,
  0x00,0x00,0x00,0x00,0x00,0x00,0x00,0x00,0x00,0x00,0x00,0x00,0x00,0x00,0x00,0x00,
  0x00,0x00,0x00,0x00,0x00,0x00,0x00,0x00,0x00,0x00,0x00,0x00,0x00,0x00,0x00,0x00,
  0x00,0x00,0x00,0x00,0x00,0x00,0x00,0x00,0x00,0x00,0x00,0x00,0x00,0x00,0x00,0x00,
  0x00,0x00,0x00,0x00,0x00,0x00,0x00,0x00,0x00,0x00,0x00,0x00,0x00,0x00,0x00,0x00,
  0x00,0x00,0x00,0x00,0x00,0x00,0x00,0x00,0x00,0x00,0x00,0x00,0x00,0x00,0x00,0x00,
  0x00,0x00,0x00,0x00,0x00,0x00,0x00,0x00,0x00,0x00,0x00,0x00,0x00,0x00,0x00,0x00,
  0x00,0x00,0x00,0x00,0x00,0x00,0x00,0x00,0x00,0x00,0x00,0x00,0x00,0x00,0x00,0x00,
  0x00,0x00,0x00,0x00,0x00,0x00,0x00,0x00,0x00,0x00,0x00,0x00,0x00,0x00,0x00,0x00,
  0x00,0x00,0x00,0x00,0x00,0x00,0x00,0x00,0x00,0x00,0x00,0x00,0x00,0x00,0x00,0x00,
  0x00,0x00,0x00,0x00,0x00,0x00,0x00,0x00,0x00,0x00,0x00,0x00,0x00,0x00,0x00,0x00,
  0x00,0x00,0x00,0x00,0x00,0x00,0x00,0x00,0x00,0x00,0x00,0x00,0x00,0x00,0x00,0x00,
  0x00,0x00,0x00,0x00,0x00,0x00,0x00,0x00,0x00,0x00,0x00,0x00,0x00,0x00,0x00,0x00,
  0x00,0x00,0x00,0x00,0x00,0x00,0x00,0x00,0x00,0x00,0x00,0x00,0x00,0x00,0x00,0x00,
  0x00,0x00,0x00,0x00,0x00,0x00,0x00,0x00,0x00,0x00,0x00,0x00,0x00,0x00,0x00,0x00,
  0x00,0x00,0x00,0x00,0x00,0x00,0x00,0x00,0x00,0x00,0x00,0x00,0x00,0x00,0x00,0x00,
  0x00,0x00,0x00,0x00,0x00,0x00,0x00,0x00,0x00,0x00,0x00,0x00,0x00,0x00,0x00,0x00,
  0x00,0x00,0x00,0x00,0x00,0x00,0x00,0x00,0x00,0x00,0x00,0x00,0x00,0x00,0x00,0x00,
  0x00,0x00,0x00,0x00,0x00,0x00,0x00,0x00,0x00,0x00,0x00,0x00,0x00,0x00,0x00,0x00,
  0x00,0x00,0x00,0x00,0x00,0x00,0x00,0x00,0x00,0x00,0x00,0x00,0x00,0x00,0x00,0x00,
  0x00,0x00,0x00,0x00,0x00,0x00,0x00,0x00,0x00,0x00,0x00,0x00,0x00,0x00,0x00,0x00,
  0x00,0x00,0x00,0x00,0x00,0x00,0x00,0x00,0x00,0x00,0x00,0x00,0x00,0x00,0x00,0x00,
  0x00,0x00,0x00,0x00,0x00,0x00,0x00,0x00,0x00,0x00,0x00,0x00,0x00,0x00,0x00,0x00,
  0x00,0x00,0x00,0x00,0x00,0x00,0x00,0x00,0x00,0x00,0x00,0x00,0x00,0x00,0x00,0x00,
  0x00,0x00,0x00,0x00,0x00,0x00,0x00,0x00,0x00,0x00,0x00,0x00,0x00,0x00,0x00,0x00,
  0x00,0x00,0x00,0x00,0x00,0x00,0x00,0x00,0x00,0x00,0x00,0x00,0x00,0x00,0x00,0x00,
  0x00,0x00,0x00,0x00,0x00,0x00,0x00,0x00,0x00,0x00,0x00,0x00,0x00,0x00,0x00,0x00,
  0x00,0x00,0x00,0x00,0x00,0x00,0x00,0x00,0x00,0x00,0x00,0x00,0x00,0x00,0x00,0x00,
  0x00,0x00,0x00,0x00,0x00,0x00,0x00,0x00,0x00,0x00,0x00,0x00,0x00,0x00,0x00,0x00,
  0x00,0x00,0x00,0x00,0x00,0x00,0x00,0x00,0x00,0x00,0x00,0x00,0x00,0x00,0x00,0x00,
  0x00,0x00,0x00,0x00,0x00,0x00,0x00,0x00,0x00,0x00,0x00,0x00,0x00,0x00,0x00,0x00,
  0x00,0x00,0x00,0x00,0x00,0x00,0x00,0x00,0x00,0x00,0x00,0x00,0x00,0x00,0x00,0x00,
  0x00,0x00,0x00,0x00,0x00,0x00,0x00,0x00,0x00,0x00,0x00,0x00,0x00,0x00,0x00,0x00,
  0x00,0x00,0x00,0x00,0x00,0x00,0x00,0x00,0x00,0x00,0x00,0x00,0x00,0x00,0x00,0x00,
  0x00,0x00,0x00,0x00,0x00,0x00,0x00,0x00,0x00,0x00,0x00,0x00,0x00,0x00,0x00,0x00,
  0x00,0x00,0x00,0x00,0x00,0x00,0x00,0x00,0x00,0x00,0x00,0x00,0x00,0x00,0x00,0x00,
  0x00,0x00,0x00,0x00,0x00,0x00,0x00,0x00,0x00,0x00,0x00,0x00,0x00,0x00,0x00,0x00,
  0x00,0x00,0x00,0x00,0x00,0x00,0x00,0x00,0x00,0x00,0x00,0x00,0x00,0x00,0x00,0x00,
  0x00,0x00,0x00,0x00,0x00,0x00,0x00,0x00,0x00,0x00,0x00,0x00,0x00,0x00,0x00,0x00,
  0x00,0x00,0x00,0x00,0x00,0x00,0x00,0x00,0x00,0x00,0x00,0x00,0x00,0x00,0x00,0x00,
  0x00,0x00,0x00,0x00,0x00,0x00,0x00,0x00,0x00,0x00,0x00,0x00,0x00,0x00,0x00,0x00,
  0x00,0x00,0x00,0x00,0x00,0x00,0x00,0x00,0x00,0x00,0x00,0x00,0x00,0x00,0x00,0x00,
  0x00,0x00,0x00,0x00,0x00,0x00,0x00,0x00,0x00,0x00,0x00,0x00,0x00,0x00,0x00,0x00,
  0x00,0x00,0x00,0x00,0x00,0x00,0x00,0x00,0x00,0x00,0x00,0x00,0x00,0x00,0x00,0x00,
  0x00,0x00,0x00,0x00,0x00,0x00,0x00,0x00,0x00,0x00,0x00,0x00,0x00,0x00,0x00,0x00,
  0x00,0x00,0x00,0x00,0x00,0x00,0x00,0x00,0x00,0x00,0x00,0x00,0x00,0x00,0x00,0x00,
  0x00,0x00,0x00,0x00,0x00,0x00,0x00,0x00,0x00,0x00,0x00,0x00,0x00,0x00,0x00,0x00,
  0x00,0x00,0x00,0x00,0x00,0x00,0x00,0x00,0x00,0x00,0x00,0x00,0x00,0x00,0x00,0x00,
  0x00,0x00,0x00,0x00,0x00,0x00,0x00,0x00,0x00,0x00,0x00,0x00,0x00,0x00,0x00,0x00,
  0x00,0x00,0x00,0x00,0x00,0x00,0x00,0x00,0x00,0x00,0x00,0x00,0x00,0x00,0x00,0x00,
  0x00,0x00,0x00,0x00,0x00,0x00,0x00,0x00,0x00,0x00,0x00,0x00,0x00,0x00,0x00,0x00,
  0x00,0x00,0x00,0x00,0x00,0x00,0x00,0x00,0x00,0x00,0x00,0x00,0x00,0x00,0x00,0x00,
  0x00,0x00,0x00,0x00,0x00,0x00,0x00,0x00,0x00,0x00,0x00,0x00,0x00,0x00,0x00,0x00,
  0x00,0x00,0x00,0x00,0x00,0x00,0x00,0x00,0x00,0x00,0x00,0x00,0x00,0x00,0x00,0x00,
  0x00,0x00,0x00,0x00,0x00,0x00,0x00,0x00,0x00,0x00,0x00,0x00,0x00,0x00,0x00,0x00,
  0x00,0x00,0x00,0x00,0x00,0x00,0x00,0x00,0x00,0x00,0x00,0x00,0x00,0x00,0x00,0x00,
  0x00,0x00,0x00,0x00,0x00,0x00,0x00,0x00,0x00,0x00,0x00,0x00,0x00,0x00,0x00,0x00,
  0x00,0x00,0x00,0x00,0x00,0x00,0x00,0x00,0x00,0x00,0x00,0x00,0x00,0x00,0x00,0x00,
  0x00,0x00,0x00,0x00,0x00,0x00,0x00,0x00,0x00,0x00,0x00,0x00,0x00,0x00,0x00,0x00,
  0x00,0x00,0x00,0x00,0x00,0x00,0x00,0x00,0x00,0x00,0x00,0x00,0x00,0x00,0x00,0x00,
  0x00,0x00,0x00,0x00,0x00,0x00,0x00,0x00,0x00,0x00,0x00,0x00,0x00,0x00,0x00,0x00,
  0x00,0x00,0x00,0x00,0x00,0x00,0x00,0x00,0x00,0x00,0x00,0x00,0x00,0x00,0x00,0x00,
  0x00,0x00,0x00,0x00,0x00,0x00,0x00,0x00,0x00,0x00,0x00,0x00,0x00,0x00,0x00,0x00,
  0x00,0x00,0x00,0x00,0x00,0x00,0x00,0x00,0x00,0x00,0x00,0x00,0x00,0x00,0x00,0x00,
  0x00,0x00,0x00,0x00,0x00,0x00,0x00,0x00,0x00,0x00,0x00,0x00,0x00,0x00,0x00,0x00,
  0x00,0x00,0x00,0x00,0x00,0x00,0x00,0x00,0x00,0x00,0x00,0x00,0x00,0x00,0x00,0x00,
  0x00,0x00,0x00,0x00,0x00,0x00,0x00,0x00,0x00,0x00,0x00,0x00,0x00,0x00,0x00,0x00,
  0x00,0x00,0x00,0x00,0x00,0x00,0x00,0x00,0x00,0x00,0x00,0x00,0x00,0x00,0x00,0x00,
  0x00,0x00,0x00,0x00,0x00,0x00,0x00,0x00,0x00,0x00,0x00,0x00,0x00,0x00,0x00,0x00,
  0x00,0x00,0x00,0x00,0x00,0x00,0x00,0x00,0x00,0x00,0x00,0x00,0x00,0x00,0x00,0x00,
  0x00,0x00,0x00,0x00,0x00,0x00,0x00,0x00,0x00,0x00,0x00,0x00,0x00,0x00,0x00,0x00,
  0x00,0x00,0x00,0x00,0x00,0x00,0x00,0x00,0x00,0x00,0x00,0x00,0x00,0x00,0x00,0x00,
  0x00,0x00,0x00,0x00,0x00,0x00,0x00,0x00,0x00,0x00,0x00,0x00,0x00,0x00,0x00,0x00,
  0x00,0x00,0x00,0x00,0x00,0x00,0x00,0x00,0x00,0x00,0x00,0x00,0x00,0x00,0x00,0x00,
  0x00,0x00,0x00,0x00,0x00,0x00,0x00,0x00,0x00,0x00,0x00,0x00,0x00,0x00,0x00,0x00,
  0x00,0x00,0x00,0x00,0x00,0x00,0x00,0x00,0x00,0x00,0x00,0x00,0x00,0x00,0x00,0x00,
  0x00,0x00,0x00,0x00,0x00,0x00,0x00,0x00,0x00,0x00,0x00,0x00,0x00,0x00,0x00,0x00,
  0x00,0x00,0x00,0x00,0x00,0x00,0x00,0x00,0x00,0x00,0x00,0x00,0x00,0x00,0x00,0x00,
  0x00,0x00,0x00,0x00,0x00,0x00,0x00,0x00,0x00,0x00,0x00,0x00,0x00,0x00,0x00,0x00,
  0x00,0x00,0x00,0x00,0x00,0x00,0x00,0x00,0x00,0x00,0x00,0x00,0x00,0x00,0x00,0x00,
  0x00,0x00,0x00,0x00,0x00,0x00,0x00,0x00,0x00,0x00,0x00,0x00,0x00,0x00,0x00,0x00,
  0x00,0x00,0x00,0x00,0x00,0x00,0x00,0x00,0x00,0x00,0x00,0x00,0x00,0x00,0x00,0x00,
  0x00,0x00,0x00,0x00,0x00,0x00,0x00,0x00,0x00,0x00,0x00,0x00,0x00,0x00,0x00,0x00,
  0x00,0x00,0x00,0x00,0x00,0x00,0x00,0x00,0x00,0x00,0x00,0x00,0x00,0x00,0x00,0x00,
  0x00,0x00,0x00,0x00,0x00,0x00,0x00,0x00,0x00,0x00,0x00,0x00,0x00,0x00,0x00,0x00,
  0x00,0x00,0x00,0x00,0x00,0x00,0x00,0x00,0x00,0x00,0x00,0x00,0x00,0x00,0x00,0x00,
  0x00,0x00,0x00,0x00,0x00,0x00,0x00,0x00,0x00,0x00,0x00,0x00,0x00,0x00,0x00,0x00,
  0x00,0x00,0x00,0x00,0x00,0x00,0x00,0x00,0x00,0x00,0x00,0x00,0x00,0x00,0x00,0x00,
  0x00,0x00,0x00,0x00,0x00,0x00,0x00,0x00,0x00,0x00,0x00,0x00,0x00,0x00,0x00,0x00,
  0x00,0x00,0x00,0x00,0x00,0x00,0x00,0x00,0x00,0x00,0x00,0x00,0x00,0x00,0x00,0x00,
  0x00,0x00,0x00,0x00,0x00,0x00,0x00,0x00,0x00,0x00,0x00,0x00,0x00,0x00,0x00,0x00,
  0x00,0x00,0x00,0x00,0x00,0x00,0x83,0x08,0x83,0x08,0x83,0x08,0x83,0x08,0x83,0x08,
  0x83,0x08,0x83,0x08,0x83,0x08,0x83,0x08,0x83,0x08,0x83,0x08,0x83,0x08,0x83,0x08,
  0x00,0x00,0x00,0x00,0x00,0x00,0x00,0x00,0x00,0x00,0x00,0x00,0x00,0x00,0x00,0x00,
  0x00,0x00,0x00,0x00,0x00,0x00,0x00,0x00,0x00,0x00,0x00,0x00,0x00,0x00,0x00,0x00,
  0x00,0x00,0x00,0x00,0x00,0x00,0x00,0x00,0x00,0x00,0x00,0x00,0x00,0x00,0x00,0x00,
  0x00,0x00,0x00,0x00,0x00,0x00,0x00,0x00,0x00,0x00,0x00,0x00,0x00,0x00,0x00,0x00,
  0x00,0x00,0x00,0x00,0x00,0x00,0x00,0x00,0x00,0x00,0x00,0x00,0x00,0x00,0x00,0x00,
  0x00,0x00,0x00,0x00,0x00,0x00,0x00,0x00,0x00,0x00,0x00,0x00,0x00,0x00,0x00,0x00,
  0x63,0x08,0x83,0x08,0x83,0x08,0x83,0x08,0x83,0x08,0x83,0x08,0x83,0x08,0x83,0x08,
  0x83,0x08,0x83,0x08,0x83,0x08,0x83,0x08,0x83,0x08,0x00,0x00,0x00,0x00,0x00,0x00,
  0x00,0x00,0x00,0x00,0x00,0x00,0x00,0x00,0x00,0x00,0x00,0x00,0x00,0x00,0x00,0x00,
  0x00,0x00,0x00,0x00,0x00,0x00,0x00,0x00,0x00,0x00,0x00,0x00,0x00,0x00,0x00,0x00,
  0x00,0x00,0x00,0x00,0x00,0x00,0x83,0x08,0xa4,0x08,0xa3,0x08,0x83,0x08,0x83,0x08,
  0x83,0x08,0xa3,0x08,0xa3,0x08,0x83,0x08,0xa3,0x08,0x83,0x08,0x83,0x08,0x83,0x08,
  0x00,0x00,0x00,0x00,0x00,0x00,0x00,0x00,0x00,0x00,0x00,0x00,0x00,0x00,0x00,0x00,
  0x00,0x00,0x00,0x00,0x00,0x00,0x00,0x00,0x00,0x00,0x00,0x00,0x00,0x00,0x00,0x00,
  0x00,0x00,0x00,0x00,0x00,0x00,0x00,0x00,0x00,0x00,0x00,0x00,0x00,0x00,0x00,0x00,
  0x00,0x00,0x00,0x00,0x00,0x00,0x00,0x00,0x00,0x00,0x00,0x00,0x00,0x00,0x00,0x00,
  0x00,0x00,0x00,0x00,0x00,0x00,0x00,0x00,0x00,0x00,0x00,0x00,0x00,0x00,0x00,0x00,
  0x00,0x00,0x00,0x00,0x00,0x00,0x00,0x00,0x00,0x00,0x00,0x00,0x00,0x00,0x00,0x00,
  0x83,0x08,0xa4,0x08,0x83,0x08,0x83,0x08,0xa3,0x08,0xa3,0x08,0xa4,0x08,0x83,0x08,
  0x83,0x08,0xa4,0x08,0xa4,0x08,0xa4,0x08,0x83,0x08,0x00,0x00,0x00,0x00,0x00,0x00,
  0x00,0x00,0x00,0x00,0x00,0x00,0x00,0x00,0x00,0x00,0x00,0x00,0x00,0x00,0x00,0x00,
  0x00,0x00,0x00,0x00,0x00,0x00,0x00,0x00,0x00,0x00,0x00,0x00,0x00,0x00,0x00,0x00,
  0x00,0x00,0x00,0x00,0x00,0x00,0x83,0x08,0x83,0x08,0x83,0x08,0x83,0x08,0x83,0x08,
  0x83,0x08,0x83,0x08,0x83,0x08,0x83,0x08,0x83,0x08,0x83,0x08,0x83,0x08,0x83,0x08,
  0x00,0x00,0x00,0x00,0x00,0x00,0x00,0x00,0x00,0x00,0x00,0x00,0x00,0x00,0x00,0x00,
  0x00,0x00,0x00,0x00,0x00,0x00,0x00,0x00,0x00,0x00,0x00,0x00,0x00,0x00,0x00,0x00,
  0x00,0x00,0x00,0x00,0x00,0x00,0x00,0x00,0x00,0x00,0x00,0x00,0x00,0x00,0x00,0x00,
  0x00,0x00,0x00,0x00,0x00,0x00,0x00,0x00,0x00,0x00,0x00,0x00,0x00,0x00,0x00,0x00,
  0x00,0x00,0x00,0x00,0x00,0x00,0x00,0x00,0x00,0x00,0x00,0x00,0x00,0x00,0x00,0x00,
  0x00,0x00,0x00,0x00,0x00,0x00,0x00,0x00,0x00,0x00,0x00,0x00,0x00,0x00,0x00,0x00,
  0x83,0x08,0x83,0x08,0x83,0x08,0x83,0x08,0x83,0x08,0x83,0x08,0x83,0x08,0x83,0x08,
  0x83,0x08,0x83,0x08,0x83,0x08,0x83,0x08,0x83,0x08,0x00,0x00,0x00,0x00,0x00,0x00,
  0x00,0x00,0x00,0x00,0x00,0x00,0x00,0x00,0x00,0x00,0x00,0x00,0x00,0x00,0x00,0x00,
  0x00,0x00,0x00,0x00,0x00,0x00,0x00,0x00,0x00,0x00,0x00,0x00,0x00,0x00,0x00,0x00,
  0x00,0x00,0x00,0x00,0x00,0x00,0x83,0x08,0xa3,0x08,0x83,0x08,0x63,0x08,0x83,0x08,
  0xc4,0x08,0xc4,0x08,0xa4,0x08,0x83,0x08,0x83,0x08,0x83,0x08,0x83,0x08,0x83,0x08,
  0x63,0x08,0x83,0x08,0x83,0x08,0x24,0x01,0x00,0x00,0x00,0x00,0x00,0x00,0x00,0x00,
  0x00,0x00,0x00,0x00,0x00,0x00,0x00,0x00,0x00,0x00,0x00,0x00,0x00,0x00,0x00,0x00,
  0x00,0x00,0x00,0x00,0x00,0x00,0x00,0x00,0x00,0x00,0x00,0x00,0x00,0x00,0x00,0x00,
  0x00,0x00,0x00,0x00,0x00,0x00,0x00,0x00,0x00,0x00,0x00,0x00,0x00,0x00,0x00,0x00,
  0x00,0x00,0x00,0x00,0x00,0x00,0x00,0x00,0x00,0x00,0x00,0x00,0x00,0x00,0x00,0x00,
  0x00,0x00,0x00,0x00,0x00,0x00,0x00,0x00,0x05,0x00,0x63,0x08,0x83,0x08,0x63,0x08,
  0x83,0x08,0x83,0x08,0x83,0x08,0x83,0x08,0xa4,0x08,0xc5,0x08,0xc4,0x08,0x83,0x08,
  0x83,0x08,0xa3,0x08,0x83,0x08,0xa3,0x08,0x83,0x08,0x00,0x00,0x00,0x00,0x00,0x00,
  0x00,0x00,0x00,0x00,0x00,0x00,0x00,0x00,0x00,0x00,0x00,0x00,0x00,0x00,0x00,0x00,
  0x00,0x00,0x00,0x00,0x00,0x00,0x00,0x00,0x00,0x00,0x00,0x00,0x00,0x00,0x00,0x00,
  0x00,0x00,0x00,0x00,0x00,0x00,0x83,0x08,0xa4,0x08,0x62,0x08,0x69,0x09,0xdb,0x03,
  0xbb,0x03,0xbb,0x03,0xdb,0x03,0xba,0x03,0xe6,0x08,0x83,0x08,0xa4,0x08,0x83,0x08,
  0x83,0x08,0x83,0x08,0x83,0x08,0x83,0x08,0x00,0x00,0x00,0x00,0x00,0x00,0x00,0x00,
  0x00,0x00,0x00,0x00,0x00,0x00,0x00,0x00,0x00,0x00,0x00,0x00,0x00,0x00,0x00,0x00,
  0x00,0x00,0x00,0x00,0x00,0x00,0x00,0x00,0x00,0x00,0x00,0x00,0x00,0x00,0x00,0x00,
  0x00,0x00,0x00,0x00,0x00,0x00,0x00,0x00,0x00,0x00,0x00,0x00,0x00,0x00,0x00,0x00,
  0x00,0x00,0x00,0x00,0x00,0x00,0x00,0x00,0x00,0x00,0x00,0x00,0x00,0x00,0x00,0x00,
  0x00,0x00,0x00,0x00,0x00,0x00,0x00,0x00,0x83,0x00,0x83,0x08,0x83,0x08,0x83,0x08,
  0x83,0x08,0xa3,0x08,0x62,0x08,0x07,0x09,0xba,0x03,0xdb,0x03,0xbb,0x03,0x9a,0x03,
  0xdb,0x03,0x6a,0x09,0x62,0x08,0xa4,0x08,0x83,0x08,0x00,0x00,0x00,0x00,0x00,0x00,
  0x00,0x00,0x00,0x00,0x00,0x00,0x00,0x00,0x00,0x00,0x00,0x00,0x00,0x00,0x00,0x00,
  0x00,0x00,0x00,0x00,0x00,0x00,0x00,0x00,0x00,0x00,0x00,0x00,0x00,0x00,0x00,0x00,
  0x00,0x00,0x00,0x00,0x00,0x00,0x83,0x08,0xa4,0x08,0x62,0x08,0xab,0x09,0x7f,0x04,
  0x3f,0x04,0x3f,0x04,0x5f,0x04,0x3f,0x04,0x07,0x09,0x83,0x08,0xa4,0x08,0x83,0x08,
  0x83,0x08,0x83,0x08,0x83,0x08,0x83,0x08,0x00,0x00,0x00,0x00,0x00,0x00,0x00,0x00,
  0x00,0x00,0x00,0x00,0x00,0x00,0x00,0x00,0x00,0x00,0x00,0x00,0x00,0x00,0x00,0x00,
  0x00,0x00,0x00,0x00,0x00,0x00,0x00,0x00,0x00,0x00,0x00,0x00,0x00,0x00,0x00,0x00,
  0x00,0x00,0x00,0x00,0x00,0x00,0x00,0x00,0x00,0x00,0x00,0x00,0x00,0x00,0x00,0x00,
  0x00,0x00,0x00,0x00,0x00,0x00,0x00,0x00,0x00,0x00,0x00,0x00,0x00,0x00,0x00,0x00,
  0x00,0x00,0x00,0x00,0x00,0x00,0x00,0x00,0x83,0x08,0x83,0x08,0x83,0x08,0x83,0x08,
  0xa4,0x08,0xa4,0x08,0x83,0x08,0x07,0x01,0x3f,0x04,0x5f,0x04,0x3f,0x04,0x3f,0x04,
  0x5f,0x04,0xac,0x09,0x62,0x08,0xa4,0x08,0x83,0x08,0x00,0x00,0x00,0x00,0x00,0x00,
  0x00,0x00,0x00,0x00,0x00,0x00,0x00,0x00,0x00,0x00,0x00,0x00,0x00,0x00,0x00,0x00,
  0x00,0x00,0x00,0x00,0x00,0x00,0x00,0x00,0x00,0x00,0x00,0x00,0x00,0x00,0x00,0x00,
  0x00,0x00,0x00,0x00,0x00,0x00,0x83,0x08,0xa4,0x08,0x42,0x08,0x8b,0x01,0x5f,0x04,
  0x1f,0x04,0x1e,0x04,0x1f,0x04,0xfe,0x03,0xe6,0x08,0x62,0x08,0x62,0x08,0x62,0x08,
  0x83,0x08,0x83,0x08,0x83,0x08,0x63,0x00,0x00,0x00,0x00,0x00,0x00,0x00,0x00,0x00,
  0x00,0x00,0x00,0x00,0x00,0x00,0x00,0x00,0x00,0x00,0x00,0x00,0x00,0x00,0x00,0x00,
  0x00,0x00,0x00,0x00,0x00,0x00,0x00,0x00,0x00,0x00,0x00,0x00,0x00,0x00,0x00,0x00,
  0x00,0x00,0x00,0x00,0x00,0x00,0x00,0x00,0x00,0x00,0x00,0x00,0x00,0x00,0x00,0x00,
  0x00,0x00,0x00,0x00,0x00,0x00,0x00,0x00,0x00,0x00,0x00,0x00,0x00,0x00,0x00,0x00,
  0x00,0x00,0x00,0x00,0x00,0x00,0x00,0x00,0x84,0x08,0x83,0x08,0x83,0x08,0x83,0x08,
  0x62,0x08,0x42,0x08,0x20,0x08,0xe6,0x00,0x3e,0x04,0x3f,0x04,0x1f,0x04,0x1f,0x04,
  0x1f,0x04,0x6b,0x09,0x62,0x08,0xa4,0x08,0x83,0x08,0x00,0x00,0x00,0x00,0x00,0x00,
  0x00,0x00,0x00,0x00,0x00,0x00,0x00,0x00,0x00,0x00,0x00,0x00,0x00,0x00,0x00,0x00,
  0x00,0x00,0x00,0x00,0x00,0x00,0x00,0x00,0x00,0x00,0x00,0x00,0x00,0x00,0x00,0x00,
  0x00,0x00,0x00,0x00,0x00,0x00,0x83,0x08,0xa3,0x08,0x62,0x08,0x8b,0x09,0x5f,0x04,
  0x1f,0x04,0x3f,0x04,0x3f,0x04,0x1f,0x04,0x17,0x03,0xd5,0x02,0x15,0x03,0x8b,0x01,
  0x62,0x08,0xa4,0x08,0x83,0x08,0x84,0x08,0x83,0x08,0x83,0x08,0x83,0x08,0x00,0x00,
  0x00,0x00,0x00,0x00,0x00,0x00,0x00,0x00,0x00,0x00,0x00,0x00,0x00,0x00,0x00,0x00,
  0x00,0x00,0x00,0x00,0x00,0x00,0x00,0x00,0x00,0x00,0x00,0x00,0x00,0x00,0x00,0x00,
  0x00,0x00,0x00,0x00,0x00,0x00,0x00,0x00,0x00,0x00,0x00,0x00,0x00,0x00,0x00,0x00,
  0x00,0x00,0x00,0x00,0x00,0x00,0x00,0x00,0x00,0x00,0x00,0x00,0x00,0x00,0x00,0x00,
  0x00,0x00,0x83,0x08,0x83,0x08,0x83,0x08,0x84,0x08,0xa3,0x08,0xa4,0x08,0x62,0x08,
  0xcc,0x09,0xf4,0x02,0xb3,0x02,0x37,0x03,0x3f,0x04,0x3f,0x04,0x1f,0x04,0x1f,0x04,
  0x1f,0x04,0x6b,0x09,0x62,0x08,0xa4,0x08,0x83,0x08,0x00,0x00,0x00,0x00,0x00,0x00,
  0x00,0x00,0x00,0x00,0x00,0x00,0x00,0x00,0x00,0x00,0x00,0x00,0x00,0x00,0x00,0x00,
  0x00,0x00,0x00,0x00,0x00,0x00,0x00,0x00,0x00,0x00,0x00,0x00,0x00,0x00,0x00,0x00,
  0x00,0x00,0x00,0x00,0x00,0x00,0x83,0x08,0xa4,0x08,0x62,0x08,0x8a,0x09,0x3f,0x04,
  0x1e,0x04,0x3f,0x04,0x3f,0x04,0x1f,0x04,0x3f,0x04,0x3f,0x04,0x7f,0x04,0x73,0x02,
  0x62,0x10,0xa4,0x08,0xa4,0x08,0xa4,0x08,0x83,0x08,0xa4,0x08,0x83,0x08,0x00,0x00,
  0x00,0x00,0x00,0x00,0x00,0x00,0x00,0x00,0x00,0x00,0x00,0x00,0x00,0x00,0x00,0x00,
  0x00,0x00,0x00,0x00,0x00,0x00,0x00,0x00,0x00,0x00,0x00,0x00,0x00,0x00,0x00,0x00,
  0x00,0x00,0x00,0x00,0x00,0x00,0x00,0x00,0x00,0x00,0x00,0x00,0x00,0x00,0x00,0x00,
  0x00,0x00,0x00,0x00,0x00,0x00,0x00,0x00,0x00,0x00,0x00,0x00,0x00,0x00,0x00,0x00,
  0x00,0x00,0x83,0x08,0xa3,0x08,0x83,0x08,0x83,0x08,0xa3,0x08,0xa4,0x08,0x62,0x08,
  0xf5,0x02,0xbf,0x04,0x5f,0x04,0x5f,0x04,0x3f,0x04,0x3f,0x04,0x1f,0x04,0x1e,0x04,
  0x3f,0x04,0x8c,0x09,0x82,0x10,0xa4,0x08,0x83,0x08,0x00,0x00,0x00,0x00,0x00,0x00,
  0x00,0x00,0x00,0x00,0x00,0x00,0x00,0x00,0x00,0x00,0x00,0x00,0x00,0x00,0x00,0x00,
  0x00,0x00,0x00,0x00,0x00,0x00,0x00,0x00,0x00,0x00,0x00,0x00,0x00,0x00,0x00,0x00,
  0x00,0x00,0x00,0x00,0x00,0x00,0x83,0x08,0xa4,0x08,0x42,0x08,0x8a,0x01,0xbf,0x04,
  0x9f,0x04,0x7f,0x04,0x3f,0x04,0x1f,0x04,0x1f,0x04,0x1e,0x04,0x3f,0x04,0x31,0x02,
  0x20,0x08,0x62,0x08,0x83,0x08,0x83,0x08,0x83,0x08,0xa3,0x08,0xa3,0x08,0x00,0x00,
  0x00,0x00,0x00,0x00,0x00,0x00,0x00,0x00,0x00,0x00,0x00,0x00,0x00,0x00,0x00,0x00,
  0x00,0x00,0x00,0x00,0x00,0x00,0x00,0x00,0x00,0x00,0x00,0x00,0x00,0x00,0x00,0x00,
  0x00,0x00,0x00,0x00,0x00,0x00,0x00,0x00,0x00,0x00,0x00,0x00,0x00,0x00,0x00,0x00,
  0x00,0x00,0x00,0x00,0x00,0x00,0x00,0x00,0x00,0x00,0x00,0x00,0x00,0x00,0x00,0x00,
  0x00,0x00,0x83,0x08,0x83,0x08,0x83,0x08,0x83,0x08,0x83,0x08,0x62,0x08,0x00,0x08,
  0x92,0x02,0x7f,0x04,0x1e,0x04,0x1f,0x04,0x3f,0x04,0x3f,0x04,0x5f,0x04,0x5f,0x04,
  0x7f,0x04,0x8b,0x01,0x62,0x08,0xa4,0x08,0x83,0x08,0x00,0x00,0x00,0x00,0x00,0x00,
  0x00,0x00,0x00,0x00,0x00,0x00,0x00,0x00,0x00,0x00,0x00,0x00,0x00,0x00,0x00,0x00,
  0x00,0x00,0x00,0x00,0x00,0x00,0x00,0x00,0x00,0x00,0x00,0x00,0x00,0x00,0x00,0x00,
  0x00,0x00,0x00,0x00,0x00,0x00,0x83,0x08,0xa3,0x08,0x62,0x08,0xe6,0x08,0x2f,0x0a,
  0x0d,0x0a,0x57,0x03,0x7f,0x04,0x1f,0x04,0x3f,0x04,0x1f,0x04,0x5f,0x04,0xd6,0x02,
  0x8b,0x09,0xed,0x09,0xe6,0x08,0x83,0x08,0xa3,0x08,0x83,0x08,0x83,0x08,0xa4,0x08,
  0x83,0x08,0x83,0x08,0x83,0x08,0x84,0x08,0xa3,0x08,0xa3,0x08,0x83,0x08,0x00,0x00,
  0x00,0x00,0x00,0x00,0x00,0x00,0x00,0x00,0x00,0x00,0x00,0x00,0x00,0x00,0x00,0x00,
  0x00,0x00,0x00,0x00,0x00,0x00,0x00,0x00,0x00,0x00,0x00,0x00,0x00,0x00,0x00,0x00,
  0x00,0x00,0xa3,0x08,0x83,0x08,0x83,0x08,0xa4,0x08,0x84,0x08,0x83,0x08,0x83,0x08,
  0x83,0x08,0xa3,0x08,0xa3,0x08,0x83,0x08,0x62,0x08,0x27,0x09,0xed,0x09,0x6a,0x01,
  0x36,0x03,0x7f,0x04,0x3f,0x04,0x3f,0x04,0x1f,0x04,0x5f,0x04,0x16,0x03,0xcd,0x09,
  0xee,0x01,0xc5,0x08,0x62,0x08,0xa4,0x08,0x83,0x08,0x00,0x00,0x00,0x00,0x00,0x00,
  0x00,0x00,0x00,0x00,0x00,0x00,0x00,0x00,0x00,0x00,0x00,0x00,0x00,0x00,0x00,0x00,
  0x00,0x00,0x00,0x00,0x00,0x00,0x00,0x00,0x00,0x00,0x00,0x00,0x00,0x00,0x00,0x00,
  0x00,0x00,0x00,0x00,0x00,0x00,0x83,0x08,0x83,0x08,0x83,0x08,0x83,0x08,0x62,0x08,
  0x00,0x08,0x2f,0x02,0x9f,0x04,0x1e,0x04,0x1f,0x04,0x3f,0x04,0x1f,0x04,0x1f,0x04,
  0x1f,0x04,0x7f,0x04,0x2f,0x02,0x62,0x08,0xa4,0x08,0x83,0x08,0xa3,0x08,0xa4,0x10,
  0xa4,0x10,0xa4,0x08,0xa3,0x08,0xa3,0x08,0xa3,0x08,0xa4,0x10,0xa3,0x08,0x00,0x00,
  0x00,0x00,0x00,0x00,0x00,0x00,0x00,0x00,0x00,0x00,0x00,0x00,0x00,0x00,0x00,0x00,
  0x00,0x00,0x00,0x00,0x00,0x00,0x00,0x00,0x00,0x00,0x00,0x00,0x00,0x00,0x00,0x00,
  0x00,0x00,0xa4,0x08,0xa4,0x08,0xa4,0x08,0xa4,0x08,0xa3,0x08,0xa3,0x08,0xa3,0x08,
  0x83,0x08,0xa3,0x08,0xa3,0x08,0xa4,0x08,0x42,0x08,0x50,0x02,0xbf,0x04,0x5f,0x04,
  0x5f,0x04,0x3f,0x04,0x3f,0x04,0x3f,0x04,0x1e,0x04,0x7f,0x04,0x0f,0x02,0x00,0x08,
  0x62,0x08,0x83,0x08,0x83,0x08,0x83,0x08,0x83,0x08,0x00,0x00,0x00,0x00,0x00,0x00,
  0x00,0x00,0x00,0x00,0x00,0x00,0x00,0x00,0x00,0x00,0x00,0x00,0x00,0x00,0x00,0x00,
  0x00,0x00,0x00,0x00,0x00,0x00,0x00,0x00,0x00,0x00,0x00,0x00,0x00,0x00,0x00,0x00,
  0x00,0x00,0x00,0x00,0x00,0x00,0x03,0x00,0xe7,0x00,0xa4,0x08,0x83,0x08,0xa4,0x08,
  0x41,0x08,0x70,0x02,0xbf,0x04,0x5f,0x04,0x3f,0x04,0x1f,0x04,0x1f,0x04,0x1f,0x04,
  0xfe,0x03,0x5f,0x04,0x0f,0x02,0x62,0x08,0xa3,0x08,0x63,0x08,0x83,0x08,0x83,0x08,
  0x63,0x08,0x62,0x00,0x63,0x08,0x62,0x08,0x83,0x08,0xa4,0x10,0xc4,0x10,0x00,0x00,
  0x00,0x00,0x00,0x00,0x00,0x00,0x00,0x00,0x00,0x00,0x00,0x00,0x00,0x00,0x00,0x00,
  0x00,0x00,0x00,0x00,0x00,0x00,0x00,0x00,0x00,0x00,0x00,0x00,0x00,0x00,0x00,0x00,
  0x00,0x00,0xa4,0x10,0xa4,0x08,0x63,0x08,0x62,0x00,0x63,0x08,0x62,0x00,0x63,0x08,
  0x63,0x08,0x63,0x08,0x63,0x08,0xa4,0x08,0x42,0x08,0x2f,0x02,0x7f,0x04,0x1e,0x04,
  0x3f,0x04,0x3f,0x04,0x1f,0x04,0x3f,0x04,0x5f,0x04,0xbf,0x04,0x71,0x02,0x62,0x08,
  0xa4,0x08,0xa4,0x08,0xa4,0x08,0xe7,0x00,0x03,0x00,0x00,0x00,0x00,0x00,0x00,0x00,
  0x00,0x00,0x00,0x00,0x00,0x00,0x00,0x00,0x00,0x00,0x00,0x00,0x00,0x00,0x00,0x00,
  0x00,0x00,0x00,0x00,0x00,0x00,0x00,0x00,0x00,0x00,0x00,0x00,0x00,0x00,0x00,0x00,
  0x00,0x00,0x00,0x00,0x00,0x00,0x00,0x00,0x00,0x00,0xa3,0x08,0x83,0x08,0x83,0x08,
  0x42,0x08,0xcc,0x01,0x78,0x03,0x78,0x03,0x3e,0x04,0x1f,0x04,0x1f,0x04,0x1f,0x04,
  0x3f,0x04,0x7f,0x04,0x2f,0x02,0x62,0x08,0xa4,0x08,0x05,0x19,0x46,0x21,0x46,0x21,
  0x25,0x21,0x05,0x19,0x25,0x19,0x26,0x21,0xe5,0x18,0xa4,0x08,0xa3,0x10,0xa4,0x10,
  0xa4,0x10,0x83,0x08,0x83,0x08,0xa3,0x08,0xa4,0x08,0x83,0x08,0x63,0x08,0x83,0x08,
  0x83,0x08,0x83,0x08,0x63,0x08,0xa3,0x08,0xa4,0x08,0xa4,0x10,0xa3,0x08,0xa4,0x10,
  0xa4,0x10,0xa3,0x08,0x83,0x08,0xe4,0x18,0x26,0x21,0x25,0x21,0x05,0x19,0x05,0x19,
  0x26,0x21,0x46,0x21,0xe4,0x18,0x83,0x08,0x21,0x08,0x0f,0x02,0x9f,0x04,0x1f,0x04,
  0x1f,0x04,0x3f,0x04,0x3f,0x04,0x1e,0x04,0x38,0x03,0x58,0x03,0xed,0x01,0x62,0x08,
  0xa3,0x08,0xa3,0x08,0xa4,0x08,0x00,0x00,0x00,0x00,0x00,0x00,0x00,0x00,0x00,0x00,
  0x00,0x00,0x00,0x00,0x00,0x00,0x00,0x00,0x00,0x00,0x00,0x00,0x00,0x00,0x00,0x00,
  0x00,0x00,0x00,0x00,0x00,0x00,0x00,0x00,0x00,0x00,0x00,0x00,0x00,0x00,0x00,0x00,
  0x00,0x00,0x00,0x00,0x00,0x00,0x00,0x00,0x00,0x00,0x83,0x08,0x83,0x08,0x83,0x08,
  0x83,0x08,0x83,0x08,0x62,0x08,0x83,0x08,0x9a,0x03,0x5f,0x04,0x1e,0x04,0x3f,0x04,
  0x3f,0x04,0x7f,0x04,0x30,0x0a,0x42,0x08,0xa4,0x08,0x39,0xc6,0x9e,0xf7,0x5d,0xef,
  0x7d,0xef,0x7d,0xef,0x5d,0xef,0x9e,0xf7,0x11,0x7c,0x22,0x00,0xa3,0x10,0xa3,0x08,
  0xa4,0x08,0x83,0x08,0x83,0x08,0x83,0x08,0x83,0x08,0x83,0x08,0x83,0x08,0x83,0x08,
  0x83,0x08,0x83,0x08,0x83,0x08,0x83,0x08,0x83,0x08,0xa3,0x08,0x83,0x08,0x83,0x08,
  0x83,0x08,0xa3,0x08,0x01,0x00,0xb3,0x94,0x9e,0xf7,0x5d,0xef,0x7d,0xef,0x5d,0xef,
  0x5d,0xef,0x9e,0xf7,0xd7,0xbd,0x63,0x08,0x62,0x08,0x50,0x0a,0x7f,0x04,0x1f,0x04,
  0x1e,0x04,0x3e,0x04,0x7f,0x04,0x78,0x03,0x62,0x08,0x62,0x08,0x63,0x08,0x83,0x08,
  0x83,0x08,0x83,0x08,0xa3,0x08,0x00,0x00,0x00,0x00,0x00,0x00,0x00,0x00,0x00,0x00,
  0x00,0x00,0x00,0x00,0x00,0x00,0x00,0x00,0x00,0x00,0x00,0x00,0x00,0x00,0x00,0x00,
  0x00,0x00,0x00,0x00,0x00,0x00,0x00,0x00,0x00,0x00,0x00,0x00,0x00,0x00,0x00,0x00,
  0x00,0x00,0x00,0x00,0x00,0x00,0x00,0x00,0x00,0x00,0xa3,0x08,0xa3,0x08,0x83,0x08,
  0xa3,0x08,0xa4,0x08,0xa3,0x08,0x84,0x08,0xbb,0x03,0x7f,0x04,0x3f,0x04,0x5f,0x04,
  0x5f,0x04,0xbf,0x04,0x2f,0x02,0x21,0x08,0xa4,0x08,0xba,0xd6,0xff,0xff,0xff,0xff,
  0xff,0xff,0xff,0xff,0xff,0xff,0xff,0xff,0x11,0x84,0x01,0x00,0xc4,0x10,0x83,0x08,
  0x83,0x08,0x83,0x08,0xa3,0x08,0x83,0x08,0x83,0x08,0x83,0x08,0x83,0x08,0x83,0x08,
  0x83,0x08,0x83,0x08,0x83,0x08,0x83,0x08,0x83,0x08,0x83,0x08,0xa3,0x08,0x83,0x08,
  0x83,0x08,0xa4,0x10,0x21,0x00,0xf4,0x9c,0xff,0xff,0xff,0xff,0xff,0xff,0xff,0xff,
  0xff,0xff,0xff,0xff,0x79,0xce,0x63,0x00,0x21,0x08,0x30,0x02,0x9f,0x04,0x3f,0x04,
  0x5f,0x04,0x5f,0x04,0x9f,0x04,0x79,0x03,0x63,0x08,0xa4,0x08,0x83,0x08,0x83,0x08,
  0x83,0x08,0xa3,0x08,0x83,0x08,0x00,0x00,0x00,0x00,0x00,0x00,0x00,0x00,0x00,0x00,
  0x00,0x00,0x00,0x00,0x00,0x00,0x00,0x00,0x00,0x00,0x00,0x00,0x00,0x00,0x00,0x00,
  0x00,0x00,0x00,0x00,0x00,0x00,0x00,0x00,0x00,0x00,0x00,0x00,0x00,0x00,0x00,0x00,
  0x00,0x00,0x00,0x00,0x00,0x00,0x00,0x00,0x00,0x00,0xa3,0x08,0x83,0x08,0x83,0x08,
  0x83,0x08,0xa3,0x08,0x83,0x08,0x83,0x08,0xd5,0x02,0xbb,0x03,0xbb,0x03,0xbb,0x03,
  0x79,0x03,0xba,0x03,0x6f,0x12,0x04,0x21,0x67,0x21,0xbb,0xd6,0xff,0xff,0xdf,0xff,
  0xff,0xff,0xdf,0xff,0xdf,0xff,0xff,0xff,0x31,0x84,0x01,0x00,0xa4,0x08,0x62,0x00,
  0x83,0x08,0xa3,0x08,0x83,0x08,0x83,0x08,0x83,0x08,0x83,0x08,0x83,0x08,0x83,0x08,
  0x83,0x08,0x83,0x08,0x83,0x08,0x83,0x08,0x83,0x08,0x83,0x08,0xa3,0x08,0x83,0x08,
  0x62,0x08,0xa4,0x10,0x22,0x00,0xd3,0x9c,0xff,0xff,0xdf,0xff,0xdf,0xff,0xff,0xff,
  0xdf,0xff,0xff,0xff,0x9a,0xce,0x26,0x19,0xe4,0x18,0x2e,0x12,0xbb,0x03,0x79,0x03,
  0x9a,0x03,0x9b,0x03,0xbb,0x03,0xb4,0x02,0x63,0x08,0xa4,0x08,0x83,0x08,0x83,0x08,
  0x83,0x08,0x83,0x08,0x84,0x08,0x00,0x00,0x00,0x00,0x00,0x00,0x00,0x00,0x00,0x00,
  0x00,0x00,0x00,0x00,0x00,0x00,0x00,0x00,0x00,0x00,0x00,0x00,0x00,0x00,0x00,0x00,
  0x00,0x00,0x00,0x00,0x00,0x00,0x00,0x00,0x00,0x00,0x00,0x00,0x00,0x00,0x00,0x00,
  0x00,0x00,0x00,0x00,0x00,0x00,0x00,0x00,0x00,0x00,0x00,0x00,0x00,0x00,0x1f,0x00,
  0xa4,0x08,0x83,0x08,0x83,0x08,0x83,0x08,0x63,0x08,0x83,0x08,0xa4,0x08,0xa4,0x08,
  0x63,0x08,0x42,0x00,0xf8,0xbd,0x9e,0xf7,0x5d,0xef,0xdf,0xff,0xff,0xff,0xdf,0xff,
  0xff,0xff,0xff,0xff,0xff,0xff,0xff,0xff,0x3c,0xe7,0x59,0xce,0x59,0xce,0x39,0xc6,
  0xc8,0x31,0x63,0x00,0xa3,0x08,0x83,0x08,0x83,0x08,0x83,0x08,0x83,0x08,0x83,0x08,
  0x83,0x08,0xa3,0x08,0x83,0x08,0x83,0x08,0xa3,0x08,0xa4,0x10,0x42,0x00,0xc8,0x31,
  0x59,0xce,0x59,0xce,0x59,0xce,0x5d,0xef,0xff,0xff,0xdf,0xff,0xff,0xff,0xff,0xff,
  0xdf,0xff,0xff,0xff,0xdf,0xff,0x5d,0xef,0x7e,0xef,0xd7,0xb5,0x62,0x00,0x63,0x08,
  0xa4,0x08,0xa4,0x08,0x83,0x08,0x63,0x08,0xa3,0x08,0x83,0x08,0x83,0x08,0x83,0x08,
  0x0f,0x00,0x05,0x00,0x00,0x00,0x00,0x00,0x00,0x00,0x00,0x00,0x00,0x00,0x00,0x00,
  0x00,0x00,0x00,0x00,0x00,0x00,0x00,0x00,0x00,0x00,0x00,0x00,0x00,0x00,0x00,0x00,
  0x00,0x00,0x00,0x00,0x00,0x00,0x00,0x00,0x00,0x00,0x00,0x00,0x00,0x00,0x00,0x00,
  0x00,0x00,0x00,0x00,0x00,0x00,0x00,0x00,0x00,0x00,0x00,0x00,0x00,0x00,0x00,0x00,
  0x83,0x08,0x83,0x08,0x83,0x08,0x83,0x08,0x63,0x08,0x83,0x08,0x83,0x08,0x83,0x08,
  0x83,0x08,0x42,0x00,0x7a,0xce,0xff,0xff,0xff,0xff,0xff,0xff,0xdf,0xff,0xff,0xff,
  0xff,0xff,0xff,0xff,0xdf,0xff,0xdf,0xff,0xff,0xff,0xff,0xff,0xff,0xff,0xff,0xff,
  0x09,0x3a,0x42,0x00,0x83,0x08,0x83,0x08,0x83,0x08,0x83,0x08,0x83,0x08,0x83,0x08,
  0x83,0x08,0x83,0x08,0x83,0x08,0x83,0x08,0x83,0x08,0x83,0x08,0x21,0x00,0x4a,0x42,
  0xff,0xff,0xff,0xff,0xff,0xff,0xff,0xff,0xdf,0xff,0xff,0xff,0xff,0xff,0xdf,0xff,
  0xdf,0xff,0xdf,0xff,0xff,0xff,0xff,0xff,0xff,0xff,0x79,0xce,0x42,0x00,0x83,0x08,
  0x83,0x08,0x83,0x08,0x63,0x08,0x63,0x08,0x83,0x08,0x83,0x08,0x83,0x08,0x83,0x08,
  0x00,0x00,0x00,0x00,0x00,0x00,0x00,0x00,0x00,0x00,0x00,0x00,0x00,0x00,0x00,0x00,
  0x00,0x00,0x00,0x00,0x00,0x00,0x00,0x00,0x00,0x00,0x00,0x00,0x00,0x00,0x00,0x00,
  0x00,0x00,0x00,0x00,0x00,0x00,0x00,0x00,0x00,0x00,0x00,0x00,0x00,0x00,0x00,0x00,
  0x00,0x00,0x00,0x00,0x00,0x00,0x00,0x00,0x00,0x00,0x00,0x00,0x00,0x00,0x00,0x00,
  0xc3,0x10,0x83,0x08,0x83,0x08,0x83,0x08,0x83,0x08,0xa4,0x10,0xc5,0x10,0xa4,0x08,
  0x83,0x08,0xa3,0x08,0x7a,0xce,0xff,0xff,0xdf,0xff,0xff,0xff,0xff,0xff,0xff,0xff,
  0xff,0xff,0xdf,0xff,0xdf,0xff,0xff,0xff,0xdf,0xff,0xdf,0xff,0xdf,0xff,0xdf,0xff,
  0x09,0x3a,0x83,0x08,0xc4,0x10,0xa3,0x10,0xa4,0x10,0xa4,0x10,0xa3,0x10,0x83,0x08,
  0xa3,0x08,0xa4,0x10,0xc4,0x10,0xc4,0x10,0xa3,0x10,0xa3,0x10,0x63,0x08,0x6a,0x42,
  0xff,0xff,0xdf,0xff,0xdf,0xff,0xdf,0xff,0xff,0xff,0xdf,0xff,0xdf,0xff,0xff,0xff,
  0xff,0xff,0xdf,0xff,0xdf,0xff,0xdf,0xff,0xff,0xff,0x59,0xce,0x83,0x08,0xa4,0x10,
  0xc4,0x10,0xa4,0x10,0x83,0x08,0xa3,0x08,0xa3,0x08,0x83,0x08,0x83,0x08,0xa4,0x10,
  0x00,0x00,0x00,0x00,0x00,0x00,0x00,0x00,0x00,0x00,0x00,0x00,0x00,0x00,0x00,0x00,
  0x00,0x00,0x00,0x00,0x00,0x00,0x00,0x00,0x00,0x00,0x00,0x00,0x00,0x00,0x00,0x00,
  0x00,0x00,0x00,0x00,0x00,0x00,0x00,0x00,0x00,0x00,0x00,0x00,0x00,0x00,0x00,0x00,
  0x00,0x00,0x00,0x00,0x00,0x00,0x00,0x00,0x00,0x00,0x83,0x08,0x83,0x08,0x83,0x08,
  0xa4,0x08,0xa4,0x08,0x83,0x08,0x83,0x08,0x96,0xb5,0xfb,0xde,0xbb,0xd6,0xba,0xd6,
  0xbb,0xd6,0xdb,0xde,0xbe,0xf7,0xff,0xff,0xdf,0xff,0xff,0xff,0xff,0xff,0xff,0xff,
  0xff,0xff,0xff,0xff,0xff,0xff,0xff,0xff,0xff,0xff,0xff,0xff,0xff,0xff,0xdf,0xff,
  0xfc,0xde,0xbb,0xd6,0xbb,0xd6,0xbb,0xd6,0xbb,0xd6,0xbb,0xd6,0xba,0xd6,0xba,0xd6,
  0xba,0xd6,0xbb,0xd6,0xbb,0xd6,0xbb,0xd6,0xba,0xd6,0xba,0xd6,0xbb,0xd6,0x1c,0xe7,
  0xff,0xff,0xff,0xff,0xff,0xff,0xff,0xff,0xff,0xff,0xff,0xff,0xff,0xff,0xff,0xff,
  0xff,0xff,0xff,0xff,0xff,0xff,0xdf,0xff,0xff,0xff,0xbe,0xf7,0xdb,0xd6,0xbb,0xd6,
  0xbb,0xd6,0x9a,0xd6,0xdb,0xde,0x76,0xad,0x83,0x08,0x83,0x08,0xa3,0x08,0xa4,0x08,
  0x83,0x08,0xa3,0x08,0xa3,0x08,0x00,0x00,0x00,0x00,0x00,0x00,0x00,0x00,0x00,0x00,
  0x00,0x00,0x00,0x00,0x00,0x00,0x00,0x00,0x00,0x00,0x00,0x00,0x00,0x00,0x00,0x00,
  0x00,0x00,0x00,0x00,0x00,0x00,0x00,0x00,0x00,0x00,0x00,0x00,0x00,0x00,0x00,0x00,
  0x00,0x00,0x00,0x00,0x00,0x00,0x00,0x00,0x00,0x00,0xa3,0x08,0xa3,0x08,0x83,0x08,
  0xa3,0x08,0x83,0x08,0x62,0x08,0x83,0x08,0xdb,0xde,0xff,0xff,0xff,0xff,0xff,0xff,
  0xff,0xff,0xff,0xff,0xdf,0xff,0xdf,0xff,0xdf,0xff,0xdf,0xff,0xdf,0xff,0xdf,0xff,
  0xdf,0xff,0xdf,0xff,0xdf,0xff,0xdf,0xff,0xdf,0xff,0xff,0xff,0xdf,0xff,0xdf,0xff,
  0xff,0xff,0xff,0xff,0xff,0xff,0xff,0xff,0xff,0xff,0xff,0xff,0xff,0xff,0xff,0xff,
  0xff,0xff,0xff,0xff,0xff,0xff,0xff,0xff,0xff,0xff,0xff,0xff,0xff,0xff,0xff,0xff,
  0xdf,0xff,0xdf,0xff,0xff,0xff,0xdf,0xff,0xdf,0xff,0xdf,0xff,0xdf,0xff,0xdf,0xff,
  0xdf,0xff,0xdf,0xff,0xdf,0xff,0xdf,0xff,0xdf,0xff,0xff,0xff,0xff,0xff,0xff,0xff,
  0xff,0xff,0xff,0xff,0xff,0xff,0x9a,0xce,0x63,0x08,0x83,0x08,0x83,0x08,0xa4,0x08,
  0x83,0x08,0xa4,0x08,0xa4,0x08,0x00,0x00,0x00,0x00,0x00,0x00,0x00,0x00,0x00,0x00,
  0x00,0x00,0x00,0x00,0x00,0x00,0x00,0x00,0x00,0x00,0x00,0x00,0x00,0x00,0x00,0x00,
  0x00,0x00,0x00,0x00,0x00,0x00,0x00,0x00,0x00,0x00,0x00,0x00,0x00,0x00,0x00,0x00,
  0x00,0x00,0x00,0x00,0x00,0x00,0x00,0x00,0x00,0x00,0xa4,0x08,0x83,0x08,0x83,0x08,
  0x83,0x08,0xe4,0x18,0x05,0x19,0x26,0x19,0xbb,0xd6,0xff,0xff,0xbf,0xff,0xdf,0xff,
  0xdf,0xff,0xff,0xff,0xff,0xff,0xff,0xff,0xff,0xff,0xff,0xff,0xff,0xff,0xff,0xff,
  0xff,0xff,0xff,0xff,0xff,0xff,0xff,0xff,0xff,0xff,0xdf,0xff,0xdf,0xff,0xff,0xff,
  0xdf,0xff,0xdf,0xff,0xdf,0xff,0xdf,0xff,0xdf,0xff,0xdf,0xff,0xdf,0xff,0xdf,0xff,
  0xdf,0xff,0xdf,0xff,0xdf,0xff,0xdf,0xff,0xdf,0xff,0xdf,0xff,0xdf,0xff,0xdf,0xff,
  0xff,0xff,0xdf,0xff,0xff,0xff,0xff,0xff,0xff,0xff,0xff,0xff,0xff,0xff,0xff,0xff,
  0xff,0xff,0xff,0xff,0xff,0xff,0xff,0xff,0xff,0xff,0xff,0xff,0xff,0xff,0xdf,0xff,
  0xdf,0xff,0xbf,0xff,0xff,0xff,0x7a,0xce,0xe5,0x18,0x05,0x19,0x05,0x19,0x83,0x08,
  0x83,0x08,0xa4,0x08,0xa4,0x08,0x00,0x00,0x00,0x00,0x00,0x00,0x00,0x00,0x00,0x00,
  0x00,0x00,0x00,0x00,0x00,0x00,0x00,0x00,0x00,0x00,0x00,0x00,0x00,0x00,0x00,0x00,
  0x00,0x00,0x00,0x00,0x00,0x00,0x00,0x00,0x00,0x00,0x00,0x00,0x00,0x00,0x00,0x00,
  0x00,0x00,0x00,0x00,0x00,0x00,0x00,0x00,0x00,0x00,0xa3,0x08,0xa4,0x08,0x42,0x00,
  0x05,0x21,0xba,0xd6,0x3d,0xe7,0x1c,0xe7,0xdf,0xff,0xff,0xff,0xdf,0xff,0xff,0xff,
  0xdf,0xff,0x9a,0xce,0x39,0xc6,0x59,0xce,0x7a,0xce,0x79,0xce,0x59,0xce,0x59,0xce,
  0x79,0xce,0x59,0xce,0x59,0xce,0x79,0xce,0x9a,0xd6,0xdf,0xff,0xff,0xff,0xff,0xff,
  0xdf,0xff,0xdf,0xff,0xff,0xff,0xff,0xff,0xff,0xff,0xff,0xff,0xff,0xff,0xff,0xff,
  0xff,0xff,0xff,0xff,0xff,0xff,0xff,0xff,0xff,0xff,0xff,0xff,0xff,0xff,0xdf,0xff,
  0xff,0xff,0xff,0xff,0xdf,0xff,0x9a,0xd6,0x79,0xce,0x59,0xce,0x59,0xce,0x59,0xce,
  0x59,0xce,0x59,0xce,0x79,0xce,0x7a,0xce,0x59,0xce,0x39,0xc6,0x9a,0xd6,0xdf,0xff,
  0xdf,0xff,0xff,0xff,0xff,0xff,0xbe,0xf7,0x1c,0xe7,0x3c,0xe7,0x9a,0xd6,0x05,0x19,
  0x62,0x08,0xa4,0x10,0xa3,0x08,0x00,0x00,0x00,0x00,0x00,0x00,0x00,0x00,0x00,0x00,
  0x00,0x00,0x00,0x00,0x00,0x00,0x00,0x00,0x00,0x00,0x00,0x00,0x00,0x00,0x00,0x00,
  0x00,0x00,0x00,0x00,0x00,0x00,0x00,0x00,0x00,0x00,0x00,0x00,0x00,0x00,0x00,0x00,
  0x00,0x00,0x83,0x08,0xa3,0x08,0xa4,0x08,0x83,0x08,0x83,0x08,0xa4,0x10,0x83,0x08,
  0x66,0x29,0x9e,0xf7,0xff,0xff,0xff,0xff,0xff,0xff,0xff,0xff,0xdf,0xff,0xdf,0xff,
  0x5d,0xef,0x05,0x19,0x22,0x00,0x83,0x08,0x83,0x08,0x63,0x08,0x62,0x00,0x63,0x08,
  0x63,0x08,0x63,0x08,0x83,0x08,0x21,0x00,0x87,0x29,0xbe,0xf7,0xdf,0xff,0xdf,0xff,
  0xff,0xff,0xff,0xff,0xdf,0xff,0xdf,0xff,0xff,0xff,0xff,0xff,0xff,0xff,0xff,0xff,
  0xff,0xff,0xff,0xff,0xff,0xff,0xff,0xff,0xff,0xff,0xdf,0xff,0xdf,0xff,0xdf,0xff,
  0xdf,0xff,0xdf,0xff,0x5d,0xef,0x46,0x21,0x42,0x00,0x63,0x08,0x62,0x00,0x62,0x08,
  0x63,0x08,0x63,0x08,0x83,0x08,0x83,0x08,0x83,0x08,0x01,0x00,0x87,0x29,0xbe,0xf7,
  0xbf,0xff,0xdf,0xff,0xff,0xff,0xff,0xff,0xff,0xff,0xff,0xff,0x7d,0xef,0x46,0x21,
  0x83,0x08,0xa4,0x10,0x83,0x08,0xa3,0x08,0xa4,0x08,0x83,0x08,0x83,0x08,0x00,0x00,
  0x00,0x00,0x00,0x00,0x00,0x00,0x00,0x00,0x00,0x00,0x00,0x00,0x00,0x00,0x00,0x00,
  0x00,0x00,0x00,0x00,0x00,0x00,0x00,0x00,0x00,0x00,0x00,0x00,0x00,0x00,0x00,0x00,
  0x00,0x00,0x63,0x08,0xa3,0x08,0xa3,0x08,0xa4,0x08,0x62,0x00,0x21,0x00,0x01,0x00,
  0x05,0x19,0x7d,0xef,0xff,0xff,0xdf,0xff,0xff,0xff,0xff,0xff,0xff,0xff,0xff,0xff,
  0xdf,0xff,0x25,0x21,0x63,0x08,0xa4,0x10,0x83,0x08,0x83,0x08,0x83,0x08,0x83,0x08,
  0x83,0x08,0x83,0x08,0xa3,0x08,0x42,0x00,0xc8,0x31,0xff,0xff,0xff,0xff,0xff,0xff,
  0xff,0xff,0xdf,0xff,0xff,0xff,0xff,0xff,0xff,0xff,0xff,0xff,0xff,0xff,0xdf,0xff,
  0xff,0xff,0xff,0xff,0xff,0xff,0xff,0xff,0xff,0xff,0xff,0xff,0xdf,0xff,0xff,0xff,
  0xff,0xff,0xff,0xff,0xdf,0xff,0x66,0x29,0x62,0x00,0xa3,0x08,0x83,0x08,0x83,0x08,
  0x83,0x08,0x83,0x08,0x83,0x08,0x83,0x08,0xa3,0x08,0x42,0x00,0xc8,0x31,0xff,0xff,
  0xff,0xff,0xff,0xff,0xff,0xff,0xff,0xff,0xdf,0xff,0xff,0xff,0x5d,0xef,0xe5,0x18,
  0x22,0x00,0x22,0x00,0x63,0x08,0xa4,0x08,0xa4,0x08,0xa3,0x08,0x83,0x08,0x00,0x00,
  0x00,0x00,0x00,0x00,0x00,0x00,0x00,0x00,0x00,0x00,0x00,0x00,0x00,0x00,0x00,0x00,
  0x00,0x00,0x00,0x00,0x00,0x00,0x00,0x00,0x00,0x00,0x00,0x00,0x00,0x00,0x00,0x00,
  0x00,0x00,0x63,0x08,0x83,0x08,0x83,0x08,0x63,0x08,0x87,0x29,0x8b,0x4a,0x6b,0x4a,
  0x4e,0x63,0xbe,0xf7,0xff,0xff,0xdf,0xff,0xdf,0xff,0xff,0xff,0x76,0xad,0x51,0x8c,
  0x31,0x84,0xc4,0x10,0x83,0x08,0x83,0x08,0x83,0x08,0x83,0x08,0x83,0x08,0x83,0x08,
  0x83,0x08,0x83,0x08,0x83,0x08,0x83,0x08,0x46,0x21,0x51,0x84,0x93,0x94,0x92,0x8c,
  0x9a,0xd6,0xff,0xff,0xdf,0xff,0xff,0xff,0xdf,0xff,0xff,0xff,0xff,0xff,0xff,0xff,
  0xff,0xff,0xff,0xff,0xff,0xff,0xff,0xff,0xff,0xff,0xdf,0xff,0xff,0xff,0x59,0xc6,
  0x72,0x8c,0x93,0x94,0x31,0x84,0x05,0x19,0x83,0x08,0x83,0x08,0x83,0x08,0x83,0x08,
  0x83,0x08,0x83,0x08,0x83,0x08,0x83,0x08,0x83,0x08,0x62,0x08,0x25,0x21,0x92,0x8c,
  0x52,0x8c,0xd7,0xbd,0xff,0xff,0xdf,0xff,0xdf,0xff,0xff,0xff,0x7d,0xef,0x0d,0x5b,
  0x8b,0x4a,0xcc,0x52,0x67,0x29,0x63,0x08,0x83,0x08,0x83,0x08,0x83,0x08,0x00,0x00,
  0x00,0x00,0x00,0x00,0x00,0x00,0x00,0x00,0x00,0x00,0x00,0x00,0x00,0x00,0x00,0x00,
  0x00,0x00,0x00,0x00,0x00,0x00,0x00,0x00,0x00,0x00,0x00,0x00,0x00,0x00,0x00,0x00,
  0x00,0x00,0xa3,0x08,0x83,0x08,0xa3,0x08,0x00,0x00,0x72,0x8c,0xff,0xff,0xff,0xff,
  0xff,0xff,0xff,0xff,0xff,0xff,0xdf,0xff,0xbf,0xff,0xff,0xff,0x09,0x3a,0x00,0x00,
  0x21,0x00,0x83,0x08,0x83,0x08,0x83,0x08,0x83,0x08,0x83,0x08,0x83,0x08,0x83,0x08,
  0x83,0x08,0x83,0x08,0x83,0x08,0x83,0x08,0x83,0x08,0x01,0x00,0x42,0x00,0x00,0x00,
  0xd3,0x9c,0xff,0xff,0xbe,0xf7,0xdf,0xff,0xdf,0xff,0xdf,0xff,0xff,0xff,0xff,0xff,
  0xff,0xff,0xff,0xff,0xdf,0xff,0xdf,0xff,0xdf,0xff,0xbe,0xf7,0xff,0xff,0xf0,0x7b,
  0x00,0x00,0x42,0x00,0x01,0x00,0x83,0x08,0xa3,0x08,0x83,0x08,0x83,0x08,0x83,0x08,
  0x83,0x08,0x83,0x08,0x83,0x08,0x83,0x08,0x83,0x08,0x83,0x08,0x83,0x08,0x42,0x00,
  0x00,0x00,0xec,0x5a,0xff,0xff,0xbf,0xf7,0xdf,0xff,0xff,0xff,0xdf,0xff,0xff,0xff,
  0xff,0xff,0xff,0xff,0xcf,0x73,0x01,0x00,0xa3,0x10,0x83,0x08,0xa4,0x08,0x00,0x00,
  0x00,0x00,0x00,0x00,0x00,0x00,0x00,0x00,0x00,0x00,0x00,0x00,0x00,0x00,0x00,0x00,
  0x00,0x00,0x00,0x00,0x00,0x00,0x00,0x00,0x00,0x00,0x00,0x00,0x83,0x08,0x83,0x08,
  0x83,0x08,0x83,0x08,0x83,0x08,0xa3,0x08,0x01,0x00,0x72,0x8c,0xff,0xff,0xbe,0xf7,
  0xdf,0xff,0xdf,0xff,0xff,0xff,0xff,0xff,0xff,0xff,0xff,0xff,0x8b,0x4a,0x42,0x00,
  0xc4,0x10,0x83,0x08,0x83,0x08,0x83,0x08,0x83,0x08,0xa4,0x08,0xa4,0x08,0x83,0x08,
  0x83,0x08,0xa3,0x08,0xa3,0x08,0x83,0x08,0x83,0x08,0xc4,0x10,0xc4,0x10,0x21,0x00,
  0x14,0xa5,0xff,0xff,0xff,0xff,0xff,0xff,0xdf,0xff,0xff,0xff,0xff,0xff,0xff,0xff,
  0xff,0xff,0xff,0xff,0xff,0xff,0xdf,0xff,0xff,0xff,0xff,0xff,0xff,0xff,0x72,0x8c,
  0x01,0x00,0xc4,0x10,0xa4,0x10,0x83,0x08,0x83,0x08,0xa3,0x08,0xa4,0x08,0x83,0x08,
  0x83,0x08,0xa4,0x08,0xa3,0x08,0x83,0x08,0x83,0x08,0xa3,0x08,0xa4,0x08,0xc4,0x10,
  0x22,0x00,0x4d,0x63,0xff,0xff,0xff,0xff,0xff,0xff,0xff,0xff,0xff,0xff,0xdf,0xff,
  0xbe,0xff,0xff,0xff,0x8f,0x73,0x01,0x00,0xa3,0x10,0x83,0x08,0xa3,0x08,0xa4,0x08,
  0x83,0x08,0x83,0x08,0x00,0x00,0x00,0x00,0x00,0x00,0x00,0x00,0x00,0x00,0x00,0x00,
  0x00,0x00,0x00,0x00,0x00,0x00,0x00,0x00,0x00,0x00,0x00,0x00,0x83,0x08,0xa4,0x08,
  0x83,0x08,0x83,0x08,0x83,0x08,0xa4,0x10,0x22,0x00,0x72,0x8c,0xff,0xff,0xdf,0xff,
  0xff,0xff,0xdf,0xff,0xff,0xff,0x18,0xbe,0x29,0x42,0x8b,0x4a,0x05,0x19,0x83,0x08,
  0x83,0x08,0x83,0x08,0x62,0x08,0x62,0x08,0x62,0x08,0x62,0x08,0x62,0x08,0x62,0x08,
  0x62,0x08,0x62,0x08,0x62,0x08,0x83,0x08,0x83,0x08,0x83,0x08,0x83,0x08,0x63,0x08,
  0x87,0x29,0x6a,0x4a,0xab,0x52,0x1c,0xe7,0xff,0xff,0xdf,0xff,0xdf,0xff,0xdf,0xff,
  0xdf,0xff,0xff,0xff,0xdf,0xff,0xff,0xff,0xba,0xd6,0x8b,0x4a,0x8a,0x4a,0x87,0x29,
  0x63,0x08,0x83,0x08,0x83,0x08,0x83,0x08,0x83,0x08,0x62,0x08,0x62,0x08,0x62,0x08,
  0x62,0x08,0x62,0x08,0x62,0x08,0x62,0x08,0x62,0x08,0x83,0x08,0x83,0x08,0x83,0x08,
  0x62,0x08,0x26,0x21,0x8b,0x4a,0x29,0x42,0x38,0xc6,0xff,0xff,0xbf,0xff,0xff,0xff,
  0xdf,0xff,0xff,0xff,0xaf,0x73,0x01,0x00,0xa4,0x10,0x83,0x08,0x83,0x08,0x83,0x08,
  0xa4,0x08,0x83,0x08,0x00,0x00,0x00,0x00,0x00,0x00,0x00,0x00,0x00,0x00,0x00,0x00,
  0x00,0x00,0x00,0x00,0x00,0x00,0x00,0x00,0x00,0x00,0x00,0x00,0x83,0x08,0x83,0x08,
  0x83,0x08,0x83,0x08,0x83,0x08,0xa4,0x10,0x22,0x00,0x72,0x8c,0xff,0xff,0xbf,0xff,
  0xff,0xff,0xff,0xff,0xff,0xff,0x55,0xad,0x00,0x00,0x62,0x00,0x83,0x08,0xa3,0x08,
  0x83,0x08,0x83,0x08,0x06,0x09,0x48,0x09,0x69,0x09,0x48,0x09,0x28,0x09,0x28,0x09,
  0x28,0x09,0x28,0x09,0x07,0x09,0xa4,0x08,0x83,0x08,0x83,0x08,0x83,0x08,0xa3,0x08,
  0x62,0x00,0x21,0x00,0x63,0x08,0xfb,0xde,0xff,0xff,0xff,0xff,0xdf,0xff,0xff,0xff,
  0xff,0xff,0xdf,0xff,0xff,0xff,0xff,0xff,0x59,0xce,0x01,0x00,0x21,0x00,0x62,0x00,
  0xa3,0x08,0x83,0x08,0x83,0x08,0xa4,0x08,0xa4,0x08,0x27,0x09,0x28,0x09,0x49,0x09,
  0x48,0x09,0x27,0x09,0x27,0x09,0x28,0x09,0x49,0x09,0xc6,0x08,0x83,0x08,0x83,0x08,
  0xa3,0x08,0x83,0x08,0x42,0x00,0x01,0x00,0xb7,0xb5,0xff,0xff,0xff,0xff,0xdf,0xff,
  0xbf,0xff,0xff,0xff,0xd0,0x73,0x22,0x00,0xa4,0x10,0x83,0x08,0x83,0x08,0x83,0x08,
  0x83,0x08,0xa3,0x08,0x00,0x00,0x00,0x00,0x00,0x00,0x00,0x00,0x00,0x00,0x00,0x00,
  0x00,0x00,0x00,0x00,0x83,0x08,0x83,0x08,0x83,0x08,0x83,0x08,0xa3,0x08,0xa4,0x08,
  0x84,0x08,0x83,0x08,0x83,0x08,0xa4,0x10,0x01,0x00,0x52,0x8c,0xff,0xff,0xdf,0xff,
  0xbe,0xf7,0x9a,0xd6,0xbb,0xd6,0x72,0x8c,0x42,0x00,0xa4,0x10,0x83,0x08,0xa3,0x08,
  0x83,0x08,0x00,0x08,0x35,0x03,0x9f,0x04,0x3e,0x04,0x5f,0x04,0x5e,0x04,0x5f,0x04,
  0x3e,0x04,0x7f,0x04,0x16,0x03,0x20,0x08,0x62,0x08,0x83,0x08,0x83,0x08,0x83,0x08,
  0xa3,0x08,0xa3,0x08,0xa3,0x10,0xb6,0xb5,0x9a,0xd6,0x3c,0xe7,0xff,0xff,0xff,0xff,
  0xff,0xff,0xff,0xff,0x3c,0xe7,0xba,0xd6,0x35,0xa5,0x83,0x08,0xa4,0x10,0x83,0x08,
  0x83,0x08,0x83,0x08,0x83,0x08,0x62,0x08,0x62,0x10,0xd9,0x03,0x5f,0x04,0x1e,0x04,
  0x3f,0x04,0x1e,0x04,0x3f,0x04,0x1e,0x04,0x5f,0x04,0x92,0x02,0x00,0x08,0x83,0x08,
  0xa4,0x08,0xa3,0x08,0xa4,0x10,0x63,0x00,0xb3,0x94,0xba,0xd6,0x59,0xce,0xbe,0xf7,
  0xdf,0xff,0xff,0xff,0xf0,0x7b,0x22,0x00,0xa4,0x10,0x83,0x08,0x83,0x08,0x83,0x08,
  0xa4,0x08,0xa4,0x08,0xa4,0x08,0x84,0x08,0x63,0x08,0x63,0x00,0x00,0x00,0x00,0x00,
  0x00,0x00,0x00,0x00,0x83,0x08,0xa4,0x08,0x83,0x08,0x83,0x08,0x41,0x08,0x41,0x08,
  0x62,0x08,0x83,0x08,0x83,0x08,0xa4,0x10,0x01,0x00,0x51,0x84,0xff,0xff,0xff,0xff,
  0xdb,0xde,0xe5,0x10,0x83,0x08,0x83,0x08,0x83,0x08,0x83,0x08,0x83,0x08,0x83,0x08,
  0xab,0x09,0x0d,0x0a,0x9a,0x0b,0x5f,0x04,0x3f,0x04,0x3f,0x04,0x3f,0x04,0x3f,0x04,
  0x3f,0x04,0x5f,0x04,0x39,0x03,0xcc,0x01,0x69,0x09,0x83,0x08,0x83,0x08,0x83,0x08,
  0x83,0x08,0x83,0x08,0x83,0x08,0xa4,0x10,0x21,0x00,0x51,0x84,0xff,0xff,0xdf,0xff,
  0xdf,0xff,0xff,0xff,0x31,0x84,0x22,0x00,0xa4,0x08,0x83,0x08,0x83,0x08,0x83,0x08,
  0x83,0x08,0x83,0x08,0x63,0x08,0x69,0x09,0xed,0x09,0xdc,0x0b,0x3f,0x04,0x1f,0x04,
  0x1f,0x04,0x1f,0x04,0x1f,0x04,0x1f,0x04,0x1f,0x04,0x38,0x03,0xed,0x09,0x8a,0x09,
  0x83,0x08,0xa4,0x08,0x83,0x08,0x83,0x08,0xa4,0x08,0x63,0x08,0xc4,0x10,0x1c,0xe7,
  0xff,0xff,0xff,0xff,0xf0,0x7b,0x01,0x00,0xa4,0x10,0x83,0x08,0x62,0x08,0x42,0x08,
  0x62,0x08,0x62,0x08,0x83,0x08,0x83,0x08,0xa4,0x08,0x83,0x08,0x00,0x00,0x00,0x00,
  0x00,0x00,0x00,0x00,0x83,0x08,0xa3,0x08,0x83,0x08,0xa4,0x08,0xb3,0x02,0xf4,0x02,
  0xf5,0x02,0xee,0x09,0x62,0x08,0xa3,0x08,0x01,0x00,0x72,0x8c,0xff,0xff,0xff,0xff,
  0xdb,0xde,0xa4,0x10,0x83,0x08,0x83,0x08,0x83,0x08,0x83,0x08,0x83,0x08,0x41,0x08,
  0xf6,0x02,0x9f,0x04,0x1f,0x04,0xff,0x03,0xde,0x03,0xde,0x03,0x1f,0x04,0x3f,0x04,
  0x3f,0x04,0x1f,0x04,0x1f,0x04,0x7f,0x04,0xf5,0x02,0x21,0x08,0x83,0x08,0x83,0x08,
  0x83,0x08,0x83,0x08,0x83,0x08,0xa3,0x10,0x01,0x00,0x51,0x84,0xff,0xff,0xbf,0xff,
  0xdf,0xff,0xff,0xff,0x10,0x7c,0x01,0x00,0xa4,0x10,0x83,0x08,0x83,0x08,0x83,0x08,
  0x83,0x08,0x83,0x08,0x41,0x08,0x38,0x03,0x7f,0x04,0xfe,0x03,0xde,0x03,0xde,0x03,
  0xde,0x03,0x1f,0x04,0x1f,0x04,0x1f,0x04,0x1f,0x04,0x1f,0x04,0x9f,0x0c,0xf5,0x0a,
  0x41,0x08,0x83,0x08,0x83,0x08,0x83,0x08,0x83,0x08,0x63,0x08,0x05,0x19,0x5d,0xe7,
  0xff,0xff,0xff,0xff,0xf0,0x7b,0x01,0x00,0xa3,0x08,0x62,0x08,0x2f,0x02,0x35,0x0b,
  0x15,0x0b,0x92,0x02,0x83,0x08,0x83,0x08,0xa3,0x08,0x83,0x08,0x00,0x00,0x00,0x00,
  0x00,0x00,0x00,0x00,0x83,0x08,0xa4,0x08,0x83,0x08,0xa4,0x08,0x3e,0x04,0x7f,0x04,
  0x7f,0x04,0xb4,0x02,0x21,0x08,0xa4,0x08,0x01,0x00,0x92,0x8c,0xff,0xff,0xff,0xff,
  0xdb,0xde,0xa3,0x10,0x83,0x08,0x83,0x08,0x83,0x08,0x62,0x08,0xa4,0x08,0x63,0x00,
  0x76,0x6c,0xdf,0xae,0xbf,0xa6,0x9f,0xa6,0x9f,0x9e,0xbf,0xae,0x7f,0x55,0x1f,0x04,
  0x1f,0x04,0x1f,0x04,0x1e,0x04,0x3f,0x04,0xf6,0x02,0xa4,0x08,0xe6,0x08,0xa4,0x08,
  0x83,0x08,0x83,0x08,0x83,0x08,0xa3,0x10,0x01,0x00,0x51,0x8c,0xff,0xff,0xbe,0xf7,
  0xbe,0xf7,0xff,0xff,0x10,0x7c,0x01,0x00,0xa3,0x10,0x83,0x08,0x83,0x08,0x83,0x08,
  0xa4,0x08,0x06,0x11,0xa5,0x00,0xf8,0x74,0xdf,0xae,0x9e,0x9e,0x9f,0x9e,0x9f,0x9e,
  0xbf,0xae,0x5f,0x4d,0xff,0x03,0x1f,0x04,0x1f,0x04,0xfe,0x03,0x3f,0x04,0xd4,0x0a,
  0x83,0x08,0xa4,0x08,0x83,0x08,0x83,0x08,0x83,0x08,0x63,0x08,0x25,0x19,0x5d,0xef,
  0xff,0xff,0xff,0xff,0xf0,0x7b,0x01,0x00,0xa4,0x08,0x41,0x08,0x16,0x03,0xbf,0x04,
  0x7f,0x04,0xfd,0x03,0xa4,0x08,0x83,0x08,0xa3,0x08,0x83,0x08,0x00,0x00,0x00,0x00,
  0x00,0x00,0x00,0x00,0x83,0x08,0xa3,0x08,0x83,0x08,0xc5,0x08,0xfc,0x03,0x3f,0x04,
  0x5f,0x04,0x73,0x02,0x20,0x08,0xa4,0x08,0x22,0x00,0x72,0x8c,0xff,0xff,0xff,0xff,
  0xdb,0xd6,0xa3,0x10,0x83,0x08,0x83,0x08,0x83,0x08,0x62,0x08,0x16,0x03,0xbd,0x03,
  0x7e,0xa6,0xff,0xff,0xff,0xff,0xff,0xff,0xff,0xff,0xff,0xff,0x1f,0x8e,0xff,0x03,
  0x3f,0x04,0x1f,0x04,0x3f,0x04,0x3f,0x04,0x1e,0x04,0x1d,0x0c,0x16,0x03,0x62,0x08,
  0x83,0x08,0x83,0x08,0x83,0x08,0x83,0x08,0x83,0x08,0x66,0x21,0x09,0x3a,0xc8,0x31,
  0xa7,0x31,0xc7,0x31,0x26,0x21,0x83,0x08,0x83,0x08,0x83,0x08,0x83,0x08,0x83,0x08,
  0xa4,0x08,0xb9,0x0b,0xfd,0x03,0xde,0xb6,0xff,0xff,0xff,0xff,0xff,0xff,0xff,0xff,
  0xff,0xff,0xff,0x7d,0xdf,0x03,0x1f,0x04,0x1f,0x04,0x1f,0x04,0x1f,0x04,0xfe,0x03,
  0xdd,0x03,0xf5,0x02,0x83,0x08,0xa3,0x08,0x83,0x08,0x83,0x08,0x25,0x19,0x5d,0xe7,
  0xff,0xff,0xff,0xff,0xaf,0x73,0x01,0x00,0xa4,0x10,0x42,0x08,0xf6,0x02,0x7f,0x04,
  0x3f,0x04,0xdc,0x03,0xc5,0x08,0x83,0x08,0xa3,0x08,0x83,0x08,0x00,0x00,0x00,0x00,
  0x00,0x00,0x00,0x00,0xa3,0x08,0xa3,0x08,0x83,0x08,0xe5,0x08,0x1d,0x04,0x3f,0x04,
  0x5f,0x04,0x93,0x02,0x21,0x08,0xa4,0x10,0x22,0x00,0x72,0x8c,0xff,0xff,0xff,0xff,
  0xdb,0xd6,0xc4,0x10,0x83,0x08,0x83,0x08,0x83,0x08,0x83,0x08,0x99,0x0b,0x3f,0x04,
  0x5f,0x96,0xff,0xff,0xdf,0xf7,0xdf,0xff,0xdf,0xf7,0xff,0xff,0xff,0x85,0xdf,0x03,
  0x3f,0x04,0x1f,0x04,0x1f,0x04,0x3f,0x04,0x3f,0x04,0x5f,0x04,0x38,0x03,0x62,0x08,
  0x83,0x08,0x83,0x08,0x83,0x08,0x83,0x08,0xa3,0x08,0x63,0x08,0x42,0x00,0x42,0x00,
  0x42,0x00,0x42,0x00,0x63,0x08,0x83,0x08,0x83,0x08,0x83,0x08,0x83,0x08,0x83,0x08,
  0x84,0x08,0xdb,0x0b,0x7f,0x04,0x9f,0x9e,0xff,0xff,0xdf,0xf7,0xdf,0xff,0xdf,0xf7,
  0xff,0xff,0xdf,0x75,0xdf,0x03,0x3f,0x04,0x1f,0x04,0x1f,0x04,0x1f,0x04,0x1f,0x04,
  0x5f,0x04,0x58,0x03,0x83,0x08,0x83,0x08,0xa3,0x08,0x83,0x08,0x05,0x19,0x3d,0xe7,
  0xff,0xff,0xff,0xff,0xaf,0x73,0x01,0x00,0xc4,0x10,0x62,0x08,0x17,0x0b,0x7f,0x04,
  0x3f,0x04,0xbc,0x03,0xa5,0x08,0x83,0x08,0xa4,0x08,0x83,0x08,0x00,0x00,0x07,0x00,
  0x00,0x00,0x00,0x00,0xa3,0x08,0xa3,0x08,0x83,0x08,0xe6,0x08,0x1d,0x04,0x3f,0x04,
  0x7f,0x04,0xb4,0x02,0x62,0x08,0xc4,0x10,0x22,0x00,0x72,0x8c,0xff,0xff,0xff,0xff,
  0xbb,0xd6,0xc4,0x10,0x83,0x08,0x83,0x08,0x83,0x08,0x83,0x08,0xb9,0x0b,0x3f,0x04,
  0x5f,0x96,0xff,0xff,0xdf,0xff,0xff,0xff,0xdf,0xff,0xff,0xff,0xde,0x7d,0xdf,0x03,
  0x3f,0x04,0x1f,0x04,0x3f,0x04,0x3f,0x04,0x3f,0x04,0x3f,0x04,0x38,0x03,0x62,0x08,
  0x83,0x08,0x83,0x08,0x83,0x08,0x83,0x08,0x83,0x08,0x83,0x08,0x83,0x08,0xa3,0x08,
  0xa3,0x08,0x83,0x08,0x83,0x08,0x83,0x08,0x83,0x08,0x83,0x08,0x83,0x08,0x83,0x08,
  0xa4,0x08,0xda,0x03,0x5f,0x04,0x9f,0xa6,0xff,0xff,0xdf,0xff,0xff,0xff,0xdf,0xff,
  0xff,0xff,0xde,0x75,0xde,0x03,0x3f,0x04,0x1f,0x04,0x1f,0x04,0x1f,0x04,0x1e,0x04,
  0x5f,0x04,0x38,0x03,0x62,0x08,0x83,0x08,0xa3,0x08,0x83,0x08,0x05,0x19,0x3c,0xe7,
  0xff,0xff,0xff,0xff,0xcf,0x73,0x01,0x00,0xa4,0x10,0x62,0x08,0x17,0x0b,0x7f,0x04,
  0x3f,0x04,0xbc,0x03,0xa5,0x08,0x83,0x08,0xa4,0x08,0x84,0x08,0x00,0x00,0x07,0x00,
  0x00,0x00,0x00,0x00,0x83,0x08,0xa3,0x08,0x83,0x08,0xc6,0x08,0xfc,0x03,0x3f,0x04,
  0x5f,0x04,0xb4,0x02,0x62,0x08,0xc4,0x10,0x01,0x00,0x52,0x8c,0xff,0xff,0xff,0xff,
  0xdb,0xd6,0xa4,0x10,0x83,0x08,0x83,0x08,0x83,0x08,0x83,0x08,0xb9,0x0b,0x3f,0x04,
  0x7f,0x9e,0xff,0xff,0xbf,0xf7,0xdf,0xff,0xdf,0xf7,0xff,0xff,0xbe,0x75,0xde,0x03,
  0x3f,0x04,0x3f,0x04,0x3f,0x04,0x3f,0x04,0x1f,0x04,0x3f,0x04,0x37,0x03,0x42,0x08,
  0x83,0x08,0x83,0x08,0x83,0x08,0x83,0x08,0x83,0x08,0x83,0x08,0x83,0x08,0x83,0x08,
  0x83,0x08,0x83,0x08,0x83,0x08,0x83,0x08,0x83,0x08,0x83,0x08,0x83,0x08,0x83,0x08,
  0x83,0x08,0xba,0x03,0x3f,0x04,0x7f,0x9e,0xff,0xff,0xdf,0xf7,0xdf,0xff,0xdf,0xf7,
  0xff,0xff,0xbe,0x6d,0xff,0x03,0x3f,0x04,0x1f,0x04,0x3f,0x04,0x1f,0x04,0x1f,0x04,
  0x5f,0x04,0x37,0x03,0x62,0x08,0xa3,0x08,0xa3,0x08,0x83,0x08,0x05,0x19,0x3c,0xe7,
  0xff,0xff,0xff,0xff,0xd0,0x73,0x22,0x00,0xc4,0x10,0x42,0x08,0xf6,0x02,0x7f,0x04,
  0x3f,0x04,0xdc,0x03,0xa5,0x08,0x83,0x08,0xa4,0x08,0xa4,0x08,0x00,0x00,0x07,0x00,
  0x00,0x00,0x00,0x00,0x83,0x08,0xa3,0x08,0x83,0x08,0xa4,0x08,0xdc,0x03,0x5f,0x04,
  0x7f,0x04,0xd4,0x0a,0x62,0x08,0xa4,0x10,0x01,0x00,0x52,0x8c,0xff,0xff,0xff,0xff,
  0xbb,0xd6,0xa3,0x10,0x83,0x08,0x83,0x08,0x83,0x08,0x83,0x08,0x99,0x0b,0x5f,0x04,
  0xbf,0xa6,0xff,0xff,0xff,0xff,0xff,0xff,0xff,0xff,0xff,0xff,0xfe,0x85,0xde,0x03,
  0x3f,0x04,0x3f,0x04,0x3f,0x04,0x3f,0x04,0x1f,0x04,0x5f,0x04,0x37,0x03,0x42,0x08,
  0x83,0x08,0x83,0x08,0x83,0x08,0x83,0x08,0x83,0x08,0x83,0x08,0x83,0x08,0x83,0x08,
  0x83,0x08,0x83,0x08,0x83,0x08,0x83,0x08,0x83,0x08,0x83,0x08,0x83,0x08,0x83,0x08,
  0x63,0x08,0xda,0x03,0x5f,0x04,0xbf,0xa6,0xff,0xff,0xff,0xff,0xff,0xff,0xff,0xff,
  0xff,0xff,0xde,0x75,0xdf,0x03,0x3f,0x04,0x1f,0x04,0x1f,0x04,0x3f,0x04,0x1f,0x04,
  0x5f,0x04,0x37,0x03,0x62,0x08,0xa4,0x08,0xa3,0x08,0x83,0x08,0xe5,0x18,0x3c,0xe7,
  0xff,0xff,0xff,0xff,0xd0,0x73,0x22,0x00,0xc4,0x10,0x41,0x08,0xd5,0x02,0x5f,0x04,
  0x3f,0x04,0xdc,0x03,0xa5,0x08,0x62,0x08,0xa4,0x08,0xa4,0x08,0x00,0x00,0x07,0x00,
  0x00,0x00,0x00,0x00,0x83,0x08,0xa3,0x08,0x83,0x08,0x84,0x08,0xdb,0x03,0x7f,0x04,
  0x7f,0x04,0xb4,0x0a,0x21,0x08,0xa4,0x08,0x21,0x00,0x72,0x8c,0xff,0xff,0xff,0xff,
  0xbb,0xd6,0xa3,0x10,0x83,0x08,0xa3,0x08,0xa3,0x08,0x62,0x08,0x78,0x03,0x7f,0x04,
  0x5f,0x4d,0x1f,0x86,0xff,0x7d,0xff,0x75,0xfe,0x75,0x1f,0x7e,0x1f,0x3d,0x1f,0x04,
  0x3f,0x04,0x3f,0x04,0x3f,0x04,0x3f,0x04,0x1f,0x04,0x5f,0x04,0x37,0x03,0x62,0x08,
  0x83,0x08,0x83,0x08,0x83,0x08,0x83,0x08,0x83,0x08,0x83,0x08,0x83,0x08,0x83,0x08,
  0x83,0x08,0x83,0x08,0x83,0x08,0x83,0x08,0x83,0x08,0x83,0x08,0x83,0x08,0x83,0x08,
  0x83,0x08,0xda,0x03,0x7f,0x04,0x5f,0x4d,0x1f,0x86,0x1f,0x7e,0x1f,0x7e,0x1f,0x7e,
  0x1f,0x86,0xff,0x3c,0x1f,0x04,0x3f,0x04,0x1f,0x04,0x1f,0x04,0x1f,0x04,0x1f,0x04,
  0x5f,0x04,0x37,0x03,0x63,0x08,0xa4,0x08,0xa3,0x08,0x63,0x08,0x05,0x19,0x3d,0xe7,
  0xff,0xff,0xff,0xff,0xd0,0x73,0x21,0x00,0xc4,0x10,0x62,0x08,0xf6,0x02,0x5f,0x04,
  0x3f,0x04,0xdc,0x03,0xc5,0x08,0x83,0x08,0xa3,0x08,0x84,0x08,0x00,0x00,0x07,0x00,
  0x00,0x00,0x00,0x00,0x83,0x08,0xa3,0x08,0x83,0x08,0xa4,0x08,0xdc,0x03,0x5f,0x04,
  0x5f,0x04,0xb3,0x02,0x21,0x08,0xa4,0x08,0x22,0x00,0x72,0x8c,0xff,0xff,0xff,0xff,
  0xbb,0xd6,0xa4,0x10,0x83,0x08,0xa3,0x08,0x83,0x08,0x62,0x08,0x58,0x03,0x5f,0x04,
  0xff,0x03,0xdf,0x03,0xff,0x03,0xdf,0x03,0xde,0x03,0xdf,0x03,0x1f,0x04,0x3f,0x04,
  0x3f,0x04,0x3f,0x04,0x1f,0x04,0x1f,0x04,0x1f,0x04,0x5f,0x04,0x58,0x0b,0x83,0x08,
  0x83,0x08,0x83,0x08,0x83,0x08,0x83,0x08,0x83,0x08,0x83,0x08,0x83,0x08,0x83,0x08,
  0x83,0x08,0x83,0x08,0x83,0x08,0x83,0x08,0x83,0x08,0x83,0x08,0x83,0x08,0x83,0x08,
  0xa4,0x08,0xdb,0x03,0x7f,0x04,0x1f,0x04,0xdf,0x03,0xdf,0x03,0xfe,0x03,0xff,0x03,
  0xff,0x03,0x1f,0x04,0x3f,0x04,0x3f,0x04,0x1f,0x04,0x1f,0x04,0x1f,0x04,0x1f,0x04,
  0x5f,0x04,0x37,0x03,0x62,0x08,0xa3,0x08,0xa3,0x08,0x83,0x08,0x05,0x19,0x3d,0xe7,
  0xff,0xff,0xff,0xff,0xd0,0x73,0x01,0x00,0xa4,0x10,0x62,0x08,0x17,0x0b,0x5f,0x04,
  0x1f,0x04,0x9b,0x03,0xa5,0x08,0x83,0x08,0xa3,0x08,0x83,0x08,0x00,0x00,0x00,0x00,
  0x00,0x00,0x00,0x00,0x83,0x08,0x83,0x08,0x83,0x08,0xc5,0x08,0xfc,0x03,0x3f,0x04,
  0x5f,0x04,0xb4,0x0a,0x62,0x08,0xc4,0x10,0x01,0x00,0x72,0x8c,0xff,0xff,0xff,0xff,
  0xbb,0xd6,0xa4,0x10,0x83,0x08,0xa3,0x08,0x83,0x08,0x62,0x08,0x58,0x03,0x5f,0x04,
  0x1e,0x04,0x3f,0x04,0x5f,0x04,0x5f,0x04,0x3f,0x04,0x3f,0x04,0x3f,0x04,0x3f,0x04,
  0x3f,0x04,0x1f,0x04,0x1f,0x04,0x1f,0x04,0x1f,0x04,0x3f,0x04,0x38,0x03,0x83,0x08,
  0xa3,0x08,0x83,0x08,0x83,0x08,0x83,0x08,0xa3,0x08,0x84,0x08,0x83,0x08,0xa4,0x08,
  0xa4,0x08,0x83,0x08,0x83,0x08,0xa3,0x08,0xa4,0x08,0x83,0x08,0x83,0x08,0x83,0x08,
  0xa4,0x08,0xba,0x03,0x5f,0x04,0x3f,0x04,0x3f,0x04,0x3f,0x04,0x3f,0x04,0x3f,0x04,
  0x3f,0x04,0x3f,0x04,0x3f,0x04,0x3f,0x04,0x3f,0x04,0x1f,0x04,0x3f,0x04,0x1e,0x04,
  0x5f,0x04,0x37,0x03,0x62,0x08,0x83,0x08,0xa3,0x08,0x83,0x08,0x05,0x19,0x3c,0xe7,
  0xff,0xff,0xff,0xff,0xf0,0x7b,0x01,0x00,0xa4,0x10,0x62,0x08,0x16,0x0b,0x5f,0x04,
  0x1f,0x04,0x9c,0x03,0xa5,0x08,0x83,0x08,0xa3,0x08,0x83,0x08,0x00,0x00,0x00,0x00,
  0x00,0x00,0x00,0x00,0x83,0x08,0xa3,0x08,0x83,0x08,0xc5,0x08,0xfc,0x03,0x5f,0x04,
  0x5f,0x04,0xd5,0x0a,0x62,0x08,0xc4,0x10,0x00,0x00,0x72,0x8c,0xff,0xff,0xff,0xff,
  0xdb,0xde,0xc4,0x10,0x83,0x08,0x83,0x08,0xa3,0x08,0x83,0x08,0x9a,0x03,0x9f,0x04,
  0x3f,0x04,0x3f,0x04,0x3f,0x04,0x3f,0x04,0x3f,0x04,0x3f,0x04,0x3f,0x04,0x3f,0x04,
  0x3f,0x04,0x3f,0x04,0x1f,0x04,0x1f,0x04,0x3f,0x04,0x9f,0x04,0x58,0x03,0x62,0x08,
  0x83,0x08,0x83,0x08,0x62,0x08,0x41,0x08,0x41,0x08,0x42,0x08,0x41,0x08,0x41,0x08,
  0x41,0x08,0x41,0x08,0x41,0x08,0x41,0x08,0x41,0x08,0x83,0x08,0x83,0x08,0x83,0x08,
  0x83,0x08,0xdc,0x03,0xbf,0x04,0x3f,0x04,0x3f,0x04,0x3f,0x04,0x3f,0x04,0x1f,0x04,
  0x3f,0x04,0x3f,0x04,0x3f,0x04,0x3f,0x04,0x3f,0x04,0x3f,0x04,0x3f,0x04,0x3f,0x04,
  0x9f,0x04,0x79,0x03,0x62,0x08,0x83,0x08,0xa3,0x08,0x83,0x08,0x05,0x19,0x3c,0xe7,
  0xff,0xff,0xff,0xff,0xf0,0x7b,0x22,0x00,0xc4,0x10,0x41,0x08,0xf6,0x02,0x5f,0x04,
  0x3f,0x04,0xbc,0x03,0xa5,0x08,0x83,0x08,0xa3,0x08,0x83,0x08,0x00,0x00,0x00,0x00,
  0x00,0x00,0x00,0x00,0x83,0x08,0xa4,0x08,0x82,0x08,0xa4,0x08,0xfc,0x03,0x5f,0x04,
  0x5f,0x04,0xb4,0x02,0x61,0x08,0xa4,0x10,0x01,0x00,0x72,0x8c,0xff,0xff,0xff,0xff,
  0xdb,0xde,0xe5,0x10,0x83,0x08,0x83,0x08,0x83,0x08,0x83,0x08,0xcd,0x09,0x2f,0x02,
  0x9a,0x03,0x5f,0x04,0x1f,0x04,0x3f,0x04,0x3f,0x04,0x3f,0x04,0x3f,0x04,0x1f,0x04,
  0x3f,0x04,0x3f,0x04,0x1f,0x04,0x3f,0x04,0x59,0x03,0x71,0x0a,0xed,0x01,0x62,0x08,
  0x83,0x08,0x83,0x08,0x07,0x09,0x2f,0x02,0x0e,0x0a,0x2f,0x0a,0x2f,0x02,0x2e,0x02,
  0x0e,0x02,0x2f,0x02,0x2f,0x02,0x0e,0x02,0xee,0x01,0xe6,0x08,0x83,0x08,0x83,0x08,
  0x62,0x08,0xed,0x09,0x71,0x02,0xbb,0x03,0x5f,0x04,0x1f,0x04,0x3f,0x04,0x1f,0x04,
  0x3f,0x04,0x3f,0x04,0x3f,0x04,0x3f,0x04,0x3f,0x04,0x1f,0x04,0x3f,0x04,0x79,0x03,
  0x30,0x02,0xcd,0x01,0x62,0x08,0x83,0x08,0x83,0x08,0x83,0x08,0x26,0x19,0x5d,0xef,
  0xff,0xff,0xff,0xff,0xd0,0x73,0x22,0x00,0xc4,0x10,0x41,0x08,0xd5,0x02,0x5f,0x04,
  0x1f,0x04,0xbc,0x03,0xa5,0x08,0x62,0x08,0x83,0x08,0x83,0x08,0x00,0x00,0x07,0x00,
  0x07,0x00,0x00,0x00,0x84,0x08,0xa4,0x08,0x83,0x08,0x84,0x08,0xdb,0x03,0x7f,0x04,
  0x7f,0x04,0xb3,0x02,0x21,0x08,0xa4,0x10,0x22,0x00,0x92,0x8c,0xff,0xff,0xff,0xff,
  0xdb,0xde,0xc4,0x10,0x63,0x08,0x83,0x08,0x83,0x08,0x83,0x08,0x62,0x08,0x20,0x08,
  0x16,0x03,0x7f,0x04,0x1f,0x04,0x3f,0x04,0x3f,0x04,0x3f,0x04,0x3f,0x04,0x1f,0x04,
  0x3f,0x04,0x3f,0x04,0x1f,0x04,0x5f,0x04,0xb4,0x02,0x20,0x08,0x62,0x08,0x83,0x08,
  0x83,0x08,0x62,0x08,0xac,0x01,0xbf,0x04,0x5f,0x04,0x7f,0x04,0x7f,0x04,0x7f,0x04,
  0x7f,0x04,0x7f,0x04,0x9f,0x04,0x7f,0x04,0x7f,0x04,0x49,0x09,0x62,0x08,0x83,0x08,
  0x83,0x08,0x42,0x08,0x20,0x08,0x58,0x03,0x7f,0x04,0x1f,0x04,0x1f,0x04,0x1f,0x04,
  0x3f,0x04,0x3f,0x04,0x3f,0x04,0x3f,0x04,0x3f,0x04,0x1f,0x04,0x7f,0x04,0xb3,0x0a,
  0x20,0x10,0x62,0x08,0x83,0x08,0x83,0x08,0x83,0x08,0x62,0x00,0x05,0x19,0x5d,0xef,
  0xff,0xff,0xff,0xff,0xaf,0x73,0x01,0x00,0xc4,0x10,0x42,0x08,0xf6,0x02,0x5f,0x04,
  0x1f,0x04,0xbc,0x03,0xa4,0x08,0x83,0x08,0xa4,0x08,0x83,0x08,0x00,0x00,0x07,0x00,
  0x00,0x00,0x00,0x00,0x83,0x08,0xa4,0x08,0x83,0x08,0xa4,0x08,0xdb,0x03,0x7f,0x04,
  0xbf,0x04,0xd4,0x0a,0x21,0x08,0xc4,0x10,0x22,0x00,0x92,0x8c,0xff,0xff,0xff,0xff,
  0xdb,0xde,0xc4,0x10,0xa3,0x10,0xc4,0x10,0x83,0x08,0x83,0x08,0xa4,0x08,0x83,0x08,
  0xd5,0x02,0x3e,0x04,0x3e,0x04,0x1f,0x04,0x1f,0x04,0x1f,0x04,0x1f,0x04,0x3f,0x04,
  0x3f,0x04,0x1f,0x04,0x1e,0x04,0x1e,0x04,0xb5,0x02,0x83,0x08,0xa4,0x08,0x83,0x08,
  0x83,0x08,0x62,0x08,0x6a,0x01,0x7f,0x04,0x5f,0x04,0x3f,0x04,0x3e,0x04,0x3f,0x04,
  0x3f,0x04,0x3f,0x04,0x5e,0x04,0x5f,0x04,0x5f,0x04,0x49,0x09,0x62,0x08,0x83,0x08,
  0x83,0x08,0xa4,0x08,0x83,0x08,0x16,0x03,0x3e,0x04,0x1e,0x04,0x3f,0x04,0x1f,0x04,
  0x1f,0x04,0x1f,0x04,0x1f,0x04,0x1f,0x04,0x3f,0x04,0x1e,0x04,0x3e,0x04,0xd4,0x0a,
  0x83,0x10,0xa4,0x08,0x83,0x08,0xa3,0x08,0xa4,0x10,0x83,0x08,0x05,0x19,0x3c,0xe7,
  0xff,0xff,0xff,0xff,0xcf,0x73,0x01,0x00,0xa4,0x10,0x62,0x08,0x37,0x0b,0x7f,0x04,
  0x3f,0x04,0xbb,0x03,0xa4,0x08,0x83,0x08,0xa4,0x08,0x83,0x08,0x00,0x00,0x07,0x00,
  0x00,0x00,0x00,0x00,0x83,0x08,0x83,0x08,0x83,0x08,0x83,0x08,0x27,0x01,0x69,0x09,
  0xaa,0x09,0x27,0x09,0x83,0x08,0xa4,0x10,0x01,0x00,0x72,0x8c,0xff,0xff,0xdf,0xff,
  0xbe,0xf7,0xba,0xd6,0xfc,0xde,0xd4,0x9c,0x63,0x00,0xc4,0x10,0xa3,0x08,0x83,0x08,
  0xa5,0x08,0xe6,0x08,0x58,0x03,0x7f,0x04,0x1f,0x04,0x3f,0x04,0x3f,0x04,0x3f,0x04,
  0x3f,0x04,0x9f,0x04,0x58,0x03,0xc5,0x08,0xe6,0x08,0x83,0x08,0x83,0x08,0x83,0x08,
  0x83,0x08,0x83,0x08,0xa4,0x08,0x28,0x09,0x0e,0x0a,0x5f,0x04,0x3e,0x04,0x3f,0x04,
  0x3f,0x04,0x5f,0x04,0x5f,0x04,0xcc,0x01,0x48,0x09,0xc5,0x08,0x83,0x08,0x83,0x08,
  0x83,0x08,0x83,0x08,0x83,0x08,0xc5,0x08,0xe6,0x08,0xba,0x03,0x7f,0x04,0x3f,0x04,
  0x3f,0x04,0x3f,0x04,0x3f,0x04,0x3f,0x04,0x7f,0x04,0x16,0x0b,0xc5,0x08,0xc5,0x08,
  0x83,0x08,0xa3,0x08,0xa4,0x10,0xa4,0x08,0x97,0xb5,0xfc,0xde,0xbb,0xd6,0xbe,0xf7,
  0xdf,0xff,0xff,0xff,0xd0,0x7b,0x01,0x00,0xa3,0x10,0x83,0x08,0x28,0x09,0x69,0x09,
  0x48,0x01,0x28,0x01,0x84,0x08,0x83,0x08,0x83,0x08,0x83,0x08,0x00,0x00,0x00,0x00,
  0x00,0x00,0x00,0x00,0x00,0x00,0x00,0x00,0x00,0x00,0x00,0x00,0x42,0x08,0x62,0x08,
  0x62,0x08,0x83,0x08,0x83,0x08,0xa3,0x10,0x01,0x00,0x72,0x8c,0xff,0xff,0xdf,0xff,
  0xff,0xff,0xff,0xff,0xff,0xff,0x96,0xb5,0x01,0x00,0x83,0x08,0x63,0x08,0x83,0x08,
  0x83,0x08,0x62,0x08,0xf5,0x02,0x1d,0x04,0xdb,0x03,0xdc,0x03,0xfc,0x03,0xdc,0x03,
  0xdb,0x03,0x3d,0x04,0xf5,0x02,0x62,0x10,0x83,0x08,0x83,0x08,0x83,0x08,0x83,0x08,
  0x83,0x08,0x83,0x08,0x83,0x08,0x20,0x08,0x29,0x09,0x3f,0x04,0x3f,0x04,0x3f,0x04,
  0x3f,0x04,0x3f,0x04,0x5f,0x04,0x08,0x09,0x41,0x08,0x83,0x08,0x83,0x08,0x83,0x08,
  0x83,0x08,0x83,0x08,0x83,0x08,0x83,0x08,0x62,0x08,0x16,0x03,0x1c,0x04,0xfc,0x03,
  0xfc,0x03,0xfc,0x03,0xfc,0x03,0xfb,0x03,0x3d,0x04,0x93,0x0a,0x42,0x08,0x83,0x08,
  0x83,0x08,0x83,0x08,0x63,0x00,0x22,0x00,0x79,0xce,0xff,0xff,0xff,0xff,0xff,0xff,
  0xdf,0xff,0xff,0xff,0xcf,0x73,0x01,0x00,0xa3,0x10,0x83,0x08,0x83,0x08,0x62,0x08,
  0x62,0x08,0x62,0x08,0x8c,0x01,0x00,0x00,0x00,0x00,0x00,0x00,0x00,0x00,0x00,0x00,
  0x00,0x00,0x00,0x00,0x00,0x00,0x00,0x00,0x00,0x00,0x06,0x00,0x84,0x08,0xa4,0x08,
  0xa4,0x08,0x83,0x08,0x83,0x08,0xa3,0x10,0x01,0x00,0x72,0x8c,0xff,0xff,0xdf,0xff,
  0xdf,0xff,0xbf,0xf7,0xff,0xff,0xb7,0xb5,0x25,0x21,0xc8,0x31,0x05,0x19,0x83,0x08,
  0xa4,0x08,0xa4,0x08,0xc5,0x08,0xc5,0x08,0xa4,0x08,0xc5,0x08,0xe5,0x08,0xc5,0x08,
  0xc4,0x08,0xc4,0x08,0xa4,0x08,0xa4,0x08,0x83,0x08,0x83,0x08,0x83,0x08,0x83,0x08,
  0x83,0x08,0x83,0x08,0x83,0x08,0x62,0x08,0x49,0x09,0x3f,0x04,0x5f,0x04,0x3f,0x04,
  0x1f,0x04,0x1e,0x04,0x5f,0x04,0x49,0x09,0x62,0x08,0x83,0x08,0x83,0x08,0x83,0x08,
  0x83,0x08,0x83,0x08,0x83,0x08,0x83,0x08,0xa3,0x08,0xa4,0x08,0xc4,0x08,0xc4,0x08,
  0xc5,0x08,0xc4,0x08,0xc4,0x08,0xc4,0x08,0xc5,0x08,0xc5,0x08,0xa3,0x08,0x83,0x08,
  0x83,0x08,0x26,0x21,0xa7,0x29,0x46,0x21,0x79,0xce,0xff,0xff,0xbf,0xff,0xdf,0xff,
  0xdf,0xff,0xff,0xff,0xf0,0x7b,0x01,0x00,0xa4,0x10,0x83,0x08,0xa3,0x08,0xa3,0x08,
  0xa4,0x08,0x83,0x08,0x45,0x01,0x00,0x00,0x00,0x00,0x00,0x00,0x00,0x00,0x00,0x00,
  0x00,0x00,0x00,0x00,0x00,0x00,0x00,0x00,0x00,0x00,0x0a,0x00,0x83,0x08,0x83,0x08,
  0x83,0x08,0x83,0x08,0x83,0x08,0xa3,0x10,0x01,0x00,0x72,0x8c,0xff,0xff,0xbe,0xf7,
  0xdf,0xff,0xff,0xff,0xff,0xff,0xdf,0xff,0x7e,0xef,0xdf,0xff,0xd0,0x73,0x42,0x00,
  0xc4,0x10,0xa3,0x08,0x83,0x08,0x83,0x08,0x83,0x08,0x83,0x08,0x83,0x08,0x83,0x08,
  0x83,0x08,0x83,0x08,0x83,0x08,0x83,0x08,0x83,0x08,0x83,0x08,0x83,0x08,0x83,0x08,
  0x83,0x08,0x83,0x08,0x83,0x08,0x83,0x08,0xa4,0x08,0x07,0x09,0x72,0x02,0x3f,0x04,
  0x1f,0x04,0x0e,0x02,0x27,0x09,0xc5,0x08,0x83,0x08,0x83,0x08,0x83,0x08,0x83,0x08,
  0x83,0x08,0x83,0x08,0x83,0x08,0x83,0x08,0x83,0x08,0x83,0x08,0x83,0x08,0x83,0x08,
  0x63,0x08,0x83,0x08,0x83,0x08,0x83,0x08,0x83,0x08,0x83,0x08,0xa3,0x08,0xc4,0x10,
  0x42,0x00,0x72,0x8c,0xdf,0xff,0x7e,0xef,0xdf,0xff,0xff,0xff,0xff,0xff,0xdf,0xff,
  0xbe,0xf7,0xff,0xff,0xf0,0x7b,0x22,0x00,0xa4,0x10,0x83,0x08,0x83,0x08,0x83,0x08,
  0x83,0x08,0x83,0x08,0x07,0x00,0x00,0x00,0x00,0x00,0x00,0x00,0x00,0x00,0x00,0x00,
  0x00,0x00,0x00,0x00,0x00,0x00,0x00,0x00,0x00,0x00,0x00,0x00,0x84,0x10,0xa4,0x08,
  0xc4,0x08,0xa4,0x08,0xa4,0x08,0xa4,0x10,0x01,0x00,0x92,0x8c,0xff,0xff,0xff,0xff,
  0xff,0xff,0xff,0xff,0xff,0xff,0xff,0xff,0xdf,0xff,0xff,0xff,0x8e,0x6b,0x00,0x00,
  0x63,0x00,0x63,0x08,0x83,0x08,0x83,0x08,0x83,0x08,0x83,0x08,0x83,0x08,0x83,0x08,
  0x83,0x08,0x83,0x08,0x83,0x08,0x83,0x08,0x83,0x08,0x83,0x08,0x83,0x08,0x83,0x08,
  0x83,0x08,0x83,0x08,0x83,0x08,0x83,0x08,0x83,0x08,0x41,0x08,0xad,0x01,0x3f,0x04,
  0x1f,0x04,0x6a,0x09,0x41,0x08,0x83,0x08,0x83,0x08,0x83,0x08,0x83,0x08,0x83,0x08,
  0x83,0x08,0x83,0x08,0x83,0x08,0x83,0x08,0x83,0x08,0x83,0x08,0x83,0x08,0x83,0x08,
  0x83,0x08,0x83,0x08,0x83,0x08,0x83,0x08,0x83,0x08,0x83,0x08,0x63,0x08,0x63,0x00,
  0x00,0x00,0x10,0x7c,0xff,0xff,0xdf,0xff,0xdf,0xff,0xff,0xff,0xff,0xff,0xff,0xff,
  0xff,0xff,0xff,0xff,0x11,0x7c,0x22,0x00,0xa4,0x10,0x83,0x08,0x83,0x08,0xa3,0x08,
  0x84,0x08,0x63,0x08,0x00,0x00,0x00,0x00,0x00,0x00,0x00,0x00,0x00,0x00,0x00,0x00,
  0x00,0x00,0x00,0x00,0x00,0x00,0x00,0x00,0x00,0x00,0x00,0x00,0x00,0x00,0x00,0x00,
  0x00,0x00,0x84,0x08,0xa3,0x08,0xa4,0x10,0x22,0x00,0xaf,0x73,0xdb,0xde,0x7a,0xce,
  0x9a,0xd6,0xdf,0xff,0xff,0xff,0xdf,0xff,0xdf,0xff,0xff,0xff,0xb3,0x94,0x29,0x42,
  0xac,0x52,0x46,0x21,0x63,0x08,0x83,0x08,0x83,0x08,0x83,0x08,0x83,0x08,0x83,0x08,
  0x83,0x08,0x83,0x08,0x83,0x08,0x83,0x08,0x83,0x08,0x83,0x08,0x83,0x08,0x83,0x08,
  0x83,0x08,0x83,0x08,0x83,0x08,0x83,0x08,0xa4,0x08,0x62,0x08,0xad,0x01,0x1f,0x04,
  0x1f,0x04,0x8b,0x01,0x62,0x08,0xa4,0x08,0x83,0x08,0x83,0x08,0x83,0x08,0x83,0x08,
  0x83,0x08,0x83,0x08,0x83,0x08,0x83,0x08,0x83,0x08,0x83,0x08,0x83,0x08,0x83,0x08,
  0x83,0x08,0x83,0x08,0x83,0x08,0x83,0x08,0x83,0x08,0x63,0x08,0x66,0x21,0xab,0x52,
  0x29,0x42,0x35,0xa5,0xff,0xff,0xdf,0xff,0xdf,0xff,0xff,0xff,0xdf,0xff,0xdb,0xd6,
  0x9a,0xd6,0xdb,0xde,0x4e,0x63,0x22,0x00,0xa4,0x10,0xa3,0x08,0x83,0x08,0x00,0x00,
  0x00,0x00,0x00,0x00,0x00,0x00,0x00,0x00,0x00,0x00,0x00,0x00,0x00,0x00,0x00,0x00,
  0x00,0x00,0x00,0x00,0x00,0x00,0x00,0x00,0x00,0x00,0x00,0x00,0x00,0x00,0x00,0x00,
  0x00,0x00,0x83,0x08,0x83,0x08,0x83,0x08,0x83,0x08,0x83,0x08,0xc4,0x10,0x63,0x08,
  0x25,0x21,0x7d,0xef,0xff,0xff,0xdf,0xff,0xff,0xff,0xff,0xff,0xff,0xff,0xff,0xff,
  0xff,0xff,0x6e,0x6b,0x22,0x00,0xc4,0x10,0xa3,0x08,0xa3,0x08,0xa3,0x08,0xa3,0x08,
  0xa3,0x08,0xa3,0x08,0xa3,0x08,0xa3,0x08,0x83,0x08,0xa3,0x08,0xa3,0x08,0xa3,0x08,
  0xa3,0x08,0xa3,0x08,0xa3,0x08,0xa3,0x08,0xa3,0x08,0x83,0x08,0xa4,0x08,0x28,0x09,
  0x28,0x09,0xa4,0x08,0x83,0x08,0xa3,0x08,0xa4,0x08,0xa3,0x08,0xa3,0x08,0xa3,0x08,
  0xa3,0x08,0xa3,0x08,0xa3,0x08,0xa3,0x08,0xa3,0x08,0xa3,0x08,0xa3,0x08,0xa3,0x08,
  0xa3,0x08,0xa3,0x08,0xa3,0x08,0xa3,0x08,0xc4,0x10,0x22,0x00,0xcf,0x73,0xff,0xff,
  0xff,0xff,0xff,0xff,0xff,0xff,0xff,0xff,0xdf,0xff,0xff,0xff,0x3d,0xe7,0x05,0x19,
  0x83,0x08,0xc4,0x10,0x83,0x08,0x83,0x08,0x83,0x08,0x83,0x08,0x83,0x08,0x00,0x00,
  0x00,0x00,0x00,0x00,0x00,0x00,0x00,0x00,0x00,0x00,0x00,0x00,0x00,0x00,0x00,0x00,
  0x00,0x00,0x00,0x00,0x00,0x00,0x00,0x00,0x00,0x00,0x00,0x00,0x00,0x00,0x00,0x00,
  0x00,0x00,0x83,0x08,0xa4,0x08,0x83,0x08,0x83,0x08,0xa3,0x08,0xa4,0x10,0x63,0x08,
  0x25,0x21,0x5d,0xef,0xdf,0xff,0xdf,0xff,0xff,0xff,0xff,0xff,0xdf,0xff,0xbe,0xf7,
  0xff,0xff,0xec,0x5a,0x00,0x00,0x83,0x08,0x42,0x00,0x42,0x00,0x42,0x00,0x42,0x00,
  0x42,0x00,0x42,0x00,0x42,0x00,0x42,0x00,0x42,0x00,0x42,0x00,0x42,0x00,0x42,0x00,
  0x42,0x00,0x42,0x00,0x42,0x00,0x42,0x00,0x63,0x08,0x83,0x08,0x83,0x08,0x83,0x08,
  0x62,0x08,0x83,0x08,0x83,0x08,0x63,0x08,0x42,0x00,0x42,0x00,0x42,0x00,0x42,0x00,
  0x42,0x00,0x42,0x00,0x42,0x00,0x42,0x00,0x42,0x00,0x42,0x00,0x42,0x00,0x42,0x00,
  0x42,0x00,0x42,0x00,0x42,0x00,0x62,0x00,0x83,0x08,0x00,0x00,0x6e,0x6b,0xff,0xff,
  0xbe,0xf7,0xdf,0xff,0xff,0xff,0xff,0xff,0xdf,0xff,0xdf,0xff,0x3c,0xe7,0x05,0x19,
  0x63,0x08,0xa4,0x10,0xa3,0x08,0xa3,0x08,0x83,0x08,0xa4,0x08,0x83,0x08,0x00,0x00,
  0x00,0x00,0x00,0x00,0x00,0x00,0x00,0x00,0x00,0x00,0x00,0x00,0x00,0x00,0x00,0x00,
  0x00,0x00,0x00,0x00,0x00,0x00,0x00,0x00,0x00,0x00,0x00,0x00,0x00,0x00,0x00,0x00,
  0x00,0x00,0x63,0x08,0xa4,0x08,0x83,0x08,0x83,0x08,0xa4,0x10,0xa4,0x10,0x62,0x00,
  0x45,0x21,0xbe,0xff,0xff,0xff,0xff,0xff,0xff,0xff,0xdf,0xff,0xdf,0xff,0xdf,0xff,
  0xff,0xff,0xf0,0x7b,0x46,0x29,0x09,0x3a,0xc8,0x31,0xc8,0x31,0xc8,0x31,0xc8,0x31,
  0xc8,0x31,0xc8,0x31,0xc8,0x31,0xc8,0x31,0xc8,0x31,0xa8,0x31,0xc8,0x31,0xc8,0x31,
  0xa7,0x31,0xa7,0x31,0xa7,0x31,0xc8,0x31,0xe5,0x18,0x63,0x08,0xa3,0x08,0xa3,0x08,
  0x83,0x08,0xa3,0x08,0x63,0x08,0xe4,0x18,0xa7,0x31,0xa8,0x31,0xa7,0x31,0xa7,0x31,
  0xa8,0x31,0xc8,0x31,0xc8,0x31,0xc8,0x31,0xc8,0x31,0xc8,0x31,0xc8,0x31,0xa8,0x31,
  0xc8,0x31,0xc8,0x31,0xa7,0x31,0xc8,0x31,0xe9,0x39,0x46,0x29,0x51,0x84,0xff,0xff,
  0xdf,0xff,0xdf,0xff,0xff,0xff,0xff,0xff,0xff,0xff,0xff,0xff,0x9e,0xf7,0x26,0x21,
  0x83,0x08,0xa3,0x10,0xa3,0x10,0xa3,0x08,0xa4,0x08,0x83,0x08,0x63,0x08,0x00,0x00,
  0x00,0x00,0x00,0x00,0x00,0x00,0x00,0x00,0x00,0x00,0x00,0x00,0x00,0x00,0x00,0x00,
  0x00,0x00,0x00,0x00,0x00,0x00,0x00,0x00,0x00,0x00,0x00,0x00,0x00,0x00,0x00,0x00,
  0x00,0x00,0x00,0x00,0x00,0x00,0x00,0x00,0x00,0x00,0xa3,0x08,0x83,0x08,0x83,0x08,
  0xc4,0x10,0xcc,0x52,0xab,0x52,0x8b,0x52,0xfb,0xde,0xff,0xff,0xdf,0xff,0xff,0xff,
  0xff,0xff,0xdf,0xff,0xdf,0xff,0xdf,0xff,0xbf,0xff,0xdf,0xff,0xdf,0xff,0xdf,0xff,
  0xdf,0xff,0xbf,0xff,0xdf,0xff,0xdf,0xff,0xdf,0xff,0xdf,0xff,0xdf,0xff,0xbf,0xff,
  0xbf,0xf7,0xdf,0xff,0xbe,0xf7,0xff,0xff,0x6e,0x6b,0x01,0x00,0xa4,0x10,0x83,0x08,
  0x83,0x08,0xa3,0x10,0x01,0x00,0xaf,0x73,0xff,0xff,0x9e,0xf7,0xbe,0xf7,0xbe,0xf7,
  0xbf,0xff,0xdf,0xff,0xdf,0xff,0xbf,0xff,0xdf,0xff,0xdf,0xff,0xdf,0xff,0xdf,0xf7,
  0xdf,0xff,0xbf,0xff,0xbe,0xf7,0xbe,0xf7,0xbf,0xf7,0xdf,0xf7,0xdf,0xff,0xff,0xff,
  0xff,0xff,0xdf,0xff,0xff,0xff,0xdb,0xde,0xab,0x52,0xcc,0x52,0xab,0x52,0xc4,0x10,
  0x83,0x08,0x83,0x08,0x83,0x10,0x00,0x00,0x00,0x00,0x00,0x00,0x00,0x00,0x00,0x00,
  0x00,0x00,0x00,0x00,0x00,0x00,0x00,0x00,0x00,0x00,0x00,0x00,0x00,0x00,0x00,0x00,
  0x00,0x00,0x00,0x00,0x00,0x00,0x00,0x00,0x00,0x00,0x00,0x00,0x00,0x00,0x00,0x00,
  0x00,0x00,0x00,0x00,0x00,0x00,0x00,0x00,0x00,0x00,0xa4,0x10,0x83,0x08,0x83,0x08,
  0x83,0x08,0x42,0x00,0x22,0x00,0x01,0x00,0x59,0xce,0xff,0xff,0xbf,0xf7,0xdf,0xff,
  0xff,0xff,0xff,0xff,0xff,0xff,0xdf,0xff,0xdf,0xff,0xff,0xff,0xff,0xff,0xff,0xff,
  0xff,0xff,0xff,0xff,0xff,0xff,0xff,0xff,0xff,0xff,0xff,0xff,0xff,0xff,0xff,0xff,
  0xff,0xff,0xff,0xff,0xdf,0xff,0xff,0xff,0x8e,0x6b,0x00,0x00,0x83,0x08,0xa4,0x08,
  0xa4,0x10,0xa4,0x10,0x01,0x00,0xf0,0x7b,0xff,0xff,0xdf,0xff,0xff,0xff,0xff,0xff,
  0xff,0xff,0xff,0xff,0xff,0xff,0xff,0xff,0xff,0xff,0xff,0xff,0xff,0xff,0xff,0xff,
  0xff,0xff,0xff,0xff,0xff,0xff,0xff,0xff,0xdf,0xff,0xff,0xff,0xff,0xff,0xff,0xff,
  0xdf,0xff,0xbe,0xf7,0xff,0xff,0x38,0xc6,0x01,0x00,0x42,0x00,0x42,0x00,0x83,0x08,
  0x83,0x08,0x83,0x08,0x83,0x08,0x00,0x00,0x00,0x00,0x00,0x00,0x00,0x00,0x00,0x00,
  0x00,0x00,0x00,0x00,0x00,0x00,0x00,0x00,0x00,0x00,0x00,0x00,0x00,0x00,0x00,0x00,
  0x00,0x00,0x00,0x00,0x00,0x00,0x00,0x00,0x00,0x00,0x00,0x00,0x00,0x00,0x00,0x00,
  0x00,0x00,0x00,0x00,0x00,0x00,0x00,0x00,0x00,0x00,0xa4,0x08,0xa4,0x08,0xa3,0x08,
  0xa3,0x08,0xa4,0x10,0xa4,0x10,0xa3,0x10,0xfb,0xde,0xff,0xff,0xff,0xff,0xff,0xff,
  0xff,0xff,0xff,0xff,0xdf,0xff,0xdf,0xff,0xdf,0xff,0xff,0xff,0xff,0xff,0xff,0xff,
  0xdf,0xff,0xff,0xff,0xdf,0xff,0xff,0xff,0xdf,0xff,0xdf,0xff,0xdf,0xff,0xff,0xff,
  0xff,0xff,0xff,0xff,0xdf,0xff,0xff,0xff,0x1c,0xe7,0x7a,0xce,0x9a,0xd6,0xba,0xd6,
  0xbb,0xd6,0xba,0xd6,0x9a,0xd6,0x5d,0xef,0xff,0xff,0xdf,0xff,0xdf,0xff,0xdf,0xff,
  0xdf,0xff,0xff,0xff,0xff,0xff,0xff,0xff,0xdf,0xff,0xdf,0xff,0xdf,0xff,0xff,0xff,
  0xff,0xff,0xff,0xff,0xff,0xff,0xdf,0xff,0xdf,0xff,0xdf,0xff,0xff,0xff,0xdf,0xff,
  0xff,0xff,0xff,0xff,0xff,0xff,0xba,0xd6,0x83,0x08,0xc4,0x10,0xa4,0x10,0xa3,0x08,
  0xa3,0x08,0xa4,0x08,0x83,0x10,0x00,0x00,0x00,0x00,0x00,0x00,0x00,0x00,0x00,0x00,
  0x00,0x00,0x00,0x00,0x00,0x00,0x00,0x00,0x00,0x00,0x00,0x00,0x00,0x00,0x00,0x00,
  0x00,0x00,0x00,0x00,0x00,0x00,0x00,0x00,0x00,0x00,0x00,0x00,0x00,0x00,0x00,0x00,
  0x00,0x00,0x00,0x00,0x00,0x00,0x00,0x00,0x00,0x00,0xa3,0x08,0xa3,0x08,0xa3,0x08,
  0xa4,0x08,0xa3,0x08,0x83,0x08,0xa3,0x08,0xf0,0x7b,0xb3,0x94,0x31,0x84,0x9a,0xd6,
  0xff,0xff,0xdf,0xff,0xdf,0xff,0xff,0xff,0xff,0xff,0xff,0xff,0xdf,0xff,0xff,0xff,
  0xff,0xff,0xff,0xff,0xff,0xff,0xdf,0xff,0xdf,0xff,0xdf,0xff,0xff,0xff,0xff,0xff,
  0xff,0xff,0xff,0xff,0xff,0xff,0xdf,0xff,0xff,0xff,0xff,0xff,0xff,0xff,0xff,0xff,
  0xff,0xff,0xff,0xff,0xff,0xff,0xff,0xff,0xdf,0xff,0xff,0xff,0xff,0xff,0xdf,0xff,
  0xff,0xff,0xff,0xff,0xff,0xff,0xdf,0xff,0xdf,0xff,0xdf,0xff,0xff,0xff,0xff,0xff,
  0xff,0xff,0xff,0xff,0xff,0xff,0xdf,0xff,0xdf,0xff,0xdf,0xff,0xdf,0xff,0xff,0xff,
  0x59,0xce,0x31,0x84,0x93,0x94,0x8f,0x6b,0x63,0x08,0x83,0x08,0x83,0x08,0xa3,0x10,
  0xa4,0x08,0x83,0x08,0xa3,0x10,0x00,0x00,0x00,0x00,0x00,0x00,0x00,0x00,0x00,0x00,
  0x00,0x00,0x00,0x00,0x00,0x00,0x00,0x00,0x00,0x00,0x00,0x00,0x00,0x00,0x00,0x00,
  0x00,0x00,0x00,0x00,0x00,0x00,0x00,0x00,0x00,0x00,0x00,0x00,0x00,0x00,0x00,0x00,
  0x00,0x00,0x00,0x00,0x00,0x00,0x00,0x00,0x00,0x00,0x00,0x00,0x00,0x00,0x00,0x00,
  0x00,0x00,0x83,0x08,0x83,0x08,0x83,0x08,0x42,0x00,0x42,0x00,0x00,0x00,0xf4,0x9c,
  0xff,0xff,0xbf,0xf7,0xdf,0xff,0xdf,0xff,0xff,0xff,0xdf,0xff,0xdf,0xff,0xdf,0xff,
  0xdf,0xff,0xdf,0xff,0xdf,0xff,0xdf,0xff,0xdf,0xff,0xdf,0xff,0xff,0xff,0xdf,0xff,
  0xdf,0xff,0xdf,0xff,0xdf,0xff,0xdf,0xff,0xff,0xff,0xdf,0xff,0xdf,0xff,0xdf,0xff,
  0xdf,0xff,0xdf,0xff,0xdf,0xff,0xff,0xff,0xff,0xff,0xdf,0xff,0xff,0xff,0xff,0xff,
  0xdf,0xff,0xdf,0xff,0xdf,0xff,0xdf,0xff,0xdf,0xff,0xdf,0xff,0xdf,0xff,0xdf,0xff,
  0xdf,0xff,0xdf,0xff,0xdf,0xff,0xdf,0xff,0xdf,0xff,0xdf,0xff,0xbf,0xf7,0xff,0xff,
  0x51,0x8c,0x00,0x00,0x42,0x00,0x42,0x00,0x83,0x08,0x83,0x08,0x83,0x08,0x00,0x00,
  0x00,0x00,0x00,0x00,0x00,0x00,0x00,0x00,0x00,0x00,0x00,0x00,0x00,0x00,0x00,0x00,
  0x00,0x00,0x00,0x00,0x00,0x00,0x00,0x00,0x00,0x00,0x00,0x00,0x00,0x00,0x00,0x00,
  0x00,0x00,0x00,0x00,0x00,0x00,0x00,0x00,0x00,0x00,0x00,0x00,0x00,0x00,0x00,0x00,
  0x00,0x00,0x00,0x00,0x00,0x00,0x00,0x00,0x00,0x00,0x00,0x00,0x00,0x00,0x00,0x00,
  0xe3,0x18,0xa3,0x08,0xa4,0x08,0xa3,0x08,0xa4,0x10,0xc4,0x10,0x22,0x00,0x76,0xad,
  0xff,0xff,0xff,0xff,0xff,0xff,0xff,0xff,0xff,0xff,0xff,0xff,0xff,0xff,0xff,0xff,
  0xff,0xff,0xff,0xff,0xff,0xff,0xff,0xff,0xff,0xff,0xff,0xff,0xff,0xff,0xff,0xff,
  0xff,0xff,0xdf,0xff,0xdf,0xff,0xff,0xff,0xff,0xff,0xff,0xff,0xff,0xff,0xff,0xff,
  0xdf,0xff,0xff,0xff,0xff,0xff,0xff,0xff,0xff,0xff,0xdf,0xff,0xff,0xff,0xff,0xff,
  0xff,0xff,0xff,0xff,0xff,0xff,0xff,0xff,0xff,0xff,0xff,0xff,0xff,0xff,0xff,0xff,
  0xff,0xff,0xff,0xff,0xff,0xff,0xff,0xff,0xff,0xff,0xff,0xff,0xff,0xff,0xff,0xff,
  0xb3,0x94,0x22,0x00,0xe4,0x10,0xa4,0x10,0xa4,0x08,0xa4,0x10,0x83,0x08,0xe3,0x18,
  0x00,0x00,0x00,0x00,0x00,0x00,0x00,0x00,0x00,0x00,0x00,0x00,0x00,0x00,0x00,0x00,
  0x00,0x00,0x00,0x00,0x00,0x00,0x00,0x00,0x00,0x00,0x00,0x00,0x00,0x00,0x00,0x00,
  0x00,0x00,0x00,0x00,0x00,0x00,0x00,0x00,0x00,0x00,0x00,0x00,0x00,0x00,0x00,0x00,
  0x00,0x00,0x00,0x00,0x00,0x00,0x00,0x00,0x00,0x00,0x00,0x00,0x00,0x00,0x00,0x00,
  0x00,0x00,0xa4,0x08,0xa4,0x10,0xa3,0x08,0xa3,0x08,0xa3,0x08,0x83,0x08,0xe8,0x31,
  0x6a,0x4a,0x6a,0x42,0x6a,0x4a,0x6a,0x4a,0x6a,0x4a,0x6a,0x4a,0x6a,0x4a,0x6a,0x4a,
  0x6a,0x42,0x6a,0x42,0x6b,0x4a,0x8b,0x4a,0xab,0x4a,0x8b,0x4a,0x6a,0x4a,0x09,0x3a,
  0xaf,0x73,0xff,0xff,0xdf,0xff,0xff,0xff,0xff,0xff,0xdf,0xff,0xdf,0xff,0xff,0xff,
  0xff,0xff,0xdf,0xff,0xdf,0xff,0xdf,0xff,0xff,0xff,0xff,0xff,0xdf,0xff,0x8f,0x6b,
  0x29,0x42,0x6a,0x4a,0x6b,0x4a,0xac,0x4a,0xac,0x4a,0x8b,0x4a,0x6a,0x42,0x4a,0x42,
  0x4a,0x42,0x6a,0x4a,0x6b,0x4a,0x6a,0x4a,0x6a,0x4a,0x4a,0x42,0x6a,0x42,0x6a,0x4a,
  0x87,0x29,0x83,0x08,0xa3,0x08,0x83,0x08,0xa4,0x10,0xc4,0x10,0xa3,0x08,0x00,0x00,
  0x00,0x00,0x00,0x00,0x00,0x00,0x00,0x00,0x00,0x00,0x00,0x00,0x00,0x00,0x00,0x00,
  0x00,0x00,0x00,0x00,0x00,0x00,0x00,0x00,0x00,0x00,0x00,0x00,0x00,0x00,0x00,0x00,
  0x00,0x00,0x00,0x00,0x00,0x00,0x00,0x00,0x00,0x00,0x00,0x00,0x00,0x00,0x00,0x00,
  0x00,0x00,0x00,0x00,0x00,0x00,0x00,0x00,0x00,0x00,0x00,0x00,0x00,0x00,0x00,0x00,
  0x00,0x00,0x00,0x00,0x00,0x00,0x00,0x00,0x83,0x08,0x83,0x08,0xa4,0x08,0x63,0x00,
  0x42,0x00,0x42,0x00,0x42,0x00,0x42,0x00,0x42,0x00,0x42,0x00,0x42,0x00,0x01,0x00,
  0x00,0x00,0x00,0x00,0x21,0x00,0x21,0x00,0x01,0x00,0x00,0x00,0x00,0x00,0x00,0x00,
  0x29,0x42,0xff,0xff,0xff,0xff,0xff,0xff,0xff,0xff,0xdf,0xff,0xff,0xff,0xff,0xff,
  0xff,0xff,0xff,0xff,0xdf,0xff,0xdf,0xff,0xff,0xff,0xff,0xff,0xdf,0xff,0x87,0x29,
  0x01,0x00,0x00,0x00,0x00,0x00,0x21,0x00,0x41,0x08,0x01,0x00,0x00,0x00,0x00,0x00,
  0x21,0x00,0x42,0x00,0x42,0x00,0x42,0x00,0x22,0x00,0x42,0x00,0x42,0x00,0x22,0x00,
  0x63,0x08,0xa4,0x08,0x83,0x08,0xa3,0x10,0x00,0x00,0x00,0x00,0x00,0x00,0x00,0x00,
  0x00,0x00,0x00,0x00,0x00,0x00,0x00,0x00,0x00,0x00,0x00,0x00,0x00,0x00,0x00,0x00,
  0x00,0x00,0x00,0x00,0x00,0x00,0x00,0x00,0x00,0x00,0x00,0x00,0x00,0x00,0x00,0x00,
  0x00,0x00,0x00,0x00,0x00,0x00,0x00,0x00,0x00,0x00,0x00,0x00,0x00,0x00,0x00,0x00,
  0x00,0x00,0x00,0x00,0x00,0x00,0x00,0x00,0x00,0x00,0x00,0x00,0x00,0x00,0x00,0x00,
  0x00,0x00,0x00,0x00,0x00,0x00,0x00,0x00,0x83,0x08,0xa3,0x08,0xa3,0x08,0xa4,0x10,
  0xa4,0x10,0xa4,0x10,0xc4,0x10,0xa4,0x10,0xa4,0x10,0xa4,0x10,0x82,0x08,0x27,0x09,
  0xd3,0x02,0xd3,0x0a,0xf5,0x0a,0xf4,0x0a,0xb3,0x0a,0xb3,0x0a,0xab,0x09,0x21,0x00,
  0x8b,0x4a,0xff,0xff,0xbe,0xf7,0xbe,0xf7,0xbe,0xf7,0xbe,0xff,0xdf,0xff,0xdf,0xff,
  0xdf,0xff,0xdf,0xff,0xde,0xff,0xbe,0xf7,0xbe,0xf7,0xdf,0xff,0xbe,0xf7,0xe9,0x31,
  0x21,0x00,0xcb,0x09,0xd4,0x0a,0xd3,0x0a,0xf4,0x0a,0xf4,0x0a,0xb3,0x0a,0xd3,0x0a,
  0x48,0x09,0xa3,0x10,0xc4,0x10,0xa4,0x10,0xa4,0x10,0xa4,0x10,0xa4,0x10,0xa4,0x10,
  0xa4,0x10,0xa3,0x08,0xa3,0x08,0x83,0x08,0x00,0x00,0x00,0x00,0x00,0x00,0x00,0x00,
  0x00,0x00,0x00,0x00,0x00,0x00,0x00,0x00,0x00,0x00,0x00,0x00,0x00,0x00,0x00,0x00,
  0x00,0x00,0x00,0x00,0x00,0x00,0x00,0x00,0x00,0x00,0x00,0x00,0x00,0x00,0x00,0x00,
  0x00,0x00,0x00,0x00,0x00,0x00,0x00,0x00,0x00,0x00,0x00,0x00,0x00,0x00,0x00,0x00,
  0x00,0x00,0x00,0x00,0x00,0x00,0x00,0x00,0x00,0x00,0x00,0x00,0x00,0x00,0x00,0x00,
  0x00,0x00,0x00,0x00,0x00,0x00,0x00,0x00,0x83,0x08,0xa3,0x08,0x83,0x08,0x83,0x08,
  0x83,0x08,0x83,0x08,0xa3,0x08,0xa4,0x08,0xa3,0x08,0x83,0x08,0x42,0x08,0xcc,0x09,
  0x9f,0x04,0x5f,0x04,0x5f,0x04,0x5f,0x04,0x5f,0x04,0x9f,0x04,0x93,0x02,0x41,0x08,
  0x05,0x19,0xa7,0x31,0x87,0x29,0xa7,0x31,0xa7,0x31,0xc8,0x31,0xc7,0x31,0xa7,0x31,
  0x87,0x29,0xa7,0x31,0xc8,0x31,0xa8,0x31,0xa7,0x31,0x86,0x29,0x87,0x29,0xe5,0x10,
  0x42,0x08,0xb4,0x02,0x9f,0x04,0x3f,0x04,0x5f,0x04,0x5f,0x04,0x5f,0x04,0x9f,0x04,
  0xcc,0x09,0x62,0x08,0xa3,0x08,0xa3,0x08,0xa4,0x08,0xa4,0x10,0xa3,0x08,0x83,0x08,
  0x83,0x08,0x83,0x08,0x83,0x08,0x83,0x08,0x00,0x00,0x00,0x00,0x00,0x00,0x00,0x00,
  0x00,0x00,0x00,0x00,0x00,0x00,0x00,0x00,0x00,0x00,0x00,0x00,0x00,0x00,0x00,0x00,
  0x00,0x00,0x00,0x00,0x00,0x00,0x00,0x00,0x00,0x00,0x00,0x00,0x00,0x00,0x00,0x00,
  0x00,0x00,0x00,0x00,0x00,0x00,0x00,0x00,0x00,0x00,0x00,0x00,0x00,0x00,0x00,0x00,
  0x00,0x00,0x00,0x00,0x00,0x00,0x00,0x00,0x00,0x00,0x00,0x00,0x00,0x00,0x00,0x00,
  0x00,0x00,0x00,0x00,0x00,0x00,0x00,0x00,0x00,0x00,0xe3,0x18,0xc3,0x18,0xc6,0x18,
  0xe3,0x18,0x24,0x21,0xe3,0x18,0x4a,0x29,0xc4,0x08,0x83,0x08,0x62,0x08,0xed,0x09,
  0x5f,0x04,0x1e,0x04,0x1e,0x04,0x1e,0x04,0x1e,0x04,0x5f,0x04,0x93,0x0a,0x62,0x10,
  0xa4,0x08,0x42,0x00,0x42,0x00,0x42,0x00,0x63,0x00,0x63,0x08,0x62,0x00,0x42,0x00,
  0x42,0x00,0x62,0x00,0x63,0x00,0x63,0x00,0x42,0x00,0x42,0x00,0x42,0x00,0xa4,0x08,
  0x62,0x08,0xb3,0x0a,0x5f,0x04,0xfe,0x03,0x1e,0x04,0x1e,0x04,0xff,0x03,0x5f,0x04,
  0xcc,0x09,0x42,0x08,0x83,0x08,0x04,0x11,0xe7,0x19,0x65,0x11,0xe7,0x18,0x24,0x21,
  0x45,0x29,0x45,0x01,0x24,0x01,0x00,0x00,0x00,0x00,0x00,0x00,0x00,0x00,0x00,0x00,
  0x00,0x00,0x00,0x00,0x00,0x00,0x00,0x00,0x00,0x00,0x00,0x00,0x00,0x00,0x00,0x00,
  0x00,0x00,0x00,0x00,0x00,0x00,0x00,0x00,0x00,0x00,0x00,0x00,0x00,0x00,0x00,0x00,
  0x00,0x00,0x00,0x00,0x00,0x00,0x00,0x00,0x00,0x00,0x00,0x00,0x00,0x00,0x00,0x00,
  0x00,0x00,0x00,0x00,0x00,0x00,0x00,0x00,0x00,0x00,0x00,0x00,0x00,0x00,0x00,0x00,
  0x00,0x00,0x00,0x00,0x00,0x00,0x00,0x00,0x00,0x00,0x00,0x00,0x00,0x00,0x00,0x00,
  0x00,0x00,0x00,0x00,0x00,0x00,0x00,0x00,0xa3,0x08,0xa4,0x08,0x62,0x08,0xac,0x09,
  0x7f,0x04,0x3e,0x04,0x1f,0x04,0x3f,0x04,0x3f,0x04,0x9f,0x04,0xb3,0x02,0x41,0x08,
  0xa4,0x08,0xa3,0x08,0xa4,0x10,0xc4,0x10,0xc4,0x10,0xa4,0x10,0xa4,0x10,0xa4,0x10,
  0xa4,0x10,0xa4,0x10,0xa4,0x10,0xa4,0x10,0xa4,0x10,0xa4,0x10,0xa3,0x10,0xa4,0x08,
  0x41,0x08,0x93,0x02,0x7f,0x04,0x1e,0x04,0x1f,0x04,0x1f,0x04,0x1e,0x04,0x5f,0x04,
  0xcc,0x09,0x62,0x08,0x83,0x08,0xe3,0x08,0x00,0x00,0x00,0x00,0x00,0x00,0x00,0x00,
  0x00,0x00,0x00,0x00,0x00,0x00,0x00,0x00,0x00,0x00,0x00,0x00,0x00,0x00,0x00,0x00,
  0x00,0x00,0x00,0x00,0x00,0x00,0x00,0x00,0x00,0x00,0x00,0x00,0x00,0x00,0x00,0x00,
  0x00,0x00,0x00,0x00,0x00,0x00,0x00,0x00,0x00,0x00,0x00,0x00,0x00,0x00,0x00,0x00,
  0x00,0x00,0x00,0x00,0x00,0x00,0x00,0x00,0x00,0x00,0x00,0x00,0x00,0x00,0x00,0x00,
  0x00,0x00,0x00,0x00,0x00,0x00,0x00,0x00,0x00,0x00,0x00,0x00,0x00,0x00,0x00,0x00,
  0x00,0x00,0x00,0x00,0x00,0x00,0x00,0x00,0x00,0x00,0x00,0x00,0x00,0x00,0x00,0x00,
  0x00,0x00,0x00,0x00,0x00,0x00,0x00,0x00,0x83,0x08,0xa4,0x08,0x83,0x08,0xa4,0x08,
  0x07,0x09,0xed,0x09,0x3e,0x04,0x5f,0x04,0x72,0x02,0x28,0x09,0xe6,0x08,0x83,0x08,
  0x83,0x08,0xa4,0x08,0xa4,0x10,0xc4,0x10,0xa4,0x10,0xa3,0x10,0xa4,0x10,0xc4,0x08,
  0xc4,0x10,0xa4,0x10,0xa4,0x08,0xa3,0x10,0xc4,0x10,0xa4,0x10,0xa4,0x08,0x83,0x08,
  0x62,0x08,0xc5,0x08,0x07,0x09,0x92,0x0a,0x7f,0x04,0x3f,0x04,0xcc,0x01,0x07,0x09,
  0xe5,0x08,0x83,0x08,0x84,0x08,0xc4,0x08,0x00,0x00,0x00,0x00,0x00,0x00,0x00,0x00,
  0x00,0x00,0x00,0x00,0x00,0x00,0x00,0x00,0x00,0x00,0x00,0x00,0x00,0x00,0x00,0x00,
  0x00,0x00,0x00,0x00,0x00,0x00,0x00,0x00,0x00,0x00,0x00,0x00,0x00,0x00,0x00,0x00,
  0x00,0x00,0x00,0x00,0x00,0x00,0x00,0x00,0x00,0x00,0x00,0x00,0x00,0x00,0x00,0x00,
  0x00,0x00,0x00,0x00,0x00,0x00,0x00,0x00,0x00,0x00,0x00,0x00,0x00,0x00,0x00,0x00,
  0x00,0x00,0x00,0x00,0x00,0x00,0x00,0x00,0x00,0x00,0x00,0x00,0x00,0x00,0x00,0x00,
  0x00,0x00,0x00,0x00,0x00,0x00,0x00,0x00,0x00,0x00,0x00,0x00,0x00,0x00,0x00,0x00,
  0x00,0x00,0x00,0x00,0x00,0x00,0x00,0x00,0x83,0x08,0xa3,0x08,0xa4,0x08,0x83,0x08,
  0x41,0x08,0x28,0x09,0x5e,0x0c,0x7f,0x04,0xee,0x01,0x21,0x08,0x83,0x08,0xa3,0x08,
  0xa4,0x08,0xc5,0x10,0x00,0x00,0x00,0x00,0x00,0x00,0x00,0x00,0x00,0x00,0x00,0x00,
  0x00,0x00,0x00,0x00,0x00,0x00,0x00,0x00,0x00,0x00,0x00,0x00,0x29,0x11,0xa4,0x08,
  0xa3,0x08,0x82,0x08,0x20,0x08,0xee,0x09,0x7f,0x04,0x1e,0x04,0x07,0x09,0x41,0x08,
  0x83,0x08,0xa4,0x08,0x83,0x08,0xc4,0x08,0x00,0x00,0x00,0x00,0x00,0x00,0x00,0x00,
  0x00,0x00,0x00,0x00,0x00,0x00,0x00,0x00,0x00,0x00,0x00,0x00,0x00,0x00,0x00,0x00,
  0x00,0x00,0x00,0x00,0x00,0x00,0x00,0x00,0x00,0x00,0x00,0x00,0x00,0x00,0x00,0x00,
  0x00,0x00,0x00,0x00,0x00,0x00,0x00,0x00,0x00,0x00,0x00,0x00,0x00,0x00,0x00,0x00,
  0x00,0x00,0x00,0x00,0x00,0x00,0x00,0x00,0x00,0x00,0x00,0x00,0x00,0x00,0x00,0x00,
  0x00,0x00,0x00,0x00,0x00,0x00,0x00,0x00,0x00,0x00,0x00,0x00,0x00,0x00,0x00,0x00,
  0x00,0x00,0x00,0x00,0x00,0x00,0x00,0x00,0x00,0x00,0x00,0x00,0x00,0x00,0x00,0x00,
  0x00,0x00,0x00,0x00,0x00,0x00,0x00,0x00,0x63,0x08,0x83,0x08,0x83,0x08,0x83,0x08,
  0x62,0x08,0x48,0x09,0x5f,0x04,0x9f,0x04,0x0f,0x02,0x41,0x08,0x83,0x08,0x83,0x08,
  0xa4,0x08,0xa4,0x08,0x00,0x00,0x06,0x00,0x00,0x00,0x00,0x00,0x00,0x00,0x00,0x00,
  0x00,0x00,0x00,0x00,0x00,0x00,0x00,0x00,0x00,0x00,0x07,0x00,0xe5,0x10,0xa4,0x08,
  0x83,0x08,0xa3,0x08,0x41,0x08,0xee,0x01,0x7f,0x04,0x3f,0x04,0x49,0x09,0x62,0x08,
  0x83,0x08,0x83,0x08,0x83,0x08,0x84,0x10,0x00,0x00,0x00,0x00,0x00,0x00,0x00,0x00,
  0x00,0x00,0x00,0x00,0x00,0x00,0x00,0x00,0x00,0x00,0x00,0x00,0x00,0x00,0x00,0x00,
  0x00,0x00,0x00,0x00,0x00,0x00,0x00,0x00,0x00,0x00,0x00,0x00,0x00,0x00,0x00,0x00,
  0x00,0x00,0x00,0x00,0x00,0x00,0x00,0x00,0x00,0x00,0x00,0x00,0x00,0x00,0x00,0x00,
  0x00,0x00,0x00,0x00,0x00,0x00,0x00,0x00,0x00,0x00,0x00,0x00,0x00,0x00,0x00,0x00,
  0x00,0x00,0x00,0x00,0x00,0x00,0x00,0x00,0x00,0x00,0x00,0x00,0x00,0x00,0x00,0x00,
  0x00,0x00,0x00,0x00,0x00,0x00,0x00,0x00,0x00,0x00,0x00,0x00,0x00,0x00,0x00,0x00,
  0x00,0x00,0x00,0x00,0x00,0x00,0x00,0x00,0x00,0x00,0x00,0x00,0x00,0x00,0xa4,0x08,
  0x83,0x08,0xa4,0x08,0x6a,0x09,0xab,0x09,0x27,0x09,0x83,0x08,0xa4,0x08,0x00,0x00,
  0x00,0x00,0x00,0x00,0x00,0x00,0x00,0x00,0x00,0x00,0x00,0x00,0x00,0x00,0x00,0x00,
  0x00,0x00,0x00,0x00,0x00,0x00,0x00,0x00,0x00,0x00,0x00,0x00,0x00,0x00,0x00,0x00,
  0x00,0x00,0xa4,0x08,0x83,0x08,0xe6,0x08,0x6a,0x09,0x6a,0x09,0xc5,0x08,0x83,0x08,
  0xa4,0x08,0x00,0x00,0x00,0x00,0x00,0x00,0x00,0x00,0x00,0x00,0x00,0x00,0x00,0x00,
  0x00,0x00,0x00,0x00,0x00,0x00,0x00,0x00,0x00,0x00,0x00,0x00,0x00,0x00,0x00,0x00,
  0x00,0x00,0x00,0x00,0x00,0x00,0x00,0x00,0x00,0x00,0x00,0x00,0x00,0x00,0x00,0x00,
  0x00,0x00,0x00,0x00,0x00,0x00,0x00,0x00,0x00,0x00,0x00,0x00,0x00,0x00,0x00,0x00,
  0x00,0x00,0x00,0x00,0x00,0x00,0x00,0x00,0x00,0x00,0x00,0x00,0x00,0x00,0x00,0x00,
  0x00,0x00,0x00,0x00,0x00,0x00,0x00,0x00,0x00,0x00,0x00,0x00,0x00,0x00,0x00,0x00,
  0x00,0x00,0x00,0x00,0x00,0x00,0x00,0x00,0x00,0x00,0x00,0x00,0x00,0x00,0x00,0x00,
  0x00,0x00,0x00,0x00,0x00,0x00,0x00,0x00,0x00,0x00,0x00,0x00,0x00,0x00,0x84,0x08,
  0xa4,0x08,0x83,0x08,0x42,0x08,0x62,0x08,0x83,0x08,0xc4,0x10,0xa4,0x08,0x00,0x00,
  0x00,0x00,0x00,0x00,0x00,0x00,0x00,0x00,0x00,0x00,0x00,0x00,0x00,0x00,0x00,0x00,
  0x00,0x00,0x00,0x00,0x00,0x00,0x00,0x00,0x00,0x00,0x00,0x00,0x00,0x00,0x00,0x00,
  0x00,0x00,0xa3,0x08,0xa3,0x08,0x63,0x08,0x41,0x08,0x41,0x08,0x83,0x08,0xa4,0x08,
  0xa3,0x08,0x00,0x00,0x00,0x00,0x00,0x00,0x00,0x00,0x00,0x00,0x00,0x00,0x00,0x00,
  0x00,0x00,0x00,0x00,0x00,0x00,0x00,0x00,0x00,0x00,0x00,0x00,0x00,0x00,0x00,0x00,
  0x00,0x00,0x00,0x00,0x00,0x00,0x00,0x00,0x00,0x00,0x00,0x00,0x00,0x00,0x00,0x00,
  0x00,0x00,0x00,0x00,0x00,0x00,0x00,0x00,0x00,0x00,0x00,0x00,0x00,0x00,0x00,0x00,
  0x00,0x00,0x00,0x00,0x00,0x00,0x00,0x00,0x00,0x00,0x00,0x00,0x00,0x00,0x00,0x00,
  0x00,0x00,0x00,0x00,0x00,0x00,0x00,0x00,0x00,0x00,0x00,0x00,0x00,0x00,0x00,0x00,
  0x00,0x00,0x00,0x00,0x00,0x00,0x00,0x00,0x00,0x00,0x00,0x00,0x00,0x00,0x00,0x00,
  0x00,0x00,0x00,0x00,0x00,0x00,0x00,0x00,0x00,0x00,0x00,0x00,0x00,0x00,0xa3,0x08,
  0x83,0x08,0x83,0x08,0xa4,0x08,0xa4,0x08,0x84,0x08,0xa4,0x08,0xa4,0x08,0x00,0x00,
  0x00,0x00,0x00,0x00,0x00,0x00,0x00,0x00,0x00,0x00,0x00,0x00,0x00,0x00,0x00,0x00,
  0x00,0x00,0x00,0x00,0x00,0x00,0x00,0x00,0x00,0x00,0x00,0x00,0x00,0x00,0x00,0x00,
  0x00,0x00,0x83,0x08,0x83,0x08,0x83,0x08,0x83,0x08,0x83,0x08,0x83,0x08,0x83,0x08,
  0xa4,0x08,0x00,0x00,0x00,0x00,0x00,0x00,0x00,0x00,0x00,0x00,0x00,0x00,0x00,0x00,
  0x00,0x00,0x00,0x00,0x00,0x00,0x00,0x00,0x00,0x00,0x00,0x00,0x00,0x00,0x00,0x00,
  0x00,0x00,0x00,0x00,0x00,0x00,0x00,0x00,0x00,0x00,0x00,0x00,0x00,0x00,0x00,0x00,
  0x00,0x00,0x00,0x00,0x00,0x00,0x00,0x00,0x00,0x00,0x00,0x00,0x00,0x00,0x00,0x00,
  0x00,0x00,0x00,0x00,0x00,0x00,0x00,0x00,0x00,0x00,0x00,0x00,0x00,0x00,0x00,0x00,
  0x00,0x00,0x00,0x00,0x00,0x00,0x00,0x00,0x00,0x00,0x00,0x00,0x00,0x00,0x00,0x00,
  0x00,0x00,0x00,0x00,0x00,0x00,0x00,0x00,0x00,0x00,0x00,0x00,0x00,0x00,0x00,0x00,
  0x00,0x00,0x00,0x00,0x00,0x00,0x00,0x00,0x00,0x00,0x00,0x00,0x00,0x00,0x00,0x00,
  0x00,0x00,0x00,0x00,0x00,0x00,0x00,0x00,0x00,0x00,0x00,0x00,0x00,0x00,0x00,0x00,
  0x00,0x00,0x00,0x00,0x00,0x00,0x00,0x00,0x00,0x00,0x00,0x00,0x00,0x00,0x00,0x00,
  0x00,0x00,0x00,0x00,0x00,0x00,0x00,0x00,0x00,0x00,0x00,0x00,0x00,0x00,0x00,0x00,
  0x00,0x00,0x00,0x00,0x00,0x00,0x00,0x00,0x00,0x00,0x00,0x00,0x00,0x00,0x00,0x00,
  0x00,0x00,0x00,0x00,0x00,0x00,0x00,0x00,0x00,0x00,0x00,0x00,0x00,0x00,0x00,0x00,
  0x00,0x00,0x00,0x00,0x00,0x00,0x00,0x00,0x00,0x00,0x00,0x00,0x00,0x00,0x00,0x00,
  0x00,0x00,0x00,0x00,0x00,0x00,0x00,0x00,0x00,0x00,0x00,0x00,0x00,0x00,0x00,0x00,
  0x00,0x00,0x00,0x00,0x00,0x00,0x00,0x00,0x00,0x00,0x00,0x00,0x00,0x00,0x00,0x00,
  0x00,0x00,0x00,0x00,0x00,0x00,0x00,0x00,0x00,0x00,0x00,0x00,0x00,0x00,0x00,0x00,
  0x00,0x00,0x00,0x00,0x00,0x00,0x00,0x00,0x00,0x00,0x00,0x00,0x00,0x00,0x00,0x00,
  0x00,0x00,0x00,0x00,0x00,0x00,0x00,0x00,0x00,0x00,0x00,0x00,0x00,0x00,0x00,0x00,
  0x00,0x00,0x00,0x00,0x00,0x00,0x00,0x00,0x00,0x00,0x00,0x00,0x00,0x00,0x00,0x00,
  0x00,0x00,0x00,0x00,0x00,0x00,0x00,0x00,0x00,0x00,0x00,0x00,0x00,0x00,0x00,0x00,
  0x00,0x00,0x00,0x00,0x00,0x00,0x00,0x00,0x00,0x00,0x00,0x00,0x00,0x00,0x00,0x00,
  0x00,0x00,0x00,0x00,0x00,0x00,0x00,0x00,0x00,0x00,0x00,0x00,0x00,0x00,0x00,0x00,
  0x00,0x00,0x00,0x00,0x00,0x00,0x00,0x00,0x00,0x00,0x00,0x00,0x00,0x00,0x00,0x00,
  0x00,0x00,0x00,0x00,0x00,0x00,0x00,0x00,0x00,0x00,0x00,0x00,0x00,0x00,0x00,0x00,
  0x00,0x00,0x00,0x00,0x00,0x00,0x00,0x00,0x00,0x00,0x00,0x00,0x00,0x00,0x00,0x00,
  0x00,0x00,0x00,0x00,0x00,0x00,0x00,0x00,0x00,0x00,0x00,0x00,0x00,0x00,0x00,0x00,
  0x00,0x00,0x00,0x00,0x00,0x00,0x00,0x00,0x00,0x00,0x00,0x00,0x00,0x00,0x00,0x00,
  0x00,0x00,0x00,0x00,0x00,0x00,0x00,0x00,0x00,0x00,0x00,0x00,0x00,0x00,0x00,0x00,
  0x00,0x00,0x00,0x00,0x00,0x00,0x00,0x00,0x00,0x00,0x00,0x00,0x00,0x00,0x00,0x00,
  0x00,0x00,0x00,0x00,0x00,0x00,0x00,0x00,0x00,0x00,0x00,0x00,0x00,0x00,0x00,0x00,
  0x00,0x00,0x00,0x00,0x00,0x00,0x00,0x00,0x00,0x00,0x00,0x00,0x00,0x00,0x00,0x00,
  0x00,0x00,0x00,0x00,0x00,0x00,0x00,0x00,0x00,0x00,0x00,0x00,0x00,0x00,0x00,0x00,
  0x00,0x00,0x00,0x00,0x00,0x00,0x00,0x00,0x00,0x00,0x00,0x00,0x00,0x00,0x00,0x00,
  0x00,0x00,0x00,0x00,0x00,0x00,0x00,0x00,0x00,0x00,0x00,0x00,0x00,0x00,0x00,0x00,
  0x00,0x00,0x00,0x00,0x00,0x00,0x00,0x00,0x00,0x00,0x00,0x00,0x00,0x00,0x00,0x00,
  0x00,0x00,0x00,0x00,0x00,0x00,0x00,0x00,0x00,0x00,0x00,0x00,0x00,0x00,0x00,0x00,
  0x00,0x00,0x00,0x00,0x00,0x00,0x00,0x00,0x00,0x00,0x00,0x00,0x00,0x00,0x00,0x00,
  0x00,0x00,0x00,0x00,0x00,0x00,0x00,0x00,0x00,0x00,0x00,0x00,0x00,0x00,0x00,0x00,
  0x00,0x00,0x00,0x00,0x00,0x00,0x00,0x00,0x00,0x00,0x00,0x00,0x00,0x00,0x00,0x00,
  0x00,0x00,0x00,0x00,0x00,0x00,0x00,0x00,0x00,0x00,0x00,0x00,0x00,0x00,0x00,0x00,
  0x00,0x00,0x00,0x00,0x00,0x00,0x00,0x00,0x00,0x00,0x00,0x00,0x00,0x00,0x00,0x00,
  0x00,0x00,0x00,0x00,0x00,0x00,0x00,0x00,0x00,0x00,0x00,0x00,0x00,0x00,0x00,0x00,
  0x00,0x00,0x00,0x00,0x00,0x00,0x00,0x00,0x00,0x00,0x00,0x00,0x00,0x00,0x00,0x00,
  0x00,0x00,0x00,0x00,0x00,0x00,0x00,0x00,0x00,0x00,0x00,0x00,0x00,0x00,0x00,0x00,
  0x00,0x00,0x00,0x00,0x00,0x00,0x00,0x00,0x00,0x00,0x00,0x00,0x00,0x00,0x00,0x00,
  0x00,0x00,0x00,0x00,0x00,0x00,0x00,0x00,0x00,0x00,0x00,0x00,0x00,0x00,0x00,0x00,
  0x00,0x00,0x00,0x00,0x00,0x00,0x00,0x00,0x00,0x00,0x00,0x00,0x00,0x00,0x00,0x00,
  0x00,0x00,0x00,0x00,0x00,0x00,0x00,0x00,0x00,0x00,0x00,0x00,0x00,0x00,0x00,0x00,
  0x00,0x00,0x00,0x00,0x00,0x00,0x00,0x00,0x00,0x00,0x00,0x00,0x00,0x00,0x00,0x00,
  0x00,0x00,0x00,0x00,0x00,0x00,0x00,0x00,0x00,0x00,0x00,0x00,0x00,0x00,0x00,0x00,
  0x00,0x00,0x00,0x00,0x00,0x00,0x00,0x00,0x00,0x00,0x00,0x00,0x00,0x00,0x00,0x00,
  0x00,0x00,0x00,0x00,0x00,0x00,0x00,0x00,0x00,0x00,0x00,0x00,0x00,0x00,0x00,0x00,
  0x00,0x00,0x00,0x00,0x00,0x00,0x00,0x00,0x00,0x00,0x00,0x00,0x00,0x00,0x00,0x00,
  0x00,0x00,0x00,0x00,0x00,0x00,0x00,0x00,0x00,0x00,0x00,0x00,0x00,0x00,0x00,0x00,
  0x00,0x00,0x00,0x00,0x00,0x00,0x00,0x00,0x00,0x00,0x00,0x00,0x00,0x00,0x00,0x00,
  0x00,0x00,0x00,0x00,0x00,0x00,0x00,0x00,0x00,0x00,0x00,0x00,0x00,0x00,0x00,0x00,
  0x00,0x00,0x00,0x00,0x00,0x00,0x00,0x00,0x00,0x00,0x00,0x00,0x00,0x00,0x00,0x00,
  0x00,0x00,0x00,0x00,0x00,0x00,0x00,0x00,0x00,0x00,0x00,0x00,0x00,0x00,0x00,0x00,
  0x00,0x00,0x00,0x00,0x00,0x00,0x00,0x00,0x00,0x00,0x00,0x00,0x00,0x00,0x00,0x00,
  0x00,0x00,0x00,0x00,0x00,0x00,0x00,0x00,0x00,0x00,0x00,0x00,0x00,0x00,0x00,0x00,
  0x00,0x00,0x00,0x00,0x00,0x00,0x00,0x00,0x00,0x00,0x00,0x00,0x00,0x00,0x00,0x00,
  0x00,0x00,0x00,0x00,0x00,0x00,0x00,0x00,0x00,0x00,0x00,0x00,0x00,0x00,0x00,0x00,
  0x00,0x00,0x00,0x00,0x00,0x00,0x00,0x00,0x00,0x00,0x00,0x00,0x00,0x00,0x00,0x00,
  0x00,0x00,0x00,0x00,0x00,0x00,0x00,0x00,0x00,0x00,0x00,0x00,0x00,0x00,0x00,0x00,
  0x00,0x00,0x00,0x00,0x00,0x00,0x00,0x00,0x00,0x00,0x00,0x00,0x00,0x00,0x00,0x00,
  0x00,0x00,0x00,0x00,0x00,0x00,0x00,0x00,0x00,0x00,0x00,0x00,0x00,0x00,0x00,0x00,
  0x00,0x00,0x00,0x00,0x00,0x00,0x00,0x00,0x00,0x00,0x00,0x00,0x00,0x00,0x00,0x00,
  0x00,0x00,0x00,0x00,0x00,0x00,0x00,0x00,0x00,0x00,0x00,0x00,0x00,0x00,0x00,0x00,
  0x00,0x00,0x00,0x00,0x00,0x00,0x00,0x00,0x00,0x00,0x00,0x00,0x00,0x00,0x00,0x00,
  0x00,0x00,0x00,0x00,0x00,0x00,0x00,0x00,0x00,0x00,0x00,0x00,0x00,0x00,0x00,0x00,
  0x00,0x00,0x00,0x00,0x00,0x00,0x00,0x00,0x00,0x00,0x00,0x00,0x00,0x00,0x00,0x00,
  0x00,0x00,0x00,0x00,0x00,0x00,0x00,0x00,0x00,0x00,0x00,0x00,0x00,0x00,0x00,0x00,
  0x00,0x00,0x00,0x00,0x00,0x00,0x00,0x00,0x00,0x00,0x00,0x00,0x00,0x00,0x00,0x00,
  0x00,0x00,0x00,0x00,0x00,0x00,0x00,0x00,0x00,0x00,0x00,0x00,0x00,0x00,0x00,0x00,
  0x00,0x00,0x00,0x00,0x00,0x00,0x00,0x00,0x00,0x00,0x00,0x00,0x00,0x00,0x00,0x00,
  0x00,0x00,0x00,0x00,0x00,0x00,0x00,0x00,0x00,0x00,0x00,0x00,0x00,0x00,0x00,0x00,
  0x00,0x00,0x00,0x00,0x00,0x00,0x00,0x00,0x00,0x00,0x00,0x00,0x00,0x00,0x00,0x00,
  0x00,0x00,0x00,0x00,0x00,0x00,0x00,0x00,0x00,0x00,0x00,0x00,0x00,0x00,0x00,0x00,
  0x00,0x00,0x00,0x00,0x00,0x00,0x00,0x00,0x00,0x00,0x00,0x00,0x00,0x00,0x00,0x00,
  0x00,0x00,0x00,0x00,0x00,0x00,0x00,0x00,0x00,0x00,0x00,0x00,0x00,0x00,0x00,0x00,
  0x00,0x00,0x00,0x00,0x00,0x00,0x00,0x00,0x00,0x00,0x00,0x00,0x00,0x00,0x00,0x00,
  0x00,0x00,0x00,0x00,0x00,0x00,0x00,0x00,0x00,0x00,0x00,0x00,0x00,0x00,0x00,0x00,
  0x00,0x00,0x00,0x00,0x00,0x00,0x00,0x00,0x00,0x00,0x00,0x00,0x00,0x00,0x00,0x00,
  0x00,0x00,0x00,0x00,0x00,0x00,0x00,0x00,0x00,0x00,0x00,0x00,0x00,0x00,0x00,0x00,
  0x00,0x00,0x00,0x00,0x00,0x00,0x00,0x00,0x00,0x00,0x00,0x00,0x00,0x00,0x00,0x00,
  0x00,0x00,0x00,0x00,0x00,0x00,0x00,0x00,0x00,0x00,0x00,0x00,0x00,0x00,0x00,0x00,
  0x00,0x00,0x00,0x00,0x00,0x00,0x00,0x00,0x00,0x00,0x00,0x00,0x00,0x00,0x00,0x00,
  0x00,0x00,0x00,0x00,0x00,0x00,0x00,0x00,0x00,0x00,0x00,0x00,0x00,0x00,0x00,0x00,
  0x00,0x00,0x00,0x00,0x00,0x00,0x00,0x00,0x00,0x00,0x00,0x00,0x00,0x00,0x00,0x00,
  0x00,0x00,0x00,0x00,0x00,0x00,0x00,0x00,0x00,0x00,0x00,0x00,0x00,0x00,0x00,0x00,
  0x00,0x00,0x00,0x00,0x00,0x00,0x00,0x00,0x00,0x00,0x00,0x00,0x00,0x00,0x00,0x00,
  0x00,0x00,0x00,0x00,0x00,0x00,0x00,0x00,0x00,0x00,0x00,0x00,0x00,0x00,0x00,0x00,
  0x00,0x00,0x00,0x00,0x00,0x00,0x00,0x00,0x00,0x00,0x00,0x00,0x00,0x00,0x00,0x00,
  0x00,0x00,0x00,0x00,0x00,0x00,0x00,0x00,0x00,0x00,0x00,0x00,0x00,0x00,0x00,0x00,
  0x00,0x00,0x00,0x00,0x00,0x00,0x00,0x00,0x00,0x00,0x00,0x00,0x00,0x00,0x00,0x00,
  0x00,0x00,0x00,0x00,0x00,0x00,0x00,0x00,0x00,0x00,0x00,0x00,0x00,0x00,0x00,0x00,
  0x00,0x00,0x00,0x00,0x00,0x00,0x00,0x00,0x00,0x00,0x00,0x00,0x00,0x00,0x00,0x00,
  0x00,0x00,0x00,0x00,0x00,0x00,0x00,0x00,0x00,0x00,0x00,0x00,0x00,0x00,0x00,0x00,
  0x00,0x00,0x00,0x00,0x00,0x00,0x00,0x00,0x00,0x00,0x00,0x00,0x00,0x00,0x00,0x00,
  0x00,0x00,0x00,0x00,0x00,0x00,0x00,0x00,0x00,0x00,0x00,0x00,0x00,0x00,0x00,0x00,
  0x00,0x00,0x00,0x00,0x00,0x00,0x00,0x00,0x00,0x00,0x00,0x00,0x00,0x00,0x00,0x00,
  0x00,0x00,0x00,0x00,0x00,0x00,0x00,0x00,0x00,0x00,0x00,0x00,0x00,0x00,0x00,0x00,
  0x00,0x00,0x00,0x00,0x00,0x00,0x00,0x00,0x00,0x00,0x00,0x00,0x00,0x00,0x00,0x00,
  0x00,0x00,0x00,0x00,0x00,0x00,0x00,0x00,0x00,0x00,0x00,0x00,0x00,0x00,0x00,0x00,
  0x00,0x00,0x00,0x00,0x00,0x00,0x00,0x00,0x00,0x00,0x00,0x00,0x00,0x00,0x00,0x00,
  0x00,0x00,0x00,0x00,0x00,0x00,0x00,0x00,0x00,0x00,0x00,0x00,0x00,0x00,0x00,0x00,
  0x00,0x00,0x00,0x00,0x00,0x00,0x00,0x00,0x00,0x00,0x00,0x00,0x00,0x00,0x00,0x00,
  0x00,0x00,0x00,0x00,0x00,0x00,0x00,0x00,0x00,0x00,0x00,0x00,0x00,0x00,0x00,0x00,
  0x00,0x00,0x00,0x00,0x00,0x00,0x00,0x00,0x00,0x00,0x00,0x00,0x00,0x00,0x00,0x00,
  0x00,0x00,0x00,0x00,0x00,0x00,0x00,0x00,0x00,0x00,0x00,0x00,0x00,0x00,0x00,0x00,
  0x00,0x00,0x00,0x00,0x00,0x00,0x00,0x00,0x00,0x00,0x00,0x00,0x00,0x00,0x00,0x00,
  0x00,0x00,0x00,0x00,0x00,0x00,0x00,0x00,0x00,0x00,0x00,0x00,0x00,0x00,0x00,0x00,
  0x00,0x00,0x00,0x00,0x00,0x00,0x00,0x00,0x00,0x00,0x00,0x00,0x00,0x00,0x00,0x00,
  0x00,0x00,0x00,0x00,0x00,0x00,0x00,0x00,0x00,0x00,0x00,0x00,0x00,0x00,0x00,0x00,
  0x00,0x00,0x00,0x00,0x00,0x00,0x00,0x00,0x00,0x00,0x00,0x00,0x00,0x00,0x00,0x00,
  0x00,0x00,0x00,0x00,0x00,0x00,0x00,0x00,0x00,0x00,0x00,0x00,0x00,0x00,0x00,0x00,
  0x00,0x00,0x00,0x00,0x00,0x00,0x00,0x00,0x00,0x00,0x00,0x00,0x00,0x00,0x00,0x00,
  0x00,0x00,0x00,0x00,0x00,0x00,0x00,0x00,0x00,0x00,0x00,0x00,0x00,0x00,0x00,0x00,
  0x00,0x00,0x00,0x00,0x00,0x00,0x00,0x00,0x00,0x00,0x00,0x00,0x00,0x00,0x00,0x00,
  0x00,0x00,0x00,0x00,0x00,0x00,0x00,0x00,0x00,0x00,0x00,0x00,0x00,0x00,0x00,0x00,
  0x00,0x00,0x00,0x00,0x00,0x00,0x00,0x00,0x00,0x00,0x00,0x00,0x00,0x00,0x00,0x00,
  0x00,0x00,0x00,0x00,0x00,0x00,0x00,0x00,0x00,0x00,0x00,0x00,0x00,0x00,0x00,0x00,
  0x00,0x00,0x00,0x00,0x00,0x00,0x00,0x00,0x00,0x00,0x00,0x00,0x00,0x00,0x00,0x00,
  0x00,0x00,0x00,0x00,0x00,0x00,0x00,0x00,0x00,0x00,0x00,0x00,0x00,0x00,0x00,0x00,
  0x00,0x00,0x00,0x00,0x00,0x00,0x00,0x00,0x00,0x00,0x00,0x00,0x00,0x00,0x00,0x00,
  0x00,0x00,0x00,0x00,0x00,0x00,0x00,0x00,0x00,0x00,0x00,0x00,0x00,0x00,0x00,0x00,
  0x00,0x00,0x00,0x00,0x00,0x00,0x00,0x00,0x00,0x00,0x00,0x00,0x00,0x00,0x00,0x00,
  0x00,0x00,0x00,0x00,0x00,0x00,0x00,0x00,0x00,0x00,0x00,0x00,0x00,0x00,0x00,0x00,
  0x00,0x00,0x00,0x00,0x00,0x00,0x00,0x00,0x00,0x00,0x00,0x00,0x00,0x00,0x00,0x00,
  0x00,0x00,0x00,0x00,0x00,0x00,0x00,0x00,0x00,0x00,0x00,0x00,0x00,0x00,0x00,0x00,
  0x00,0x00,0x00,0x00,0x00,0x00,0x00,0x00,0x00,0x00,0x00,0x00,0x00,0x00,0x00,0x00,
  0x00,0x00,0x00,0x00,0x00,0x00,0x00,0x00,0x00,0x00,0x00,0x00,0x00,0x00,0x00,0x00,
  0x00,0x00,0x00,0x00,0x00,0x00,0x00,0x00,0x00,0x00,0x00,0x00,0x00,0x00,0x00,0x00,
  0x00,0x00,0x00,0x00,0x00,0x00,0x00,0x00,0x00,0x00,0x00,0x00,0x00,0x00,0x00,0x00,
  0x00,0x00,0x00,0x00,0x00,0x00,0x00,0x00,0x00,0x00,0x00,0x00,0x00,0x00,0x00,0x00,
  0x00,0x00,0x00,0x00,0x00,0x00,0x00,0x00,0x00,0x00,0x00,0x00,0x00,0x00,0x00,0x00,
  0x00,0x00,0x00,0x00,0x00,0x00,0x00,0x00,0x00,0x00,0x00,0x00,0x00,0x00,0x00,0x00,
  0x00,0x00,0x00,0x00,0x00,0x00,0x00,0x00,0x00,0x00,0x00,0x00,0x00,0x00,0x00,0x00,
  0x00,0x00,0x00,0x00,0x00,0x00,0x00,0x00,0x00,0x00,0x00,0x00,0x00,0x00,0x00,0x00,
  0x00,0x00,0x00,0x00,0x00,0x00,0x00,0x00,0x00,0x00,0x00,0x00,0x00,0x00,0x00,0x00,
  0x00,0x00,0x00,0x00,0x00,0x00,0x00,0x00,0x00,0x00,0x00,0x00,0x00,0x00,0x00,0x00,
  0x00,0x00,0x00,0x00,0x00,0x00,0x00,0x00,0x00,0x00,0x00,0x00,0x00,0x00,0x00,0x00,
  0x00,0x00,0x00,0x00,0x00,0x00,0x00,0x00,0x00,0x00,0x00,0x00,0x00,0x00,0x00,0x00,
  0x00,0x00,0x00,0x00,0x00,0x00,0x00,0x00,0x00,0x00,0x00,0x00,0x00,0x00,0x00,0x00,
  0x00,0x00,0x00,0x00,0x00,0x00,0x00,0x00,0x00,0x00,0x00,0x00,0x00,0x00,0x00,0x00,
  0x00,0x00,0x00,0x00,0x00,0x00,0x00,0x00,0x00,0x00,0x00,0x00,0x00,0x00,0x00,0x00,
  0x00,0x00,0x00,0x00,0x00,0x00,0x00,0x00,0x00,0x00,0x00,0x00,0x00,0x00,0x00,0x00,
  0x00,0x00,0x00,0x00,0x00,0x00,0x00,0x00,0x00,0x00,0x00,0x00,0x00,0x00,0x00,0x00,
  0x00,0x00,0x00,0x00,0x00,0x00,0x00,0x00,0x00,0x00,0x00,0x00,0x00,0x00,0x00,0x00,
  0x00,0x00,0x00,0x00,0x00,0x00,0x00,0x00,0x00,0x00,0x00,0x00,0x00,0x00,0x00,0x00,
  0x00,0x00,0x00,0x00,0x00,0x00,0x00,0x00,0x00,0x00,0x00,0x00,0x00,0x00,0x00,0x00,
  0x00,0x00,0x00,0x00,0x00,0x00,0x00,0x00,0x00,0x00,0x00,0x00,0x00,0x00,0x00,0x00,
  0x00,0x00,0x00,0x00,0x00,0x00,0x00,0x00,0x00,0x00,0x00,0x00,0x00,0x00,0x00,0x00,
  0x00,0x00,0x00,0x00,0x00,0x00,0x00,0x00,0x00,0x00,0x00,0x00,0x00,0x00,0x00,0x00,
  0x00,0x00,0x00,0x00,0x00,0x00,0x00,0x00,0x00,0x00,0x00,0x00,0x00,0x00,0x00,0x00,
  0x00,0x00,0x00,0x00,0x00,0x00,0x00,0x00,0x00,0x00,0x00,0x00,0x00,0x00,0x00,0x00,
  0x00,0x00,0x00,0x00,0x00,0x00,0x00,0x00,0x00,0x00,0x00,0x00,0x00,0x00,0x00,0x00,
  0x00,0x00,0x00,0x00,0x00,0x00,0x00,0x00,0x00,0x00,0x00,0x00,0x00,0x00,0x00,0x00,
  0x00,0x00,0x00,0x00,0x00,0x00,0x00,0x00,0x00,0x00,0x00,0x00,0x00,0x00,0x00,0x00,
  0x00,0x00,0x00,0x00,0x00,0x00,0x00,0x00,0x00,0x00,0x00,0x00,0x00,0x00,0x00,0x00,
  0x00,0x00,0x00,0x00,0x00,0x00,0x00,0x00,0x00,0x00,0x00,0x00,0x00,0x00,0x00,0x00,
  0x00,0x00,0x00,0x00,0x00,0x00,0x00,0x00,0x00,0x00,0x00,0x00,0x00,0x00,0x00,0x00,
  0x00,0x00,0x00,0x00,0x00,0x00,0x00,0x00,0x00,0x00,0x00,0x00,0x00,0x00,0x00,0x00,
  0x00,0x00,0x00,0x00,0x00,0x00,0x00,0x00,0x00,0x00,0x00,0x00,0x00,0x00,0x00,0x00,
  0x00,0x00,0x00,0x00,0x00,0x00,0x00,0x00,0x00,0x00,0x00,0x00,0x00,0x00,0x00,0x00,
  0x00,0x00,0x00,0x00,0x00,0x00,0x00,0x00,0x00,0x00,0x00,0x00,0x00,0x00,0x00,0x00,
  0x00,0x00,0x00,0x00,0x00,0x00,0x00,0x00,0x00,0x00,0x00,0x00,0x00,0x00,0x00,0x00,
  0x00,0x00,0x00,0x00,0x00,0x00,0x00,0x00,0x00,0x00,0x00,0x00,0x00,0x00,0x00,0x00,
  0x00,0x00,0x00,0x00,0x00,0x00,0x00,0x00,0x00,0x00,0x00,0x00,0x00,0x00,0x00,0x00,
  0x00,0x00,0x00,0x00,0x00,0x00,0x00,0x00,0x00,0x00,0x00,0x00,0x00,0x00,0x00,0x00,
  0x00,0x00,0x00,0x00,0x00,0x00,0x00,0x00,0x00,0x00,0x00,0x00,0x00,0x00,0x00,0x00,
  0x00,0x00,0x00,0x00,0x00,0x00,0x00,0x00,0x00,0x00,0x00,0x00,0x00,0x00,0x00,0x00,
  0x00,0x00,0x00,0x00,0x00,0x00,0x00,0x00,0x00,0x00,0x00,0x00,0x00,0x00,0x00,0x00,
  0x00,0x00,0x00,0x00,0x00,0x00,0x00,0x00,0x00,0x00,0x00,0x00,0x00,0x00,0x00,0x00,
  0x00,0x00,0x00,0x00,0x00,0x00,0x00,0x00,0x00,0x00,0x00,0x00,0x00,0x00,0x00,0x00,
  0x00,0x00,0x00,0x00,0x00,0x00,0x00,0x00,0x00,0x00,0x00,0x00,0x00,0x00,0x00,0x00,
  0x00,0x00,0x00,0x00,0x00,0x00,0x00,0x00,0x00,0x00,0x00,0x00,0x00,0x00,0x00,0x00,
  0x00,0x00,0x00,0x00,0x00,0x00,0x00,0x00,0x00,0x00,0x00,0x00,0x00,0x00,0x00,0x00,
  0x00,0x00,0x00,0x00,0x00,0x00,0x00,0x00,0x00,0x00,0x00,0x00,0x00,0x00,0x00,0x00,
  0x00,0x00,0x00,0x00,0x00,0x00,0x00,0x00,0x00,0x00,0x00,0x00,0x00,0x00,0x00,0x00,
  0x00,0x00,0x00,0x00,0x00,0x00,0x00,0x00,0x00,0x00,0x00,0x00,0x00,0x00,0x00,0x00,
  0x00,0x00,0x00,0x00,0x00,0x00,0x00,0x00,0x00,0x00,0x00,0x00,0x00,0x00,0x00,0x00,
  0x00,0x00,0x00,0x00,0x00,0x00,0x00,0x00,0x00,0x00,0x00,0x00,0x00,0x00,0x00,0x00,
  0x00,0x00,0x00,0x00,0x00,0x00,0x00,0x00,0x00,0x00,0x00,0x00,0x00,0x00,0x00,0x00,
  0x00,0x00,0x00,0x00,0x00,0x00,0x00,0x00,0x00,0x00,0x00,0x00,0x00,0x00,0x00,0x00,
  0x00,0x00,0x00,0x00,0x00,0x00,0x00,0x00,0x00,0x00,0x00,0x00,0x00,0x00,0x00,0x00,
  0x00,0x00,0x00,0x00,0x00,0x00,0x00,0x00,0x00,0x00,0x00,0x00,0x00,0x00,0x00,0x00,
  0x00,0x00,0x00,0x00,0x00,0x00,0x00,0x00,0x00,0x00,0x00,0x00,0x00,0x00,0x00,0x00,
  0x00,0x00,0x00,0x00,0x00,0x00,0x00,0x00,0x00,0x00,0x00,0x00,0x00,0x00,0x00,0x00,
  0x00,0x00,0x00,0x00,0x00,0x00,0x00,0x00,0x00,0x00,0x00,0x02,0x03,0x03,0x03,0x03,
  0x03,0x03,0x03,0x03,0x03,0x03,0x03,0x01,0x00,0x00,0x00,0x00,0x00,0x00,0x00,0x00,
  0x00,0x00,0x00,0x00,0x00,0x00,0x00,0x00,0x00,0x00,0x00,0x00,0x00,0x00,0x00,0x00,
  0x00,0x00,0x00,0x00,0x00,0x00,0x00,0x00,0x00,0x00,0x00,0x00,0x00,0x00,0x00,0x00,
  0x00,0x00,0x00,0x00,0x00,0x00,0x00,0x00,0x02,0x03,0x03,0x03,0x03,0x03,0x03,0x03,
  0x03,0x03,0x03,0x03,0x02,0x00,0x00,0x00,0x00,0x00,0x00,0x00,0x00,0x00,0x00,0x00,
  0x00,0x00,0x00,0x00,0x00,0x00,0x00,0x00,0x00,0x00,0x00,0x00,0x00,0x00,0x00,0x00,
  0x00,0x00,0x00,0x00,0x00,0x00,0x00,0x00,0x00,0x00,0x00,0x00,0x00,0x00,0x00,0x00,
  0x00,0x00,0x00,0x00,0x00,0x00,0x00,0x00,0x00,0x00,0x00,0x00,0x00,0x00,0x00,0x00,
  0x00,0x00,0x00,0x00,0x00,0x00,0x00,0x00,0x00,0x00,0x00,0x00,0x00,0x00,0x00,0x00,
  0x00,0x00,0x00,0x00,0x00,0x00,0x00,0x00,0x00,0x00,0x00,0x00,0x00,0x00,0x00,0x00,
  0x00,0x00,0x00,0x00,0x00,0x00,0x00,0x00,0x00,0x00,0x00,0x00,0x00,0x00,0x00,0x00,
  0x00,0x00,0x00,0x00,0x00,0x00,0x00,0x00,0x00,0x01,0x00,0x78,0xac,0xa8,0xab,0xad,
  0xab,0xa9,0xa9,0xaa,0xaa,0xa6,0xab,0x4c,0x00,0x03,0x00,0x00,0x00,0x00,0x00,0x00,
  0x00,0x00,0x00,0x00,0x00,0x00,0x00,0x00,0x00,0x00,0x00,0x00,0x00,0x00,0x00,0x00,
  0x00,0x00,0x00,0x00,0x00,0x00,0x00,0x00,0x00,0x00,0x00,0x00,0x00,0x00,0x00,0x00,
  0x00,0x00,0x00,0x00,0x00,0x00,0x03,0x00,0x50,0xaa,0xa7,0xaa,0xa9,0xa9,0xaa,0xab,
  0xab,0xab,0xa8,0xac,0x78,0x00,0x01,0x00,0x00,0x00,0x00,0x00,0x00,0x00,0x00,0x00,
  0x00,0x00,0x00,0x00,0x00,0x00,0x00,0x00,0x00,0x02,0x00,0xc5,0xff,0xff,0xff,0xff,
  0xff,0xff,0xff,0xff,0xff,0xff,0xff,0x7e,0x02,0x06,0x02,0x00,0x00,0x00,0x00,0x00,
  0x00,0x00,0x00,0x00,0x00,0x00,0x00,0x00,0x00,0x00,0x00,0x00,0x00,0x00,0x00,0x00,
  0x00,0x00,0x00,0x00,0x00,0x00,0x00,0x00,0x00,0x00,0x00,0x00,0x00,0x00,0x00,0x00,
  0x00,0x00,0x00,0x00,0x00,0x02,0x06,0x02,0x88,0xff,0xff,0xff,0xff,0xff,0xff,0xff,
  0xff,0xff,0xff,0xff,0xc2,0x00,0x02,0x00,0x00,0x00,0x00,0x00,0x00,0x00,0x00,0x00,
  0x00,0x00,0x00,0x00,0x00,0x00,0x00,0x00,0x00,0x02,0x00,0xb8,0xfc,0xf7,0xfa,0xfa,
  0xfa,0xfa,0xfa,0xfa,0xfa,0xf6,0xfc,0x79,0x00,0x00,0x00,0x00,0x00,0x00,0x00,0x00,
  0x00,0x00,0x00,0x00,0x00,0x00,0x00,0x00,0x00,0x00,0x00,0x00,0x00,0x00,0x00,0x00,
  0x00,0x00,0x00,0x00,0x00,0x00,0x00,0x00,0x00,0x00,0x00,0x00,0x00,0x00,0x00,0x00,
  0x00,0x00,0x00,0x00,0x00,0x00,0x00,0x00,0x7a,0xfc,0xf6,0xfa,0xfa,0xfa,0xfa,0xfa,
  0xfa,0xf9,0xf6,0xfc,0xb5,0x00,0x02,0x00,0x00,0x00,0x00,0x00,0x00,0x00,0x00,0x00,
  0x00,0x00,0x00,0x00,0x00,0x00,0x00,0x00,0x00,0x02,0x00,0xb8,0xff,0xfa,0xfe,0xfe,
  0xfe,0xfe,0xfe,0xfd,0xfd,0xfa,0xff,0x90,0x24,0x2a,0x28,0x07,0x00,0x00,0x00,0x00,
  0x00,0x00,0x00,0x00,0x00,0x00,0x00,0x00,0x00,0x00,0x00,0x00,0x00,0x00,0x00,0x00,
  0x00,0x00,0x00,0x00,0x00,0x00,0x00,0x00,0x00,0x00,0x00,0x00,0x00,0x00,0x00,0x00,
  0x00,0x00,0x00,0x00,0x06,0x26,0x2a,0x24,0x93,0xff,0xfa,0xfe,0xfe,0xfe,0xfe,0xfe,
  0xfd,0xfd,0xf9,0xff,0xb5,0x00,0x02,0x00,0x00,0x00,0x00,0x00,0x00,0x00,0x00,0x00,
  0x00,0x00,0x00,0x00,0x00,0x00,0x00,0x00,0x00,0x02,0x00,0xb9,0xff,0xfa,0xfe,0xfe,
  0xfe,0xfe,0xfe,0xfe,0xfd,0xfd,0xfd,0xfa,0xf6,0xf8,0xf9,0x2b,0x00,0x02,0x00,0x00,
  0x00,0x00,0x00,0x00,0x00,0x00,0x00,0x00,0x00,0x00,0x00,0x00,0x00,0x00,0x00,0x00,
  0x00,0x00,0x00,0x00,0x00,0x00,0x00,0x00,0x00,0x00,0x00,0x00,0x00,0x00,0x00,0x00,
  0x00,0x00,0x02,0x00,0x28,0xf4,0xf9,0xf7,0xfa,0xfd,0xfe,0xfe,0xfe,0xfe,0xfe,0xfe,
  0xfd,0xfd,0xfa,0xff,0xb6,0x00,0x02,0x00,0x00,0x00,0x00,0x00,0x00,0x00,0x00,0x00,
  0x00,0x00,0x00,0x00,0x00,0x00,0x00,0x00,0x00,0x02,0x00,0xbb,0xff,0xfa,0xfe,0xfe,
  0xfe,0xfe,0xfe,0xfe,0xfe,0xfd,0xfd,0xfe,0xfd,0xfd,0xfd,0x2f,0x03,0x05,0x02,0x00,
  0x00,0x00,0x00,0x00,0x00,0x00,0x00,0x00,0x00,0x00,0x00,0x00,0x00,0x00,0x00,0x00,
  0x00,0x00,0x00,0x00,0x00,0x00,0x00,0x00,0x00,0x00,0x00,0x00,0x00,0x00,0x00,0x00,
  0x00,0x02,0x05,0x03,0x2c,0xfa,0xfe,0xfd,0xfe,0xfd,0xfe,0xfe,0xfe,0xfe,0xfe,0xfe,
  0xfe,0xfd,0xfa,0xff,0xba,0x00,0x02,0x00,0x00,0x00,0x00,0x00,0x00,0x00,0x00,0x00,
  0x00,0x00,0x00,0x00,0x00,0x00,0x00,0x00,0x00,0x02,0x00,0xbc,0xff,0xfa,0xfe,0xfe,
  0xfe,0xfe,0xfe,0xfe,0xfe,0xfd,0xfd,0xfd,0xfc,0xfc,0xfb,0x20,0x00,0x00,0x00,0x00,
  0x00,0x00,0x00,0x00,0x00,0x00,0x00,0x00,0x00,0x00,0x00,0x00,0x00,0x00,0x00,0x00,
  0x00,0x00,0x00,0x00,0x00,0x00,0x00,0x00,0x00,0x00,0x00,0x00,0x00,0x00,0x00,0x00,
  0x00,0x00,0x00,0x00,0x1e,0xf9,0xfd,0xfb,0xfd,0xfd,0xfe,0xfe,0xfe,0xfe,0xfe,0xfe,
  0xfe,0xfd,0xfa,0xff,0xbc,0x00,0x02,0x00,0x00,0x00,0x00,0x00,0x00,0x00,0x00,0x00,
  0x00,0x00,0x00,0x00,0x00,0x00,0x00,0x00,0x00,0x02,0x00,0xbb,0xff,0xfa,0xfd,0xfe,
  0xfe,0xfe,0xfe,0xfe,0xfe,0xfe,0xfe,0xfe,0xfd,0xfd,0xfc,0xaa,0x94,0x9d,0x4f,0x00,
  0x02,0x00,0x00,0x00,0x00,0x00,0x00,0x00,0x00,0x00,0x00,0x00,0x00,0x00,0x00,0x00,
  0x00,0x00,0x00,0x00,0x00,0x00,0x00,0x00,0x00,0x00,0x00,0x00,0x00,0x00,0x00,0x03,
  0x00,0x52,0xa0,0x96,0xac,0xfd,0xfd,0xfd,0xfe,0xfe,0xfe,0xfe,0xfe,0xfe,0xfe,0xfe,
  0xfe,0xfd,0xfa,0xff,0xbd,0x00,0x02,0x00,0x00,0x00,0x00,0x00,0x00,0x00,0x00,0x00,
  0x00,0x00,0x00,0x00,0x00,0x00,0x00,0x00,0x00,0x02,0x00,0xbb,0xff,0xfa,0xfd,0xfe,
  0xfe,0xfe,0xfe,0xfe,0xfe,0xfe,0xfe,0xfe,0xfd,0xfd,0xfd,0xff,0xff,0xff,0x97,0x03,
  0x07,0x03,0x03,0x03,0x03,0x03,0x02,0x00,0x00,0x00,0x00,0x00,0x00,0x00,0x00,0x00,
  0x00,0x00,0x00,0x00,0x00,0x00,0x00,0x00,0x00,0x01,0x03,0x03,0x03,0x03,0x03,0x07,
  0x03,0x95,0xff,0xff,0xff,0xfd,0xfe,0xfe,0xfe,0xfe,0xfe,0xfe,0xfe,0xfe,0xfe,0xfd,
  0xfd,0xfd,0xfa,0xff,0xbb,0x00,0x02,0x00,0x00,0x00,0x00,0x00,0x00,0x00,0x00,0x00,
  0x00,0x00,0x00,0x00,0x00,0x00,0x00,0x00,0x00,0x02,0x00,0xb8,0xfd,0xf9,0xfd,0xfd,
  0xfe,0xfe,0xfe,0xfe,0xfe,0xfe,0xfe,0xfe,0xfd,0xfd,0xfd,0xf9,0xf4,0xfb,0x8b,0x00,
  0x00,0x00,0x00,0x00,0x00,0x00,0x00,0x00,0x00,0x00,0x00,0x00,0x00,0x00,0x00,0x00,
  0x00,0x00,0x00,0x00,0x00,0x00,0x00,0x00,0x00,0x00,0x00,0x00,0x00,0x00,0x00,0x00,
  0x00,0x83,0xfc,0xf5,0xfa,0xfd,0xfe,0xfe,0xfe,0xfe,0xfe,0xfe,0xfe,0xfe,0xfe,0xfd,
  0xfd,0xfd,0xf9,0xfd,0xb8,0x00,0x02,0x00,0x00,0x00,0x00,0x00,0x00,0x00,0x00,0x00,
  0x00,0x00,0x00,0x00,0x00,0x00,0x00,0x00,0x00,0x02,0x00,0xbb,0xff,0xfd,0xfd,0xfd,
  0xfe,0xfe,0xfe,0xfe,0xfe,0xfe,0xfe,0xfe,0xfd,0xfd,0xfd,0xfd,0xfc,0xfe,0xdb,0xa7,
  0xa8,0xa6,0xa7,0xa6,0xa4,0xac,0x55,0x00,0x03,0x00,0x00,0x00,0x00,0x00,0x00,0x00,
  0x00,0x00,0x00,0x00,0x00,0x00,0x00,0x03,0x00,0x55,0xab,0xa6,0xa9,0xa7,0xa7,0xab,
  0xa7,0xd7,0xfe,0xfc,0xfd,0xfe,0xfe,0xfd,0xfe,0xfe,0xfe,0xfe,0xfe,0xfe,0xfe,0xfd,
  0xfd,0xfd,0xfe,0xff,0xbc,0x00,0x02,0x00,0x00,0x00,0x00,0x00,0x00,0x00,0x00,0x00,
  0x00,0x00,0x00,0x00,0x00,0x00,0x00,0x00,0x00,0x02,0x00,0x9d,0xe0,0xed,0xfe,0xfd,
  0xfe,0xfe,0xfe,0xfe,0xfe,0xfe,0xfe,0xfe,0xfe,0xfe,0xfe,0xfd,0xfd,0xfd,0xff,0xff,
  0xff,0xff,0xff,0xff,0xff,0xff,0x8f,0x03,0x07,0x03,0x03,0x03,0x03,0x03,0x03,0x03,
  0x03,0x03,0x03,0x03,0x03,0x03,0x03,0x07,0x03,0x92,0xff,0xff,0xff,0xff,0xff,0xff,
  0xff,0xff,0xfd,0xfe,0xfe,0xfe,0xfe,0xfe,0xfe,0xfe,0xfe,0xfe,0xfe,0xfe,0xfe,0xfd,
  0xfd,0xfd,0xea,0xe1,0x9b,0x00,0x02,0x00,0x00,0x00,0x00,0x00,0x00,0x00,0x00,0x00,
  0x00,0x00,0x00,0x00,0x00,0x00,0x00,0x00,0x00,0x00,0x00,0x09,0x09,0x60,0xff,0xfa,
  0xfd,0xfe,0xfe,0xfe,0xfe,0xfe,0xfe,0xfe,0xfe,0xfe,0xfe,0xfd,0xfd,0xfd,0xfc,0xfa,
  0xfa,0xfa,0xfa,0xfa,0xf6,0xfc,0x81,0x00,0x00,0x00,0x00,0x00,0x00,0x00,0x00,0x00,
  0x00,0x00,0x00,0x00,0x00,0x00,0x00,0x00,0x00,0x84,0xfc,0xf6,0xfa,0xfa,0xf9,0xf9,
  0xfa,0xfb,0xfd,0xfe,0xfe,0xfe,0xfe,0xfe,0xfe,0xfe,0xfe,0xfe,0xfe,0xfe,0xfe,0xfd,
  0xfb,0xff,0x4f,0x09,0x08,0x00,0x00,0x00,0x00,0x00,0x00,0x00,0x00,0x00,0x00,0x00,
  0x00,0x00,0x00,0x00,0x00,0x00,0x00,0x00,0x00,0x00,0x00,0x02,0x00,0x48,0xff,0xfb,
  0xfd,0xfe,0xfe,0xfe,0xfe,0xfe,0xfe,0xfe,0xfe,0xfe,0xfe,0xfd,0xfd,0xfd,0xfd,0xfd,
  0xfd,0xfd,0xfd,0xfd,0xfa,0xff,0xaa,0x39,0x3d,0x3d,0x3d,0x3c,0x3e,0x42,0x41,0x40,
  0x41,0x42,0x41,0x3f,0x3d,0x3d,0x3d,0x3f,0x38,0xaa,0xff,0xfa,0xfd,0xfe,0xfd,0xfd,
  0xfd,0xfd,0xfd,0xfe,0xfe,0xfe,0xfe,0xfe,0xfe,0xfe,0xfd,0xfe,0xfe,0xfe,0xfd,0xfd,
  0xfc,0xff,0x3a,0x00,0x02,0x00,0x00,0x00,0x00,0x00,0x00,0x00,0x00,0x00,0x00,0x00,
  0x00,0x00,0x00,0x00,0x00,0x00,0x00,0x00,0x00,0x00,0x00,0x04,0x01,0x49,0xfd,0xf9,
  0xfc,0xfd,0xfd,0xfd,0xfe,0xfe,0xfe,0xfe,0xfe,0xfe,0xfe,0xfd,0xfd,0xfd,0xfd,0xfe,
  0xfe,0xfe,0xfe,0xfe,0xfd,0xfd,0xff,0xff,0xff,0xff,0xff,0xff,0xff,0xff,0xff,0xff,
  0xff,0xff,0xff,0xff,0xff,0xff,0xff,0xff,0xff,0xff,0xfd,0xfd,0xfe,0xfe,0xfe,0xfe,
  0xfe,0xfe,0xfe,0xfe,0xfe,0xfe,0xfe,0xfe,0xfe,0xfd,0xfd,0xfd,0xfd,0xfd,0xfd,0xfc,
  0xfa,0xfd,0x3c,0x01,0x04,0x00,0x00,0x00,0x00,0x00,0x00,0x00,0x00,0x00,0x00,0x00,
  0x00,0x00,0x00,0x00,0x00,0x00,0x00,0x00,0x00,0x00,0x00,0x03,0x00,0x4b,0xff,0xff,
  0xff,0xfd,0xfd,0xfd,0xfe,0xfe,0xfe,0xfe,0xfe,0xfe,0xfe,0xfe,0xfd,0xfe,0xfe,0xfe,
  0xfe,0xfe,0xfe,0xfe,0xfe,0xfd,0xfc,0xfc,0xfc,0xfb,0xfb,0xfb,0xfc,0xfc,0xfb,0xfb,
  0xfb,0xfb,0xfc,0xfb,0xfb,0xfb,0xfb,0xfb,0xfb,0xfc,0xfd,0xfd,0xfe,0xfe,0xfe,0xfe,
  0xfe,0xfe,0xfe,0xfe,0xfe,0xfe,0xfe,0xfe,0xfe,0xfd,0xfd,0xfd,0xfd,0xfd,0xfd,0xff,
  0xff,0xff,0x3b,0x00,0x03,0x00,0x00,0x00,0x00,0x00,0x00,0x00,0x00,0x00,0x00,0x00,
  0x00,0x00,0x00,0x00,0x00,0x00,0x00,0x00,0x00,0x00,0x00,0x02,0x00,0x3b,0xd4,0xcd,
  0xde,0xfd,0xfc,0xfd,0xfd,0xfe,0xfe,0xfe,0xfe,0xfe,0xfe,0xfe,0xfe,0xfe,0xfe,0xfe,
  0xfe,0xfe,0xfe,0xfe,0xfe,0xfd,0xfd,0xfd,0xfd,0xfd,0xfd,0xfd,0xfd,0xfd,0xfd,0xfd,
  0xfd,0xfd,0xfd,0xfd,0xfd,0xfd,0xfd,0xfd,0xfd,0xfd,0xfd,0xfd,0xfe,0xfe,0xfe,0xfe,
  0xfe,0xfe,0xfe,0xfe,0xfe,0xfe,0xfe,0xfe,0xfe,0xfe,0xfd,0xfd,0xfd,0xfd,0xfe,0xe0,
  0xd1,0xd4,0x2c,0x00,0x02,0x00,0x00,0x00,0x00,0x00,0x00,0x00,0x00,0x00,0x00,0x00,
  0x00,0x00,0x00,0x00,0x00,0x00,0x00,0x00,0x00,0x00,0x00,0x00,0x00,0x01,0x05,0x01,
  0x4f,0xff,0xfa,0xfd,0xfd,0xfe,0xfe,0xfe,0xfe,0xfe,0xfe,0xfe,0xfe,0xfe,0xfe,0xfe,
  0xfe,0xfe,0xfe,0xfe,0xfe,0xfe,0xfd,0xfd,0xfd,0xfd,0xfd,0xfd,0xfd,0xfd,0xfd,0xfd,
  0xfd,0xfd,0xfe,0xfe,0xfd,0xfe,0xfe,0xfd,0xfd,0xfd,0xfd,0xfd,0xfe,0xfe,0xfe,0xfe,
  0xfe,0xfe,0xfe,0xfe,0xfe,0xfe,0xfe,0xfe,0xfe,0xfe,0xfd,0xfd,0xfd,0xfc,0xff,0x44,
  0x02,0x06,0x00,0x00,0x00,0x00,0x00,0x00,0x00,0x00,0x00,0x00,0x00,0x00,0x00,0x00,
  0x00,0x00,0x00,0x00,0x00,0x00,0x00,0x00,0x00,0x00,0x00,0x00,0x00,0x00,0x03,0x00,
  0x49,0xff,0xfb,0xfd,0xfe,0xfd,0xfd,0xfe,0xfe,0xfe,0xfe,0xfe,0xfe,0xfe,0xfe,0xfe,
  0xfe,0xfe,0xfe,0xfe,0xfe,0xfe,0xfe,0xfe,0xfd,0xfd,0xfd,0xfd,0xfd,0xfd,0xfd,0xfd,
  0xfe,0xfe,0xfe,0xfe,0xfe,0xfe,0xfe,0xfe,0xfe,0xfe,0xfd,0xfd,0xfe,0xfe,0xfe,0xfe,
  0xfe,0xfe,0xfe,0xfe,0xfe,0xfe,0xfe,0xfe,0xfe,0xfe,0xfd,0xfd,0xfd,0xfc,0xff,0x3b,
  0x00,0x03,0x01,0x00,0x00,0x00,0x00,0x00,0x00,0x00,0x00,0x00,0x00,0x00,0x00,0x00,
  0x00,0x00,0x00,0x00,0x00,0x00,0x00,0x00,0x00,0x00,0x00,0x00,0x00,0x00,0x00,0x00,
  0x4a,0xff,0xfb,0xfd,0xfe,0xfe,0xfe,0xfe,0xfe,0xfe,0xfe,0xfe,0xfe,0xfe,0xfe,0xfe,
  0xfe,0xfe,0xfe,0xfe,0xfe,0xfe,0xfe,0xfe,0xfe,0xfe,0xfe,0xfe,0xfe,0xfe,0xfe,0xfe,
  0xfe,0xfe,0xfe,0xfe,0xfe,0xfe,0xfe,0xfe,0xfe,0xfe,0xfe,0xfe,0xfe,0xfe,0xfe,0xfe,
  0xfe,0xfe,0xfe,0xfe,0xfe,0xfe,0xfe,0xfe,0xfe,0xfe,0xfe,0xfd,0xfd,0xfc,0xff,0x3a,
  0x00,0x00,0x00,0x00,0x00,0x00,0x00,0x00,0x00,0x00,0x00,0x00,0x00,0x00,0x00,0x00,
  0x00,0x00,0x00,0x00,0x00,0x00,0x00,0x00,0x00,0x00,0x00,0x02,0x00,0x82,0xcc,0xc2,
  0xdb,0xfd,0xfd,0xfe,0xfe,0xfe,0xfe,0xfe,0xfe,0xfe,0xfe,0xfe,0xfe,0xfe,0xfe,0xfe,
  0xfe,0xfe,0xfe,0xfe,0xfe,0xfe,0xfe,0xfe,0xfe,0xfe,0xfe,0xfe,0xfe,0xfe,0xfe,0xfe,
  0xfe,0xfe,0xfe,0xfe,0xfe,0xfe,0xfe,0xfe,0xfe,0xfe,0xfe,0xfe,0xfe,0xfe,0xfe,0xfe,
  0xfe,0xfe,0xfe,0xfe,0xfe,0xfe,0xfe,0xfe,0xfe,0xfe,0xfe,0xfe,0xfd,0xfd,0xfd,0xd6,
  0xc2,0xca,0x6e,0x00,0x03,0x00,0x00,0x00,0x00,0x00,0x00,0x00,0x00,0x00,0x00,0x00,
  0x00,0x00,0x00,0x00,0x00,0x00,0x00,0x00,0x00,0x00,0x00,0x04,0x00,0xb0,0xff,0xff,
  0xff,0xfd,0xfd,0xfe,0xfe,0xfe,0xfe,0xfe,0xfe,0xfe,0xfe,0xfe,0xfe,0xfe,0xfe,0xfe,
  0xfe,0xfe,0xfe,0xfe,0xfe,0xfe,0xfe,0xfe,0xfe,0xfe,0xfe,0xfe,0xfe,0xfe,0xfe,0xfe,
  0xfe,0xfe,0xfe,0xfe,0xfe,0xfe,0xfe,0xfe,0xfe,0xfe,0xfe,0xfe,0xfe,0xfe,0xfe,0xfe,
  0xfe,0xfe,0xfe,0xfe,0xfe,0xfe,0xfe,0xfe,0xfe,0xfe,0xfe,0xfe,0xfd,0xfd,0xfd,0xff,
  0xff,0xff,0x9a,0x00,0x05,0x00,0x00,0x00,0x00,0x00,0x00,0x00,0x00,0x00,0x00,0x00,
  0x00,0x00,0x00,0x00,0x00,0x00,0x00,0x00,0x00,0x00,0x00,0x03,0x00,0xa3,0xfd,0xf7,
  0xfb,0xfd,0xfd,0xfe,0xfe,0xfe,0xfe,0xfe,0xfe,0xfe,0xfe,0xfe,0xfe,0xfe,0xfe,0xfe,
  0xfe,0xfe,0xfe,0xfe,0xfe,0xfe,0xfe,0xfe,0xfe,0xfe,0xfe,0xfe,0xfe,0xfe,0xfe,0xfe,
  0xfe,0xfe,0xfe,0xfe,0xfe,0xfe,0xfe,0xfe,0xfe,0xfe,0xfe,0xfe,0xfe,0xfe,0xfe,0xfe,
  0xfe,0xfe,0xfe,0xfe,0xfe,0xfe,0xfe,0xfe,0xfe,0xfe,0xfe,0xfe,0xfe,0xfd,0xfd,0xfb,
  0xf6,0xfc,0x92,0x01,0x04,0x00,0x00,0x00,0x00,0x00,0x00,0x00,0x00,0x00,0x00,0x00,
  0x00,0x00,0x00,0x00,0x00,0x00,0x00,0x00,0x00,0x00,0x00,0x01,0x00,0xa5,0xff,0xfa,
  0xfd,0xfd,0xfe,0xfe,0xfe,0xfe,0xfe,0xfe,0xfe,0xfe,0xfe,0xfe,0xfe,0xfe,0xfe,0xfe,
  0xfe,0xfe,0xfe,0xfe,0xfe,0xfe,0xfe,0xfe,0xfe,0xfe,0xfe,0xfe,0xfe,0xfe,0xfe,0xfe,
  0xfe,0xfe,0xfe,0xfe,0xfe,0xfe,0xfe,0xfe,0xfe,0xfe,0xfe,0xfe,0xfe,0xfe,0xfe,0xfe,
  0xfe,0xfe,0xfe,0xfe,0xfe,0xfe,0xfe,0xfe,0xfe,0xfe,0xfe,0xfe,0xfe,0xfe,0xfd,0xfd,
  0xf9,0xff,0x93,0x00,0x01,0x00,0x00,0x00,0x00,0x00,0x00,0x00,0x00,0x00,0x00,0x00,
  0x00,0x00,0x00,0x00,0x00,0x00,0x00,0x02,0x00,0x39,0xd0,0xcb,0xce,0xef,0xfd,0xfd,
  0xfe,0xfe,0xfe,0xfe,0xfe,0xfe,0xfe,0xfe,0xfe,0xfe,0xfe,0xfe,0xfe,0xfe,0xfe,0xfe,
  0xfe,0xfe,0xfe,0xfe,0xfe,0xfe,0xfe,0xfe,0xfe,0xfe,0xfe,0xfe,0xfe,0xfe,0xfe,0xfe,
  0xfe,0xfe,0xfe,0xfe,0xfe,0xfe,0xfe,0xfe,0xfe,0xfe,0xfe,0xfe,0xfe,0xfe,0xfe,0xfe,
  0xfe,0xfe,0xfe,0xfe,0xfe,0xfe,0xfe,0xfe,0xfe,0xfe,0xfe,0xfe,0xfe,0xfe,0xfe,0xfe,
  0xfd,0xfd,0xe9,0xca,0xcb,0xd1,0x38,0x00,0x02,0x00,0x00,0x00,0x00,0x00,0x00,0x00,
  0x00,0x00,0x00,0x00,0x00,0x00,0x00,0x03,0x00,0x51,0xff,0xff,0xff,0xff,0xfe,0xfe,
  0xfe,0xfe,0xfe,0xfe,0xfe,0xfe,0xfe,0xfe,0xfe,0xfe,0xfe,0xfe,0xfe,0xfe,0xfe,0xfe,
  0xfe,0xfe,0xfe,0xfe,0xfe,0xfe,0xfe,0xfe,0xfe,0xfe,0xfe,0xfe,0xfe,0xfe,0xfe,0xfe,
  0xfe,0xfe,0xfe,0xfe,0xfe,0xfe,0xfe,0xfe,0xfe,0xfe,0xfe,0xfe,0xfe,0xfe,0xfe,0xfe,
  0xfe,0xfe,0xfe,0xfe,0xfe,0xfe,0xfe,0xfe,0xfe,0xfe,0xfe,0xfe,0xfe,0xfe,0xfe,0xfe,
  0xfe,0xfd,0xff,0xff,0xff,0xff,0x48,0x00,0x03,0x00,0x00,0x00,0x00,0x00,0x00,0x00,
  0x00,0x00,0x00,0x00,0x00,0x00,0x02,0x05,0x02,0x51,0xfd,0xf7,0xfb,0xfd,0xfe,0xfe,
  0xfe,0xfe,0xfe,0xfe,0xfe,0xfe,0xfe,0xfe,0xfe,0xfe,0xfe,0xfe,0xfe,0xfe,0xfe,0xfe,
  0xfe,0xfe,0xfe,0xfe,0xfe,0xfe,0xfe,0xfe,0xfe,0xfe,0xfe,0xfe,0xfe,0xfe,0xfe,0xfe,
  0xfe,0xfe,0xfe,0xfe,0xfe,0xfe,0xfe,0xfe,0xfe,0xfe,0xfe,0xfe,0xfe,0xfe,0xfe,0xfe,
  0xfe,0xfe,0xfe,0xfe,0xfe,0xfe,0xfe,0xfe,0xfe,0xfe,0xfe,0xfe,0xfe,0xfe,0xfe,0xfe,
  0xfe,0xfe,0xfc,0xfb,0xf9,0xfd,0x47,0x02,0x05,0x02,0x00,0x00,0x00,0x00,0x00,0x00,
  0x00,0x00,0x00,0x00,0x00,0x00,0x00,0x00,0x00,0x4c,0xff,0xfa,0xfd,0xfe,0xfe,0xfe,
  0xfe,0xfe,0xfe,0xfe,0xfe,0xfe,0xfe,0xfe,0xfe,0xfe,0xfe,0xfe,0xfe,0xfe,0xfe,0xfe,
  0xfe,0xfe,0xfe,0xfe,0xfd,0xfd,0xfd,0xfe,0xfe,0xfe,0xfe,0xfe,0xfe,0xfe,0xfe,0xfe,
  0xfe,0xfe,0xfe,0xfe,0xfe,0xfe,0xfe,0xfe,0xfd,0xfd,0xfd,0xfe,0xfe,0xfe,0xfe,0xfe,
  0xfe,0xfe,0xfe,0xfe,0xfe,0xfd,0xfe,0xfe,0xfe,0xfe,0xfe,0xfe,0xfe,0xfe,0xfe,0xfe,
  0xfe,0xfe,0xfd,0xfd,0xfa,0xff,0x45,0x00,0x00,0x00,0x00,0x00,0x00,0x00,0x00,0x00,
  0x00,0x00,0x00,0x00,0x00,0x01,0x93,0xbb,0xb5,0xd0,0xfe,0xfc,0xfd,0xfe,0xfe,0xfe,
  0xfe,0xfe,0xfe,0xfe,0xfe,0xfe,0xfe,0xfe,0xfe,0xfe,0xfe,0xfe,0xfe,0xfe,0xfe,0xfe,
  0xfe,0xfe,0xfe,0xfe,0xfd,0xfd,0xfd,0xfe,0xfe,0xfe,0xfe,0xfe,0xfe,0xfe,0xfe,0xfe,
  0xfe,0xfe,0xfe,0xfe,0xfe,0xfe,0xfe,0xfe,0xfd,0xfd,0xfd,0xfe,0xfe,0xfe,0xfe,0xfe,
  0xfe,0xfe,0xfe,0xfe,0xfe,0xfd,0xfe,0xfe,0xfe,0xfe,0xfe,0xfe,0xfe,0xfe,0xfe,0xfe,
  0xfe,0xfe,0xfd,0xfd,0xfc,0xfe,0xd2,0xb7,0xbb,0x99,0x02,0x00,0x00,0x00,0x00,0x00,
  0x00,0x00,0x01,0x04,0x03,0x06,0xe3,0xff,0xff,0xff,0xfd,0xfd,0xfd,0xfe,0xfe,0xfe,
  0xfe,0xfe,0xfe,0xfe,0xfe,0xfd,0xfd,0xfd,0xfd,0xfd,0xfe,0xfe,0xfe,0xfe,0xfe,0xfe,
  0xfe,0xfe,0xfe,0xfe,0xfe,0xfd,0xfe,0xfe,0xfe,0xfe,0xfe,0xfe,0xfe,0xfe,0xfe,0xfe,
  0xfe,0xfe,0xfe,0xfe,0xfe,0xfe,0xfe,0xfe,0xfe,0xfe,0xfe,0xfe,0xfe,0xfe,0xfe,0xfe,
  0xfe,0xfe,0xfe,0xfe,0xfe,0xfe,0xfe,0xfe,0xfd,0xfd,0xfd,0xfe,0xfe,0xfe,0xfe,0xfe,
  0xfe,0xfe,0xfe,0xfe,0xfe,0xfe,0xff,0xff,0xff,0xe5,0x08,0x03,0x05,0x01,0x00,0x00,
  0x00,0x00,0x00,0x00,0x00,0x00,0xd0,0xfc,0xf8,0xfb,0xfd,0xfd,0xfd,0xfe,0xfe,0xfe,
  0xfe,0xfe,0xfe,0xfe,0xfe,0xfd,0xfd,0xfd,0xfd,0xfd,0xfe,0xfe,0xfe,0xfe,0xfe,0xfe,
  0xfe,0xfe,0xfe,0xfe,0xfe,0xfd,0xfd,0xfe,0xfd,0xfd,0xfe,0xfe,0xfe,0xfe,0xfe,0xfe,
  0xfe,0xfe,0xfe,0xfe,0xfe,0xfe,0xfd,0xfd,0xfe,0xfe,0xfe,0xfd,0xfe,0xfe,0xfe,0xfe,
  0xfe,0xfe,0xfe,0xfe,0xfe,0xfe,0xfe,0xfe,0xfd,0xfd,0xfd,0xfd,0xfe,0xfe,0xfe,0xfe,
  0xfe,0xfe,0xfe,0xfe,0xfe,0xfe,0xfb,0xf8,0xfc,0xd4,0x00,0x00,0x00,0x00,0x00,0x00,
  0x01,0x00,0x1e,0x50,0x50,0x56,0xe5,0xfe,0xfc,0xfd,0xfd,0xfd,0xfd,0xfe,0xfe,0xfe,
  0xfe,0xfe,0xfe,0xfe,0xfd,0xfd,0xfd,0xfd,0xfd,0xfe,0xfe,0xfe,0xfe,0xfe,0xfe,0xfe,
  0xfe,0xfe,0xfe,0xfe,0xfe,0xfd,0xfd,0xfd,0xfd,0xfd,0xfd,0xfe,0xfe,0xfe,0xfe,0xfe,
  0xfe,0xfe,0xfe,0xfe,0xfe,0xfd,0xfd,0xfd,0xfe,0xfe,0xfd,0xfd,0xfe,0xfe,0xfe,0xfe,
  0xfe,0xfe,0xfe,0xfe,0xfe,0xfe,0xfe,0xfe,0xfd,0xfd,0xfd,0xfe,0xfe,0xfe,0xfe,0xfe,
  0xfe,0xfe,0xfe,0xfe,0xfe,0xfd,0xfe,0xfd,0xff,0xe7,0x59,0x4f,0x51,0x20,0x00,0x01,
  0x04,0x00,0x6d,0xff,0xff,0xff,0xff,0xfd,0xfd,0xfd,0xfd,0xfd,0xfe,0xfe,0xfe,0xfe,
  0xfe,0xfd,0xfd,0xfd,0xfd,0xfd,0xfd,0xfe,0xfe,0xfe,0xfe,0xfe,0xfe,0xfe,0xfe,0xfe,
  0xfe,0xfe,0xfe,0xfe,0xfe,0xfd,0xfd,0xfd,0xfd,0xfd,0xfd,0xfe,0xfe,0xfe,0xfe,0xfe,
  0xfe,0xfe,0xfe,0xfe,0xfd,0xfd,0xfd,0xfe,0xfe,0xfd,0xfd,0xfd,0xfe,0xfe,0xfe,0xfe,
  0xfe,0xfe,0xfe,0xfe,0xfe,0xfe,0xfe,0xfe,0xfd,0xfd,0xfe,0xfe,0xfe,0xfe,0xfe,0xfe,
  0xfe,0xfe,0xfe,0xfd,0xfd,0xfd,0xfe,0xfe,0xfe,0xff,0xff,0xff,0xff,0x74,0x00,0x04,
  0x04,0x00,0x66,0xfc,0xf7,0xfb,0xfd,0xfe,0xfd,0xfd,0xfd,0xfe,0xfe,0xfe,0xfe,0xfe,
  0xfd,0xfd,0xfd,0xfd,0xfd,0xfe,0xfe,0xfe,0xfe,0xfe,0xfe,0xfe,0xfe,0xfe,0xfe,0xfe,
  0xfe,0xfe,0xfe,0xfe,0xfe,0xfd,0xfd,0xfd,0xfd,0xfd,0xfd,0xfe,0xfe,0xfe,0xfe,0xfe,
  0xfe,0xfe,0xfd,0xfe,0xfd,0xfd,0xfd,0xfe,0xfe,0xfd,0xfd,0xfe,0xfe,0xfe,0xfe,0xfe,
  0xfe,0xfe,0xfe,0xfe,0xfe,0xfe,0xfe,0xfe,0xfd,0xfe,0xfe,0xfe,0xfe,0xfd,0xfe,0xfe,
  0xfe,0xfe,0xfe,0xfd,0xfd,0xfd,0xfe,0xfe,0xfe,0xfd,0xfa,0xf6,0xfc,0x6b,0x00,0x04,
  0x04,0x00,0x67,0xff,0xfa,0xfe,0xfe,0xfe,0xfe,0xfd,0xfd,0xfe,0xfe,0xfe,0xfe,0xfe,
  0xfd,0xfd,0xfd,0xfd,0xfe,0xfe,0xfe,0xfe,0xfe,0xfe,0xfe,0xfe,0xfe,0xfe,0xfe,0xfe,
  0xfe,0xfe,0xfe,0xfe,0xfe,0xfd,0xfd,0xfd,0xfd,0xfd,0xfd,0xfd,0xfe,0xfe,0xfe,0xfe,
  0xfe,0xfe,0xfd,0xfd,0xfd,0xfd,0xfd,0xfe,0xfe,0xfe,0xfd,0xfe,0xfe,0xfe,0xfe,0xfe,
  0xfe,0xfe,0xfe,0xfe,0xfe,0xfe,0xfe,0xfe,0xfe,0xfe,0xfe,0xfe,0xfe,0xfd,0xfe,0xfe,
  0xfe,0xfe,0xfe,0xfd,0xfd,0xfd,0xfe,0xfe,0xfe,0xfd,0xfd,0xf9,0xff,0x6a,0x00,0x04,
  0x04,0x00,0x68,0xff,0xfa,0xfe,0xfe,0xfe,0xfd,0xfd,0xfd,0xfe,0xfe,0xfe,0xfe,0xfe,
  0xfd,0xfd,0xfd,0xfe,0xfe,0xfe,0xfe,0xfe,0xfe,0xfe,0xfe,0xfe,0xfe,0xfe,0xfe,0xfe,
  0xfe,0xfe,0xfe,0xfe,0xfe,0xfe,0xfd,0xfd,0xfd,0xfd,0xfe,0xfe,0xfe,0xfe,0xfe,0xfe,
  0xfe,0xfe,0xfe,0xfd,0xfd,0xfe,0xfe,0xfe,0xfe,0xfe,0xfd,0xfe,0xfe,0xfe,0xfe,0xfe,
  0xfe,0xfe,0xfe,0xfe,0xfe,0xfe,0xfe,0xfe,0xfe,0xfe,0xfe,0xfe,0xfe,0xfe,0xfd,0xfe,
  0xfe,0xfe,0xfe,0xfd,0xfd,0xfd,0xfe,0xfe,0xfe,0xfd,0xfd,0xf9,0xff,0x6b,0x00,0x04,
  0x04,0x00,0x66,0xff,0xfa,0xfe,0xfe,0xfe,0xfd,0xfd,0xfd,0xfe,0xfe,0xfe,0xfe,0xfe,
  0xfd,0xfd,0xfd,0xfe,0xfe,0xfe,0xfe,0xfe,0xfe,0xfe,0xfe,0xfe,0xfe,0xfe,0xfe,0xfe,
  0xfe,0xfe,0xfe,0xfe,0xfe,0xfe,0xfd,0xfd,0xfd,0xfd,0xfd,0xfe,0xfe,0xfe,0xfe,0xfe,
  0xfe,0xfe,0xfd,0xfe,0xfe,0xfe,0xfe,0xfe,0xfe,0xfe,0xfd,0xfd,0xfe,0xfe,0xfd,0xfd,
  0xfd,0xfd,0xfd,0xfe,0xfe,0xfe,0xfe,0xfe,0xfe,0xfe,0xfe,0xfe,0xfe,0xfe,0xfd,0xfd,
  0xfe,0xfe,0xfe,0xfd,0xfd,0xfd,0xfe,0xfe,0xfe,0xfe,0xfd,0xf9,0xff,0x6c,0x00,0x04,
  0x04,0x00,0x66,0xff,0xf9,0xfd,0xfd,0xfe,0xfd,0xfd,0xfd,0xfe,0xfe,0xfe,0xfe,0xfe,
  0xfe,0xfd,0xfd,0xfe,0xfe,0xfe,0xfe,0xfe,0xfe,0xfe,0xfe,0xfe,0xfe,0xfe,0xfe,0xfe,
  0xfe,0xfe,0xfe,0xfe,0xfe,0xfe,0xfe,0xfd,0xfd,0xfd,0xfd,0xfe,0xfe,0xfe,0xfe,0xfe,
  0xfe,0xfe,0xfd,0xfe,0xfe,0xfe,0xfe,0xfe,0xfe,0xfe,0xfd,0xfd,0xfd,0xfe,0xfd,0xfd,
  0xfd,0xfd,0xfd,0xfe,0xfe,0xfe,0xfe,0xfe,0xfe,0xfe,0xfe,0xfe,0xfe,0xfe,0xfd,0xfd,
  0xfe,0xfe,0xfe,0xfd,0xfd,0xfd,0xfe,0xfe,0xfe,0xfe,0xfd,0xf9,0xff,0x6d,0x00,0x04,
  0x04,0x00,0x6b,0xff,0xf9,0xfd,0xfe,0xfe,0xfe,0xfe,0xfe,0xfd,0xfd,0xfd,0xfe,0xfe,
  0xfe,0xfd,0xfd,0xfe,0xfe,0xfe,0xfe,0xfe,0xfe,0xfe,0xfe,0xfe,0xfe,0xfe,0xfe,0xfe,
  0xfe,0xfe,0xfe,0xfe,0xfe,0xfe,0xfe,0xfd,0xfd,0xfd,0xfd,0xfe,0xfe,0xfd,0xfe,0xfe,
  0xfd,0xfd,0xfd,0xfe,0xfe,0xfe,0xfe,0xfe,0xfe,0xfd,0xfd,0xfe,0xfe,0xfe,0xfe,0xfe,
  0xfd,0xfd,0xfd,0xfe,0xfe,0xfe,0xfe,0xfe,0xfe,0xfe,0xfe,0xfe,0xfe,0xfe,0xfe,0xfe,
  0xfe,0xfe,0xfe,0xfd,0xfd,0xfd,0xfe,0xfe,0xfe,0xfe,0xfe,0xf9,0xff,0x6f,0x00,0x04,
  0x04,0x00,0x6c,0xff,0xf9,0xfe,0xfe,0xfe,0xfe,0xfe,0xfe,0xfd,0xfd,0xfd,0xfe,0xfe,
  0xfd,0xfd,0xfd,0xfe,0xfe,0xfe,0xfe,0xfe,0xfe,0xfe,0xfe,0xfe,0xfe,0xfe,0xfe,0xfe,
  0xfe,0xfe,0xfe,0xfe,0xfe,0xfe,0xfe,0xfd,0xfd,0xfd,0xfd,0xfd,0xfd,0xfd,0xfd,0xfd,
  0xfd,0xfd,0xfd,0xfe,0xfe,0xfe,0xfe,0xfe,0xfe,0xfd,0xfd,0xfe,0xfe,0xfe,0xfe,0xfe,
  0xfe,0xfe,0xfe,0xfe,0xfe,0xfe,0xfe,0xfe,0xfe,0xfe,0xfe,0xfe,0xfe,0xfe,0xfe,0xfe,
  0xfe,0xfe,0xfe,0xfd,0xfd,0xfd,0xfe,0xfe,0xfe,0xfe,0xfe,0xf9,0xff,0x6f,0x00,0x04,
  0x04,0x00,0x6a,0xff,0xfa,0xfe,0xfe,0xfe,0xfe,0xfe,0xfe,0xfe,0xfe,0xfe,0xfe,0xfd,
  0xfd,0xfd,0xfd,0xfe,0xfe,0xfe,0xfe,0xfe,0xfd,0xfe,0xfe,0xfe,0xfe,0xfe,0xfe,0xfe,
  0xfe,0xfe,0xfe,0xfe,0xfe,0xfe,0xfe,0xfe,0xfd,0xfd,0xfd,0xfd,0xfd,0xfd,0xfd,0xfd,
  0xfd,0xfd,0xfd,0xfe,0xfe,0xfe,0xfe,0xfe,0xfe,0xfe,0xfe,0xfe,0xfe,0xfe,0xfe,0xfe,
  0xfe,0xfe,0xfe,0xfe,0xfe,0xfe,0xfe,0xfe,0xfe,0xfe,0xfe,0xfe,0xfd,0xfe,0xfe,0xfe,
  0xfe,0xfe,0xfe,0xfd,0xfd,0xfe,0xfe,0xfe,0xfe,0xfe,0xfe,0xf9,0xff,0x6d,0x00,0x04,
  0x04,0x00,0x6a,0xff,0xfa,0xfe,0xfe,0xfe,0xfe,0xfe,0xfd,0xfd,0xfd,0xfe,0xfe,0xfd,
  0xfd,0xfd,0xfe,0xfe,0xfe,0xfe,0xfe,0xfe,0xfe,0xfe,0xfe,0xfe,0xfe,0xfe,0xfe,0xfe,
  0xfe,0xfe,0xfe,0xfe,0xfe,0xfe,0xfe,0xfe,0xfd,0xfd,0xfd,0xfd,0xfd,0xfd,0xfd,0xfd,
  0xfd,0xfd,0xfd,0xfd,0xfd,0xfd,0xfd,0xfe,0xfe,0xfe,0xfe,0xfe,0xfe,0xfe,0xfe,0xfe,
  0xfe,0xfe,0xfe,0xfe,0xfe,0xfe,0xfe,0xfe,0xfe,0xfe,0xfe,0xfd,0xfd,0xfd,0xfe,0xfe,
  0xfe,0xfe,0xfe,0xfd,0xfe,0xfe,0xfe,0xfe,0xfe,0xfe,0xfd,0xf9,0xff,0x6e,0x00,0x04,
  0x04,0x00,0x69,0xff,0xfa,0xfe,0xfe,0xfe,0xfe,0xfe,0xfd,0xfd,0xfd,0xfe,0xfe,0xfe,
  0xfd,0xfd,0xfe,0xfe,0xfe,0xfe,0xfe,0xfe,0xfe,0xfe,0xfe,0xfe,0xfe,0xfe,0xfe,0xfe,
  0xfe,0xfe,0xfe,0xfe,0xfe,0xfe,0xfe,0xfe,0xfd,0xfd,0xfd,0xfd,0xfd,0xfd,0xfd,0xfd,
  0xfd,0xfd,0xfd,0xfd,0xfd,0xfd,0xfd,0xfd,0xfd,0xfe,0xfe,0xfe,0xfe,0xfe,0xfe,0xfe,
  0xfe,0xfe,0xfe,0xfe,0xfe,0xfe,0xfe,0xfe,0xfe,0xfe,0xfe,0xfd,0xfd,0xfd,0xfe,0xfe,
  0xfe,0xfe,0xfe,0xfd,0xfe,0xfe,0xfe,0xfe,0xfe,0xfd,0xfd,0xf9,0xff,0x6e,0x00,0x04,
  0x04,0x00,0x68,0xff,0xf9,0xfe,0xfe,0xfd,0xfe,0xfe,0xfd,0xfd,0xfd,0xfe,0xfe,0xfe,
  0xfd,0xfd,0xfd,0xfe,0xfe,0xfe,0xfe,0xfe,0xfe,0xfe,0xfe,0xfe,0xfe,0xfe,0xfe,0xfe,
  0xfe,0xfe,0xfe,0xfe,0xfe,0xfe,0xfe,0xfe,0xfd,0xfd,0xfd,0xfe,0xfe,0xfd,0xfd,0xfd,
  0xfd,0xfe,0xfd,0xfd,0xfd,0xfd,0xfd,0xfd,0xfd,0xfd,0xfd,0xfd,0xfe,0xfe,0xfe,0xfe,
  0xfe,0xfe,0xfe,0xfe,0xfe,0xfe,0xfe,0xfe,0xfd,0xfe,0xfe,0xfd,0xfd,0xfd,0xfd,0xfe,
  0xfe,0xfe,0xfe,0xfd,0xfe,0xfe,0xfe,0xfe,0xfe,0xfe,0xfd,0xf9,0xff,0x6d,0x00,0x04,
  0x04,0x00,0x68,0xff,0xf9,0xfe,0xfe,0xfd,0xfe,0xfe,0xfd,0xfd,0xfd,0xfe,0xfe,0xfe,
  0xfd,0xfd,0xfe,0xfe,0xfe,0xfe,0xfe,0xfe,0xfe,0xfe,0xfe,0xfe,0xfe,0xfe,0xfe,0xfe,
  0xfe,0xfe,0xfe,0xfe,0xfe,0xfe,0xfd,0xfd,0xfd,0xfd,0xfe,0xfe,0xfe,0xfd,0xfd,0xfd,
  0xfe,0xfe,0xfe,0xfe,0xfe,0xfd,0xfd,0xfd,0xfd,0xfd,0xfd,0xfd,0xfe,0xfe,0xfe,0xfe,
  0xfe,0xfe,0xfe,0xfe,0xfe,0xfe,0xfe,0xfd,0xfd,0xfd,0xfd,0xfd,0xfd,0xfd,0xfe,0xfe,
  0xfe,0xfe,0xfe,0xfd,0xfe,0xfe,0xfe,0xfe,0xfe,0xfe,0xfd,0xf9,0xff,0x6b,0x00,0x04,
  0x04,0x00,0x67,0xfc,0xf7,0xfc,0xfe,0xfd,0xfe,0xfe,0xfd,0xfd,0xfd,0xfe,0xfe,0xfe,
  0xfe,0xfd,0xfe,0xfe,0xfd,0xfd,0xfd,0xfe,0xfe,0xfe,0xfe,0xfe,0xfe,0xfe,0xfe,0xfe,
  0xfe,0xfe,0xfe,0xfe,0xfe,0xfd,0xfd,0xfd,0xfd,0xfd,0xfe,0xfe,0xfe,0xfe,0xfe,0xfd,
  0xfe,0xfe,0xfe,0xfe,0xfe,0xfe,0xfd,0xfd,0xfd,0xfd,0xfd,0xfd,0xfe,0xfe,0xfe,0xfe,
  0xfe,0xfe,0xfe,0xfe,0xfe,0xfe,0xfe,0xfd,0xfd,0xfd,0xfd,0xfd,0xfd,0xfd,0xfe,0xfe,
  0xfe,0xfe,0xfe,0xfe,0xfe,0xfe,0xfe,0xfe,0xfe,0xfe,0xfb,0xf7,0xfc,0x68,0x00,0x04,
  0x04,0x00,0x6c,0xff,0xff,0xff,0xff,0xfe,0xfe,0xfd,0xfd,0xfd,0xfe,0xfe,0xfe,0xfe,
  0xfe,0xfe,0xfe,0xfe,0xfe,0xfd,0xfd,0xfd,0xfe,0xfe,0xfe,0xfe,0xfe,0xfe,0xfe,0xfe,
  0xfe,0xfe,0xfd,0xfe,0xfe,0xfd,0xfd,0xfd,0xfd,0xfd,0xfe,0xfe,0xfe,0xfe,0xfe,0xfe,
  0xfe,0xfd,0xfd,0xfd,0xfd,0xfd,0xfd,0xfd,0xfd,0xfd,0xfd,0xfd,0xfe,0xfe,0xfe,0xfe,
  0xfe,0xfe,0xfe,0xfe,0xfe,0xfe,0xfe,0xfd,0xfd,0xfd,0xfd,0xfd,0xfe,0xfe,0xfe,0xfe,
  0xfe,0xfe,0xfe,0xfe,0xfe,0xfe,0xfe,0xfe,0xfe,0xff,0xff,0xff,0xff,0x6d,0x00,0x04,
  0x03,0x00,0x4d,0xc1,0xbd,0xc8,0xf7,0xfe,0xfe,0xfd,0xfd,0xfd,0xfe,0xfe,0xfe,0xfe,
  0xfe,0xfe,0xfe,0xfe,0xfe,0xfd,0xfd,0xfd,0xfd,0xfe,0xfe,0xfe,0xfe,0xfe,0xfe,0xfe,
  0xfe,0xfd,0xfd,0xfe,0xfd,0xfd,0xfd,0xfd,0xfd,0xfd,0xfe,0xfe,0xfe,0xfe,0xfe,0xfe,
  0xfe,0xfd,0xfd,0xfd,0xfd,0xfd,0xfd,0xfd,0xfd,0xfd,0xfd,0xfd,0xfd,0xfe,0xfe,0xfe,
  0xfe,0xfe,0xfe,0xfe,0xfe,0xfe,0xfe,0xfd,0xfd,0xfd,0xfd,0xfd,0xfe,0xfe,0xfe,0xfe,
  0xfe,0xfe,0xfe,0xfd,0xfe,0xfe,0xfe,0xfe,0xfe,0xf7,0xce,0xc3,0xc3,0x4a,0x00,0x03,
  0x00,0x00,0x00,0x00,0x00,0x00,0xd7,0xfe,0xfb,0xfd,0xfd,0xfd,0xfe,0xfe,0xfe,0xfe,
  0xfe,0xfe,0xfe,0xfe,0xfe,0xfe,0xfd,0xfd,0xfd,0xfd,0xfe,0xfe,0xfe,0xfe,0xfe,0xfe,
  0xfe,0xfd,0xfd,0xfd,0xfd,0xfd,0xfe,0xfe,0xfe,0xfd,0xfd,0xfe,0xfe,0xfe,0xfe,0xfe,
  0xfe,0xfe,0xfd,0xfd,0xfd,0xfd,0xfd,0xfd,0xfd,0xfd,0xfd,0xfd,0xfd,0xfe,0xfe,0xfe,
  0xfe,0xfe,0xfe,0xfe,0xfe,0xfe,0xfe,0xfd,0xfd,0xfd,0xfd,0xfd,0xfe,0xfe,0xfe,0xfe,
  0xfe,0xfe,0xfe,0xfd,0xfd,0xfd,0xfd,0xfa,0xfe,0xda,0x05,0x00,0x00,0x00,0x00,0x00,
  0x00,0x00,0x01,0x03,0x01,0x05,0xdb,0xff,0xff,0xff,0xfe,0xfe,0xfe,0xfe,0xfe,0xfe,
  0xfe,0xfe,0xfe,0xfe,0xfe,0xfe,0xfd,0xfd,0xfd,0xfd,0xfe,0xfe,0xfe,0xfe,0xfe,0xfe,
  0xfd,0xfd,0xfd,0xfd,0xfd,0xfd,0xfe,0xfe,0xfe,0xfe,0xfe,0xfe,0xfe,0xfe,0xfe,0xfe,
  0xfe,0xfe,0xfd,0xfd,0xfd,0xfd,0xfd,0xfd,0xfd,0xfd,0xfd,0xfd,0xfd,0xfe,0xfe,0xfe,
  0xfe,0xfe,0xfe,0xfe,0xfe,0xfe,0xfe,0xfd,0xfd,0xfd,0xfd,0xfd,0xfe,0xfe,0xfe,0xfe,
  0xfe,0xfe,0xfe,0xfd,0xfd,0xfd,0xff,0xff,0xff,0xe0,0x06,0x01,0x02,0x01,0x00,0x00,
  0x00,0x00,0x00,0x01,0x00,0x03,0xc1,0xec,0xea,0xf6,0xfe,0xfe,0xfd,0xfe,0xfe,0xfe,
  0xfe,0xfe,0xfe,0xfe,0xfe,0xfe,0xfe,0xfd,0xfd,0xfd,0xfe,0xfe,0xfe,0xfe,0xfe,0xfe,
  0xfd,0xfd,0xfd,0xfd,0xfd,0xfd,0xfe,0xfe,0xfe,0xfe,0xfe,0xfe,0xfe,0xfe,0xfe,0xfe,
  0xfe,0xfe,0xfd,0xfd,0xfd,0xfd,0xfd,0xfd,0xfd,0xfd,0xfd,0xfd,0xfd,0xfe,0xfe,0xfe,
  0xfe,0xfe,0xfe,0xfe,0xfe,0xfe,0xfe,0xfd,0xfd,0xfd,0xfd,0xfd,0xfe,0xfe,0xfe,0xfe,
  0xfe,0xfe,0xfe,0xfd,0xfd,0xfd,0xf3,0xec,0xf2,0xc6,0x04,0x00,0x01,0x00,0x00,0x00,
  0x00,0x00,0x00,0x00,0x00,0x00,0x0e,0x17,0x15,0x69,0xff,0xfa,0xfd,0xfd,0xfe,0xfe,
  0xfe,0xfe,0xfe,0xfe,0xfe,0xfe,0xfe,0xfd,0xfd,0xfd,0xfe,0xfe,0xfe,0xfe,0xfe,0xfe,
  0xfe,0xfd,0xfd,0xfe,0xfe,0xfd,0xfe,0xfe,0xfe,0xfe,0xfe,0xfe,0xfe,0xfe,0xfe,0xfe,
  0xfe,0xfe,0xfe,0xfd,0xfd,0xfd,0xfd,0xfd,0xfd,0xfd,0xfd,0xfd,0xfe,0xfe,0xfe,0xfd,
  0xfe,0xfe,0xfe,0xfe,0xfe,0xfe,0xfe,0xfe,0xfd,0xfd,0xfe,0xfe,0xfe,0xfe,0xfe,0xfe,
  0xfe,0xfe,0xfd,0xfd,0xfb,0xff,0x5c,0x18,0x1e,0x10,0x00,0x00,0x00,0x00,0x00,0x00,
  0x00,0x00,0x00,0x00,0x00,0x00,0x00,0x00,0x00,0x4e,0xff,0xfa,0xfd,0xfd,0xfd,0xfe,
  0xfe,0xfe,0xfe,0xfe,0xfe,0xfe,0xfe,0xfe,0xfd,0xfe,0xfe,0xfe,0xfe,0xfe,0xfe,0xfe,
  0xfe,0xfd,0xfe,0xfe,0xfe,0xfe,0xfe,0xfe,0xfe,0xfe,0xfe,0xfe,0xfe,0xfe,0xfe,0xfe,
  0xfe,0xfe,0xfe,0xfe,0xfe,0xfe,0xfd,0xfd,0xfd,0xfd,0xfd,0xfd,0xfe,0xfe,0xfd,0xfd,
  0xfe,0xfe,0xfe,0xfe,0xfe,0xfe,0xfe,0xfe,0xfe,0xfe,0xfe,0xfe,0xfe,0xfe,0xfe,0xfe,
  0xfe,0xfd,0xfd,0xfd,0xfb,0xff,0x44,0x00,0x00,0x00,0x00,0x00,0x00,0x00,0x00,0x00,
  0x00,0x00,0x00,0x00,0x00,0x00,0x01,0x04,0x01,0x50,0xfd,0xf8,0xfb,0xfb,0xfd,0xfe,
  0xfe,0xfe,0xfe,0xfe,0xfe,0xfe,0xfe,0xfe,0xfe,0xfe,0xfe,0xfe,0xfe,0xfe,0xfe,0xfe,
  0xfd,0xfd,0xfe,0xfe,0xfe,0xfe,0xfe,0xfe,0xfe,0xfe,0xfe,0xfe,0xfe,0xfe,0xfe,0xfd,
  0xfe,0xfe,0xfd,0xfe,0xfe,0xfe,0xfe,0xfd,0xfd,0xfd,0xfd,0xfd,0xfe,0xfe,0xfd,0xfd,
  0xfe,0xfe,0xfe,0xfe,0xfe,0xfe,0xfe,0xfe,0xfe,0xfe,0xfe,0xfe,0xfe,0xfe,0xfe,0xfe,
  0xfe,0xfd,0xfb,0xfb,0xfa,0xfd,0x48,0x01,0x04,0x01,0x00,0x00,0x00,0x00,0x00,0x00,
  0x00,0x00,0x00,0x00,0x00,0x00,0x00,0x03,0x00,0x4f,0xff,0xff,0xff,0xff,0xfd,0xfe,
  0xfe,0xfe,0xfe,0xfe,0xfe,0xfe,0xfe,0xfe,0xfe,0xfe,0xfe,0xfe,0xfe,0xfe,0xfe,0xfe,
  0xfe,0xfd,0xfe,0xfe,0xfe,0xfe,0xfe,0xfe,0xfe,0xfe,0xfe,0xfd,0xfd,0xfe,0xfe,0xfd,
  0xfd,0xfd,0xfd,0xfe,0xfe,0xfe,0xfe,0xfd,0xfd,0xfe,0xfe,0xfd,0xfe,0xfe,0xfd,0xfd,
  0xfe,0xfe,0xfe,0xfe,0xfe,0xfe,0xfe,0xfe,0xfe,0xfe,0xfe,0xfe,0xfe,0xfe,0xfe,0xfe,
  0xfe,0xfd,0xff,0xff,0xff,0xff,0x48,0x00,0x03,0x00,0x00,0x00,0x00,0x00,0x00,0x00,
  0x00,0x00,0x00,0x00,0x00,0x00,0x00,0x01,0x00,0x12,0x43,0x45,0x42,0x71,0xff,0xfd,
  0xfe,0xfe,0xfe,0xfe,0xfe,0xfe,0xfe,0xfe,0xfe,0xfe,0xfe,0xfe,0xfe,0xfe,0xfe,0xfe,
  0xfe,0xfe,0xfe,0xfe,0xfe,0xfe,0xfe,0xfe,0xfe,0xfe,0xfe,0xfd,0xfd,0xfe,0xfe,0xfe,
  0xfd,0xfd,0xfd,0xfe,0xfe,0xfe,0xfe,0xfe,0xfe,0xfe,0xfe,0xfe,0xfe,0xfe,0xfe,0xfe,
  0xfe,0xfe,0xfe,0xfe,0xfe,0xfe,0xfe,0xfe,0xfe,0xfe,0xfe,0xfe,0xfe,0xfe,0xfe,0xfd,
  0xfe,0xfc,0x64,0x40,0x42,0x43,0x12,0x00,0x01,0x00,0x00,0x00,0x00,0x00,0x00,0x00,
  0x00,0x00,0x00,0x00,0x00,0x00,0x00,0x00,0x00,0x00,0x00,0x00,0x00,0x30,0xff,0xfc,
  0xfd,0xfe,0xfe,0xfe,0xfe,0xfe,0xfe,0xfe,0xfe,0xfe,0xfe,0xfe,0xfe,0xfe,0xfe,0xfe,
  0xfe,0xfe,0xfe,0xfe,0xfe,0xfe,0xfe,0xfe,0xfe,0xfe,0xfe,0xfe,0xfe,0xfe,0xfe,0xfe,
  0xfe,0xfe,0xfd,0xfe,0xfe,0xfe,0xfe,0xfe,0xfe,0xfe,0xfe,0xfe,0xfe,0xfe,0xfe,0xfe,
  0xfe,0xfe,0xfe,0xfe,0xfe,0xfe,0xfe,0xfe,0xfe,0xfe,0xfe,0xfd,0xfd,0xfe,0xfd,0xfc,
  0xfe,0xfa,0x1f,0x00,0x00,0x00,0x00,0x00,0x00,0x00,0x00,0x00,0x00,0x00,0x00,0x00,
  0x00,0x00,0x00,0x00,0x00,0x00,0x00,0x00,0x00,0x01,0x03,0x06,0x03,0x3d,0xfb,0xf8,
  0xf9,0xfd,0xfd,0xfe,0xfe,0xfe,0xfe,0xfe,0xfe,0xfe,0xfe,0xfe,0xfe,0xfe,0xfe,0xfe,
  0xfe,0xfe,0xfe,0xfe,0xfe,0xfe,0xfe,0xfe,0xfe,0xfe,0xfe,0xfe,0xfe,0xfe,0xfe,0xfe,
  0xfe,0xfe,0xfd,0xfe,0xfe,0xfe,0xfe,0xfe,0xfe,0xfe,0xfd,0xfe,0xfe,0xfe,0xfe,0xfe,
  0xfe,0xfe,0xfe,0xfe,0xfe,0xfe,0xfe,0xfe,0xfe,0xfe,0xfe,0xfd,0xfd,0xfd,0xfc,0xf8,
  0xfa,0xf3,0x29,0x03,0x05,0x03,0x01,0x00,0x00,0x00,0x00,0x00,0x00,0x00,0x00,0x00,
  0x00,0x00,0x00,0x00,0x00,0x00,0x00,0x00,0x00,0x00,0x00,0x03,0x00,0x40,0xff,0xff,
  0xff,0xff,0xfd,0xfd,0xfe,0xfe,0xfe,0xfe,0xfe,0xfe,0xfe,0xfe,0xfe,0xfe,0xfe,0xfe,
  0xfe,0xfe,0xfe,0xfe,0xfe,0xfe,0xfe,0xfe,0xfe,0xfe,0xfe,0xfe,0xfe,0xfe,0xfd,0xfe,
  0xfe,0xfe,0xfd,0xfe,0xfe,0xfe,0xfe,0xfe,0xfe,0xfe,0xfd,0xfe,0xfe,0xfe,0xfe,0xfe,
  0xfe,0xfe,0xfe,0xfe,0xfe,0xfe,0xfe,0xfe,0xfe,0xfe,0xfe,0xfd,0xfd,0xfd,0xff,0xff,
  0xff,0xff,0x2b,0x00,0x02,0x00,0x00,0x00,0x00,0x00,0x00,0x00,0x00,0x00,0x00,0x00,
  0x00,0x00,0x00,0x00,0x00,0x00,0x00,0x00,0x00,0x00,0x00,0x02,0x00,0x21,0x88,0x84,
  0x93,0xf0,0xfe,0xfc,0xfe,0xfe,0xfe,0xfd,0xfd,0xfd,0xfd,0xfd,0xfe,0xfe,0xfe,0xfe,
  0xfe,0xfe,0xfe,0xfe,0xfe,0xfe,0xfe,0xfe,0xfe,0xfe,0xfe,0xfe,0xfe,0xfe,0xfd,0xfd,
  0xfe,0xfe,0xfe,0xfe,0xfe,0xfe,0xfe,0xfe,0xfe,0xfe,0xfe,0xfe,0xfe,0xfe,0xfe,0xfe,
  0xfe,0xfe,0xfe,0xfe,0xfe,0xfe,0xfe,0xfe,0xfe,0xfd,0xfd,0xfd,0xfc,0xfe,0xee,0x8e,
  0x83,0x85,0x18,0x00,0x01,0x00,0x00,0x00,0x00,0x00,0x00,0x00,0x00,0x00,0x00,0x00,
  0x00,0x00,0x00,0x00,0x00,0x00,0x00,0x00,0x00,0x00,0x00,0x00,0x00,0x00,0x00,0x00,
  0x00,0xd3,0xfb,0xf7,0xfb,0xfd,0xfd,0xfd,0xfd,0xfe,0xfe,0xfe,0xfe,0xfe,0xfe,0xfe,
  0xfe,0xfe,0xfe,0xfe,0xfe,0xfe,0xfe,0xfe,0xfe,0xfe,0xfe,0xfe,0xfe,0xfe,0xfe,0xfe,
  0xfe,0xfe,0xfe,0xfe,0xfe,0xfe,0xfe,0xfe,0xfe,0xfe,0xfe,0xfe,0xfe,0xfe,0xfe,0xfe,
  0xfe,0xfe,0xfe,0xfe,0xfe,0xfe,0xfe,0xfe,0xfd,0xfd,0xfd,0xfb,0xf7,0xfb,0xd1,0x00,
  0x00,0x00,0x00,0x00,0x00,0x00,0x00,0x00,0x00,0x00,0x00,0x00,0x00,0x00,0x00,0x00,
  0x00,0x00,0x00,0x00,0x00,0x00,0x00,0x00,0x00,0x00,0x00,0x00,0x00,0x01,0x05,0x04,
  0x09,0xe2,0xff,0xff,0xff,0xfd,0xfd,0xfd,0xfd,0xfe,0xfe,0xfe,0xfe,0xfe,0xfe,0xfe,
  0xfe,0xfe,0xfe,0xfe,0xfe,0xfe,0xfe,0xfe,0xfe,0xfe,0xfe,0xfe,0xfe,0xfe,0xfe,0xfe,
  0xfe,0xfe,0xfe,0xfe,0xfe,0xfe,0xfe,0xfe,0xfe,0xfe,0xfe,0xfe,0xfe,0xfe,0xfe,0xfe,
  0xfe,0xfe,0xfe,0xfe,0xfe,0xfe,0xfd,0xfd,0xfd,0xfd,0xfd,0xff,0xff,0xff,0xe2,0x08,
  0x04,0x05,0x01,0x00,0x00,0x00,0x00,0x00,0x00,0x00,0x00,0x00,0x00,0x00,0x00,0x00,
  0x00,0x00,0x00,0x00,0x00,0x00,0x00,0x00,0x00,0x00,0x00,0x00,0x00,0x00,0x01,0x00,
  0x03,0x73,0x8e,0x91,0xc6,0xfe,0xfc,0xfd,0xfd,0xfd,0xfe,0xfe,0xfe,0xfe,0xfe,0xfe,
  0xfe,0xfe,0xfe,0xfd,0xfd,0xfd,0xfe,0xfe,0xfe,0xfe,0xfe,0xfe,0xfe,0xfe,0xfe,0xfe,
  0xfe,0xfe,0xfe,0xfe,0xfe,0xfe,0xfe,0xfe,0xfe,0xfe,0xfe,0xfe,0xfe,0xfe,0xfe,0xfe,
  0xfe,0xfe,0xfe,0xfe,0xfe,0xfd,0xfd,0xfd,0xfd,0xfc,0xfe,0xba,0x8f,0x90,0x71,0x01,
  0x00,0x01,0x00,0x00,0x00,0x00,0x00,0x00,0x00,0x00,0x00,0x00,0x00,0x00,0x00,0x00,
  0x00,0x00,0x00,0x00,0x00,0x00,0x00,0x00,0x00,0x00,0x00,0x00,0x00,0x00,0x00,0x00,
  0x00,0x00,0x00,0x00,0x57,0xfd,0xf8,0xfb,0xfb,0xfb,0xfb,0xfc,0xfd,0xfe,0xfe,0xfe,
  0xfe,0xfe,0xfe,0xfd,0xfd,0xfd,0xfd,0xfe,0xfe,0xfe,0xfe,0xfe,0xfe,0xfe,0xfe,0xfe,
  0xfe,0xfe,0xfe,0xfe,0xfe,0xfe,0xfe,0xfe,0xfe,0xfe,0xfe,0xfe,0xfe,0xfe,0xfe,0xfe,
  0xfe,0xfe,0xfd,0xfc,0xfb,0xfb,0xfb,0xfb,0xfb,0xf9,0xfd,0x47,0x00,0x00,0x00,0x00,
  0x00,0x00,0x00,0x00,0x00,0x00,0x00,0x00,0x00,0x00,0x00,0x00,0x00,0x00,0x00,0x00,
  0x00,0x00,0x00,0x00,0x00,0x00,0x00,0x00,0x00,0x00,0x00,0x00,0x00,0x00,0x00,0x00,
  0x00,0x03,0x07,0x04,0x5c,0xff,0xff,0xff,0xff,0xff,0xff,0xff,0xff,0xfe,0xfe,0xfe,
  0xfe,0xfe,0xfe,0xfe,0xfe,0xfe,0xfe,0xfd,0xfe,0xfe,0xfe,0xfe,0xfe,0xfe,0xfe,0xfe,
  0xfe,0xfe,0xfe,0xfe,0xfe,0xfe,0xfe,0xfe,0xfe,0xfe,0xfe,0xfe,0xfe,0xfe,0xfe,0xfe,
  0xfe,0xfe,0xfe,0xff,0xff,0xff,0xff,0xff,0xff,0xff,0xff,0x51,0x04,0x07,0x03,0x00,
  0x00,0x00,0x00,0x00,0x00,0x00,0x00,0x00,0x00,0x00,0x00,0x00,0x00,0x00,0x00,0x00,
  0x00,0x00,0x00,0x00,0x00,0x00,0x00,0x00,0x00,0x00,0x00,0x00,0x00,0x00,0x00,0x00,
  0x00,0x00,0x03,0x00,0x47,0xe0,0xdc,0xdf,0xdd,0xda,0xda,0xda,0xe2,0xfd,0xfe,0xfe,
  0xfe,0xfe,0xfe,0xfe,0xfe,0xfe,0xfd,0xfd,0xfe,0xfe,0xfe,0xfe,0xfe,0xfe,0xfe,0xfd,
  0xfd,0xfd,0xfd,0xfe,0xfe,0xfe,0xfe,0xfe,0xfe,0xfe,0xfe,0xfe,0xfe,0xfe,0xfe,0xfe,
  0xfe,0xfd,0xfb,0xe1,0xdd,0xdd,0xdb,0xda,0xd9,0xd7,0xdd,0x43,0x00,0x03,0x00,0x00,
  0x00,0x00,0x00,0x00,0x00,0x00,0x00,0x00,0x00,0x00,0x00,0x00,0x00,0x00,0x00,0x00,
  0x00,0x00,0x00,0x00,0x00,0x00,0x00,0x00,0x00,0x00,0x00,0x00,0x00,0x00,0x00,0x00,
  0x00,0x00,0x00,0x00,0x02,0x09,0x0a,0x0a,0x09,0x07,0x09,0x06,0x27,0xf4,0xff,0xfd,
  0xfe,0xfe,0xfe,0xfe,0xfe,0xfd,0xfd,0xfd,0xfd,0xfa,0xf9,0xf9,0xf9,0xf9,0xf9,0xf9,
  0xf9,0xf9,0xf9,0xf9,0xfa,0xfa,0xfb,0xfe,0xfe,0xfe,0xfe,0xfe,0xfe,0xfe,0xfe,0xfe,
  0xfc,0xff,0xea,0x1d,0x08,0x0b,0x08,0x07,0x06,0x06,0x07,0x03,0x00,0x00,0x00,0x00,
  0x00,0x00,0x00,0x00,0x00,0x00,0x00,0x00,0x00,0x00,0x00,0x00,0x00,0x00,0x00,0x00,
  0x00,0x00,0x00,0x00,0x00,0x00,0x00,0x00,0x00,0x00,0x00,0x00,0x00,0x00,0x00,0x00,
  0x00,0x00,0x00,0x00,0x00,0x00,0x00,0x00,0x00,0x00,0x00,0x00,0x19,0xf1,0xff,0xfc,
  0xfe,0xfe,0xfe,0xfe,0xfe,0xfd,0xfd,0xfd,0xfd,0xff,0xff,0xff,0xff,0xff,0xff,0xff,
  0xff,0xff,0xff,0xff,0xff,0xff,0xff,0xfe,0xfd,0xfe,0xfe,0xfe,0xfe,0xfe,0xfe,0xfe,
  0xfc,0xff,0xe8,0x11,0x00,0x00,0x00,0x00,0x00,0x00,0x00,0x00,0x00,0x00,0x00,0x00,
  0x00,0x00,0x00,0x00,0x00,0x00,0x00,0x00,0x00,0x00,0x00,0x00,0x00,0x00,0x00,0x00,
  0x00,0x00,0x00,0x00,0x00,0x00,0x00,0x00,0x00,0x00,0x00,0x00,0x00,0x00,0x00,0x00,
  0x00,0x00,0x00,0x00,0x00,0x01,0x01,0x01,0x01,0x01,0x02,0x01,0x1b,0xef,0xfc,0xfa,
  0xfd,0xfe,0xfe,0xfe,0xfe,0xfd,0xfc,0xfb,0xfa,0x8f,0x76,0x78,0x77,0x78,0x75,0x73,
  0x72,0x73,0x76,0x79,0x7a,0x76,0x85,0xf3,0xfb,0xfb,0xfd,0xfd,0xfd,0xfe,0xfe,0xfd,
  0xfa,0xfd,0xe6,0x14,0x01,0x02,0x01,0x01,0x01,0x01,0x01,0x00,0x00,0x00,0x00,0x00,
  0x00,0x00,0x00,0x00,0x00,0x00,0x00,0x00,0x00,0x00,0x00,0x00,0x00,0x00,0x00,0x00,
  0x00,0x00,0x00,0x00,0x00,0x00,0x00,0x00,0x00,0x00,0x00,0x00,0x00,0x00,0x00,0x00,
  0x00,0x00,0x00,0x00,0x00,0x00,0x00,0x00,0x00,0x00,0x01,0x00,0x1a,0xfa,0xff,0xff,
  0xfd,0xfe,0xfe,0xfe,0xfe,0xfd,0xff,0xff,0xff,0x1c,0x00,0x00,0x00,0x00,0x00,0x00,
  0x00,0x00,0x00,0x00,0x00,0x00,0x0d,0xf9,0xff,0xff,0xfd,0xfd,0xfd,0xfe,0xfe,0xfd,
  0xff,0xff,0xf3,0x14,0x00,0x01,0x00,0x00,0x00,0x00,0x00,0x00,0x00,0x00,0x00,0x00,
  0x00,0x00,0x00,0x00,0x00,0x00,0x00,0x00,0x00,0x00,0x00,0x00,0x00,0x00,0x00,0x00,
  0x00,0x00,0x00,0x00,0x00,0x00,0x00,0x00,0x00,0x00,0x00,0x00,0x00,0x00,0x00,0x00,
  0x00,0x00,0x00,0x00,0x00,0x00,0x00,0x00,0x00,0x00,0x01,0x00,0x11,0xb7,0xc4,0xd6,
  0xfe,0xfd,0xfe,0xfe,0xfd,0xfd,0xe8,0xcc,0xc8,0x21,0x04,0x05,0x04,0x04,0x04,0x04,
  0x04,0x04,0x04,0x04,0x05,0x04,0x18,0xbc,0xc9,0xe6,0xfd,0xfc,0xfd,0xfe,0xfe,0xfe,
  0xd7,0xcb,0xbc,0x0f,0x00,0x01,0x00,0x00,0x00,0x00,0x00,0x00,0x00,0x00,0x00,0x00,
  0x00,0x00,0x00,0x00,0x00,0x00,0x00,0x00,0x00,0x00,0x00,0x00,0x00,0x00,0x00,0x00,
  0x00,0x00,0x00,0x00,0x00,0x00,0x00,0x00,0x00,0x00,0x00,0x00,0x00,0x00,0x00,0x00,
  0x00,0x00,0x00,0x00,0x00,0x00,0x00,0x00,0x00,0x00,0x00,0x00,0x00,0x00,0x00,0x4b,
  0xfc,0xf8,0xfa,0xfb,0xf7,0xfc,0x86,0x00,0x01,0x00,0x00,0x00,0x00,0x00,0x00,0x00,
  0x00,0x00,0x00,0x00,0x00,0x00,0x00,0x00,0x00,0x89,0xfc,0xf6,0xfa,0xfa,0xf9,0xfc,
  0x47,0x00,0x00,0x00,0x00,0x00,0x00,0x00,0x00,0x00,0x00,0x00,0x00,0x00,0x00,0x00,
  0x00,0x00,0x00,0x00,0x00,0x00,0x00,0x00,0x00,0x00,0x00,0x00,0x00,0x00,0x00,0x00,
  0x00,0x00,0x00,0x00,0x00,0x00,0x00,0x00,0x00,0x00,0x00,0x00,0x00,0x00,0x00,0x00,
  0x00,0x00,0x00,0x00,0x00,0x00,0x00,0x00,0x00,0x00,0x00,0x00,0x00,0x04,0x01,0x4f,
  0xff,0xff,0xff,0xff,0xff,0xff,0x88,0x00,0x05,0x00,0x00,0x00,0x00,0x00,0x00,0x00,
  0x00,0x00,0x00,0x00,0x00,0x00,0x00,0x05,0x01,0x8c,0xff,0xff,0xff,0xff,0xff,0xff,
  0x49,0x01,0x03,0x00,0x00,0x00,0x00,0x00,0x00,0x00,0x00,0x00,0x00,0x00,0x00,0x00,
  0x00,0x00,0x00,0x00,0x00,0x00,0x00,0x00,0x00,0x00,0x00,0x00,0x00,0x00,0x00,0x00,
  0x00,0x00,0x00,0x00,0x00,0x00,0x00,0x00,0x00,0x00,0x00,0x00,0x00,0x00,0x00,0x00,
  0x00,0x00,0x00,0x00,0x00,0x00,0x00,0x00,0x00,0x00,0x00,0x00,0x00,0x02,0x00,0x32,
  0xb7,0xb5,0xb9,0xbc,0xbb,0xc5,0x61,0x00,0x03,0x00,0x00,0x00,0x00,0x00,0x00,0x00,
  0x00,0x00,0x00,0x00,0x00,0x00,0x00,0x03,0x00,0x62,0xc6,0xbe,0xc1,0xc3,0xc0,0xc3,
  0x33,0x00,0x03,0x00,0x00,0x00,0x00,0x00,0x00,0x00,0x00,0x00,0x00,0x00,0x00,0x00,
  0x00,0x00,0x00,0x00,0x00,0x00,0x00,0x00,0x00,0x00,0x00,0x00,0x00,0x00,0x00,0x00,
  0x00,0x00,0x00,0x00,0x00,0x00,0x00,0x00,0x00,0x00,0x00,0x00,0x00,0x00,0x00,0x00,
  0x00,0x00,0x00,0x00,0x00,0x00,0x00,0x00,0x00,0x00,0x00,0x00,0x00,0x00,0x00,0x00,
  0x00,0x00,0x00,0x00,0x00,0x00,0x00,0x00,0x00,0x00,0x00,0x00,0x00,0x00,0x00,0x00,
  0x00,0x00,0x00,0x00,0x00,0x00,0x00,0x00,0x00,0x00,0x00,0x00,0x00,0x00,0x00,0x00,
  0x00,0x00,0x00,0x00,0x00,0x00,0x00,0x00,0x00,0x00,0x00,0x00,0x00,0x00,0x00,0x00,
  0x00,0x00,0x00,0x00,0x00,0x00,0x00,0x00,0x00,0x00,0x00,0x00,0x00,0x00,0x00,0x00,
  0x00,0x00,0x00,0x00,0x00,0x00,0x00,0x00,0x00,0x00,0x00,0x00,0x00,0x00,0x00,0x00,
  0x00,0x00,0x00,0x00,0x00,0x00,0x00,0x00,0x00,0x00,0x00,0x00,0x00,0x00,0x00,0x01,
  0x02,0x02,0x02,0x02,0x01,0x01,0x01,0x00,0x00,0x00,0x00,0x00,0x00,0x00,0x00,0x00,
  0x00,0x00,0x00,0x00,0x00,0x00,0x00,0x00,0x00,0x01,0x01,0x01,0x01,0x01,0x01,0x01,
  0x00,0x00,0x00,0x00,0x00,0x00,0x00,0x00,0x00,0x00,0x00,0x00,0x00,0x00,0x00,0x00,
  0x00,0x00,0x00,0x00,0x00,0x00,0x00,0x00,0x00,0x00,0x00,0x00,0x00,0x00,0x00,0x00,
  0x00,0x00,0x00,0x00,0x00,0x00,0x00,0x00,0x00,0x00,0x00,0x00,0x00,0x00,0x00,0x00,
  0x00,0x00,0x00,0x00,0x00,0x00,0x00,0x00,0x00,0x00,0x00,0x00,0x00,0x00,0x00,0x00,
  0x00,0x00,0x00,0x00,0x00,0x00,0x00,0x00,0x00,0x00,0x00,0x00,0x00,0x00,0x00,0x00,
  0x00,0x00,0x00,0x00,0x00,0x00,0x00,0x00,0x00,0x00,0x00,0x00,0x00,0x00,0x00,0x00,
  0x00,0x00,0x00,0x00,0x00,0x00,0x00,0x00,0x00,0x00,0x00,0x00,0x00,0x00,0x00,0x00,
  0x00,0x00,0x00,0x00,0x00,0x00,0x00,0x00,0x00,0x00,0x00,0x00,0x00,0x00,0x00,0x00,
  0x00,0x00,0x00,0x00,0x00,0x00,0x00,0x00,0x00,0x00,0x00,0x00,0x00,0x00,0x00,0x00,
  0x00,0x00,0x00,0x00,0x00,0x00,0x00,0x00,0x00,0x00,0x00,0x00,0x00,0x00,0x00,0x00,
  0x00,0x00,0x00,0x00,0x00,0x00,0x00,0x00,0x00,0x00,0x00,0x00,0x00,0x00,0x00,0x00,
  0x00,0x00,0x00,0x00,0x00,0x00,0x00,0x00,0x00,0x00,0x00,0x00,0x00,0x00,0x00,0x00,
  0x00,0x00,0x00,0x00,0x00,0x00,0x00,0x00,0x00,0x00,0x00,0x00,0x00,0x00,0x00,0x00,
  0x00,0x00,0x00,0x00,0x00,0x00,0x00,0x00,0x00,0x00,0x00,0x00,0x00,0x00,0x00,0x00,
  0x00,0x00,0x00,0x00,0x00,0x00,0x00,0x00,0x00,0x00,0x00,0x00,0x00,0x00,0x00,0x00,
  0x00,0x00,0x00,0x00,0x00,0x00,0x00,0x00,0x00,0x00,0x00,0x00,0x00,0x00,0x00,0x00,
  0x00,0x00,0x00,0x00,0x00,0x00,0x00,0x00,0x00,0x00,0x00,0x00,0x00,0x00,0x00,0x00,
  0x00,0x00,0x00,0x00,0x00,0x00,0x00,0x00,0x00,0x00,0x00,0x00,0x00,0x00,0x00,0x00,
  0x00,0x00,0x00,0x00,0x00,0x00,0x00,0x00,0x00,0x00,0x00,0x00,0x00,0x00,0x00,0x00,
  0x00,0x00,0x00,0x00,0x00,0x00,0x00,0x00,0x00,0x00,0x00,0x00,0x00,0x00,0x00,0x00,
  0x00,0x00,0x00,0x00,0x00,0x00,0x00,0x00,0x00,0x00,0x00,0x00,0x00,0x00,0x00,0x00,
  0x00,0x00,0x00,0x00,0x00,0x00,0x00,0x00,0x00,0x00,0x00,0x00,0x00,0x00,0x00,0x00,
  0x00,0x00,0x00,0x00,0x00,0x00,0x00,0x00,0x00,0x00,0x00,0x00,0x00,0x00,0x00,0x00,
  0x00,0x00,0x00,0x00,0x00,0x00,0x00,0x00,0x00,0x00,0x00,0x00,0x00,0x00,0x00,0x00,
  0x00,0x00,0x00,0x00,0x00,0x00,0x00,0x00,0x00,0x00,0x00,0x00,0x00,0x00,0x00,0x00,
  0x00,0x00,0x00,0x00,0x00,0x00,0x00,0x00,0x00,0x00,0x00,0x00,0x00,0x00,0x00,0x00,
  0x00,0x00,0x00,0x00,0x00,0x00,0x00,0x00,0x00,0x00,0x00,0x00,0x00,0x00,0x00,0x00,
  0x00,0x00,0x00,0x00,0x00,0x00,0x00,0x00,0x00,0x00,0x00,0x00,0x00,0x00,0x00,0x00,
  0x00,0x00,0x00,0x00,0x00,0x00,0x00,0x00,0x00,0x00,0x00,0x00,0x00,0x00,0x00,0x00,
  0x00,0x00,0x00,0x00,0x00,0x00,0x00,0x00,0x00,0x00,0x00,0x00,0x00,0x00,0x00,0x00,
  0x00,0x00,0x00,0x00,0x00,0x00,0x00,0x00,0x00,0x00,0x00,0x00,0x00,0x00,0x00,0x00,
  0x00,0x00,0x00,0x00,0x00,0x00,0x00,0x00,0x00,0x00,0x00,0x00,0x00,0x00,0x00,0x00,
  0x00,0x00,0x00,0x00,0x00,0x00,0x00,0x00,0x00,0x00,0x00,0x00,0x00,0x00,0x00,0x00,
  0x00,0x00,0x00,0x00,0x00,0x00,0x00,0x00,0x00,0x00,0x00,0x00,0x00,0x00,0x00,0x00,
  0x00,0x00,0x00,0x00,0x00,0x00,0x00,0x00,0x00,0x00,0x00,0x00,0x00,0x00,0x00,0x00,
  0x00,0x00,0x00,0x00,0x00,0x00,0x00,0x00,0x00,0x00,0x00,0x00,0x00,0x00,0x00,0x00,
  0x00,0x00,0x00,0x00,0x00,0x00,0x00,0x00,0x00,0x00,0x00,0x00,0x00,0x00,0x00,0x00,
  0x00,0x00,0x00,0x00,0x00,0x00,0x00,0x00,0x00,0x00,0x00,0x00,0x00,0x00,0x00,0x00,
  0x00,0x00,0x00,0x00,0x00,0x00,0x00,0x00,0x00,0x00,0x00,0x00,0x00,0x00,0x00,0x00,
  0x00,0x00,0x00,0x00,0x00,0x00,0x00,0x00,0x00,0x00,0x00,0x00,0x00,0x00,0x00,0x00,
  0x00,0x00,0x00,0x00,0x00,0x00,0x00,0x00,0x00,0x00,0x00,0x00,0x00,0x00,0x00,0x00,
  0x00,0x00,0x00,0x00,0x00,0x00,0x00,0x00,0x00,0x00,0x00,0x00,0x00,0x00,0x00,0x00,
  0x00,0x00,0x00,0x00,0x00,0x00,0x00,0x00,0x00,0x00,0x00,0x00,0x00,0x00,0x00,0x00,
  0x00,0x00,0x00,0x00,0x00,0x00,0x00,0x00,0x00,0x00,0x00,0x00,0x00,0x00,0x00,0x00,
  0x00,0x00,0x00,0x00,0x00,0x00,0x00,0x00,0x00,0x00,0x00,0x00,0x00,0x00,0x00,0x00,
  0x00,0x00,0x00,0x00,0x00,0x00,0x00,0x00,0x00,0x00,0x00,0x00,0x00,0x00,0x00,0x00,
  0x00,0x00,0x00,0x00,0x00,0x00,0x00,0x00,0x00,0x00,0x00,0x00,0x00,0x00,0x00,0x00,
  0x00,0x00,0x00,0x00,0x00,0x00,0x00,0x00,0x00,0x00,0x00,0x00,0x00,0x00,0x00,0x00,
  0x00,0x00,0x00,0x00,0x00,0x00,0x00,0x00,0x00,0x00,0x00,0x00,0x00,0x00,0x00,0x00,
  0x00,0x00,0x00,0x00,0x00,0x00,0x00,0x00,0x00,0x00,0x00,0x00,0x00,0x00,0x00,0x00,
  0x00,0x00,0x00,0x00,0x00,0x00,0x00,0x00,0x00,0x00,0x00,0x00,0x00,0x00,0x00,0x00,
  0x00,0x00,0x00,0x00,0x00,0x00,0x00,0x00,0x00,0x00,0x00,0x00,0x00,0x00,0x00,0x00,
  0x00,0x00,0x00,0x00,0x00,0x00,0x00,0x00,0x00,0x00,0x00,0x00,0x00,0x00,0x00,0x00,
  0x00,0x00,0x00,0x00,0x00,0x00,0x00,0x00,0x00,0x00,0x00,0x00,0x00,0x00,0x00,0x00,
  0x00,0x00,0x00,0x00,0x00,0x00,0x00,0x00,0x00,0x00,0x00,0x00,0x00,0x00,0x00,0x00,
  0x00,0x00,0x00,0x00,0x00,0x00,0x00,0x00,0x00,0x00,0x00,0x00,0x00,0x00,0x00,0x00,
};

static const lv_image_dsc_t img_scene_home = {
  .header.w = 96,
  .header.h = 96,
  .header.stride = 192,
  .header.cf = LV_COLOR_FORMAT_RGB565A8,
  .data = img_scene_home_map,
  .data_size = sizeof(img_scene_home_map),
};

static const LV_ATTRIBUTE_MEM_ALIGN uint8_t img_scene_start_map[] = {
  0x00,0x00,0x00,0x00,0x00,0x00,0x00,0x00,0x00,0x00,0x00,0x00,0x00,0x00,0x00,0x00,
  0x00,0x00,0x00,0x00,0x00,0x00,0x00,0x00,0x00,0x00,0x00,0x00,0x00,0x00,0x00,0x00,
  0x00,0x00,0x00,0x00,0x00,0x00,0x00,0x00,0x00,0x00,0x00,0x00,0x00,0x00,0x00,0x00,
  0x00,0x00,0x00,0x00,0x00,0x00,0x00,0x00,0x00,0x00,0x00,0x00,0x00,0x00,0x00,0x00,
  0x00,0x00,0x00,0x00,0x00,0x00,0x00,0x00,0x00,0x00,0x00,0x00,0x00,0x00,0x00,0x00,
  0x00,0x00,0x00,0x00,0x00,0x00,0x00,0x00,0x00,0x00,0x00,0x00,0x00,0x00,0x00,0x00,
  0x00,0x00,0x00,0x00,0x00,0x00,0x00,0x00,0x00,0x00,0x00,0x00,0x00,0x00,0x00,0x00,
  0x00,0x00,0x00,0x00,0x00,0x00,0x00,0x00,0x00,0x00,0x00,0x00,0x00,0x00,0x00,0x00,
  0x00,0x00,0x00,0x00,0x00,0x00,0x00,0x00,0x00,0x00,0x00,0x00,0x00,0x00,0x00,0x00,
  0x00,0x00,0x00,0x00,0x00,0x00,0x00,0x00,0x00,0x00,0x00,0x00,0x00,0x00,0x00,0x00,
  0x00,0x00,0x00,0x00,0x00,0x00,0x00,0x00,0x00,0x00,0x00,0x00,0x00,0x00,0x00,0x00,
  0x00,0x00,0x00,0x00,0x00,0x00,0x00,0x00,0x00,0x00,0x00,0x00,0x00,0x00,0x00,0x00,
  0x00,0x00,0x00,0x00,0x00,0x00,0x00,0x00,0x00,0x00,0x00,0x00,0x00,0x00,0x00,0x00,
  0x00,0x00,0x00,0x00,0x00,0x00,0x00,0x00,0x00,0x00,0x00,0x00,0x00,0x00,0x00,0x00,
  0x00,0x00,0x00,0x00,0x00,0x00,0x00,0x00,0x00,0x00,0x00,0x00,0x00,0x00,0x00,0x00,
  0x00,0x00,0x00,0x00,0x00,0x00,0x00,0x00,0x00,0x00,0x00,0x00,0x00,0x00,0x00,0x00,
  0x00,0x00,0x00,0x00,0x00,0x00,0x00,0x00,0x00,0x00,0x00,0x00,0x00,0x00,0x00,0x00,
  0x00,0x00,0x00,0x00,0x00,0x00,0x00,0x00,0x00,0x00,0x00,0x00,0x00,0x00,0x00,0x00,
  0x00,0x00,0x00,0x00,0x00,0x00,0x00,0x00,0x00,0x00,0x00,0x00,0x00,0x00,0x00,0x00,
  0x00,0x00,0x00,0x00,0x00,0x00,0x00,0x00,0x00,0x00,0x00,0x00,0x00,0x00,0x00,0x00,
  0x00,0x00,0x00,0x00,0x00,0x00,0x00,0x00,0x00,0x00,0x00,0x00,0x00,0x00,0x00,0x00,
  0x00,0x00,0x00,0x00,0x00,0x00,0x00,0x00,0x00,0x00,0x00,0x00,0x00,0x00,0x00,0x00,
  0x00,0x00,0x00,0x00,0x00,0x00,0x00,0x00,0x00,0x00,0x00,0x00,0x00,0x00,0x00,0x00,
  0x00,0x00,0x00,0x00,0x00,0x00,0x00,0x00,0x00,0x00,0x00,0x00,0x00,0x00,0x00,0x00,
  0x00,0x00,0x00,0x00,0x00,0x00,0x00,0x00,0x00,0x00,0x00,0x00,0x00,0x00,0x00,0x00,
  0x00,0x00,0x00,0x00,0x00,0x00,0x00,0x00,0x00,0x00,0x00,0x00,0x00,0x00,0x00,0x00,
  0x00,0x00,0x00,0x00,0x00,0x00,0x00,0x00,0x00,0x00,0x00,0x00,0x00,0x00,0x00,0x00,
  0x00,0x00,0x00,0x00,0x00,0x00,0x00,0x00,0x00,0x00,0x00,0x00,0x00,0x00,0x00,0x00,
  0x00,0x00,0x00,0x00,0x00,0x00,0x00,0x00,0x00,0x00,0x00,0x00,0x00,0x00,0x00,0x00,
  0x00,0x00,0x00,0x00,0x00,0x00,0x00,0x00,0x00,0x00,0x00,0x00,0x00,0x00,0x00,0x00,
  0x00,0x00,0x00,0x00,0x00,0x00,0x00,0x00,0x00,0x00,0x00,0x00,0x00,0x00,0x00,0x00,
  0x00,0x00,0x00,0x00,0x00,0x00,0x00,0x00,0x00,0x00,0x00,0x00,0x00,0x00,0x00,0x00,
  0x00,0x00,0x00,0x00,0x00,0x00,0x00,0x00,0x00,0x00,0x00,0x00,0x00,0x00,0x00,0x00,
  0x00,0x00,0x00,0x00,0x00,0x00,0x00,0x00,0x00,0x00,0x00,0x00,0x00,0x00,0x00,0x00,
  0x00,0x00,0x00,0x00,0x00,0x00,0x00,0x00,0x00,0x00,0x00,0x00,0x00,0x00,0x00,0x00,
  0x00,0x00,0x00,0x00,0x00,0x00,0x00,0x00,0x00,0x00,0x00,0x00,0x00,0x00,0x00,0x00,
  0x00,0x00,0x00,0x00,0x00,0x00,0x00,0x00,0x00,0x00,0x00,0x00,0x00,0x00,0x00,0x00,
  0x00,0x00,0x00,0x00,0x00,0x00,0x00,0x00,0x00,0x00,0x00,0x00,0x00,0x00,0x00,0x00,
  0x00,0x00,0x00,0x00,0x00,0x00,0x00,0x00,0x00,0x00,0x00,0x00,0x00,0x00,0x00,0x00,
  0x00,0x00,0x00,0x00,0x00,0x00,0x00,0x00,0x00,0x00,0x00,0x00,0x00,0x00,0x00,0x00,
  0x00,0x00,0x00,0x00,0x00,0x00,0x00,0x00,0x00,0x00,0x00,0x00,0x00,0x00,0x00,0x00,
  0x00,0x00,0x00,0x00,0x00,0x00,0x00,0x00,0x00,0x00,0x00,0x00,0x00,0x00,0x00,0x00,
  0x00,0x00,0x00,0x00,0x00,0x00,0x00,0x00,0x00,0x00,0x00,0x00,0x00,0x00,0x00,0x00,
  0x00,0x00,0x00,0x00,0x00,0x00,0x00,0x00,0x00,0x00,0x00,0x00,0x00,0x00,0x00,0x00,
  0x00,0x00,0x00,0x00,0x00,0x00,0x00,0x00,0x00,0x00,0x00,0x00,0x00,0x00,0x00,0x00,
  0x00,0x00,0x00,0x00,0x00,0x00,0x00,0x00,0x00,0x00,0x00,0x00,0x00,0x00,0x00,0x00,
  0x00,0x00,0x00,0x00,0x00,0x00,0x00,0x00,0x00,0x00,0x00,0x00,0x00,0x00,0x00,0x00,
  0x00,0x00,0x00,0x00,0x00,0x00,0x00,0x00,0x00,0x00,0x00,0x00,0x00,0x00,0x00,0x00,
  0x00,0x00,0x00,0x00,0x00,0x00,0x00,0x00,0x00,0x00,0x00,0x00,0x00,0x00,0x00,0x00,
  0x00,0x00,0x00,0x00,0x00,0x00,0x00,0x00,0x00,0x00,0x00,0x00,0x00,0x00,0x00,0x00,
  0x00,0x00,0x00,0x00,0x00,0x00,0x00,0x00,0x00,0x00,0x00,0x00,0x00,0x00,0x00,0x00,
  0x00,0x00,0x00,0x00,0x00,0x00,0x00,0x00,0x00,0x00,0x00,0x00,0x00,0x00,0x00,0x00,
  0x00,0x00,0x00,0x00,0x00,0x00,0x00,0x00,0x00,0x00,0x00,0x00,0x00,0x00,0x00,0x00,
  0x00,0x00,0x00,0x00,0x00,0x00,0x00,0x00,0x00,0x00,0x00,0x00,0x00,0x00,0x00,0x00,
  0x00,0x00,0x00,0x00,0x00,0x00,0x00,0x00,0x00,0x00,0x00,0x00,0x00,0x00,0x00,0x00,
  0x00,0x00,0x00,0x00,0x00,0x00,0x00,0x00,0x00,0x00,0x00,0x00,0x00,0x00,0x00,0x00,
  0x00,0x00,0x00,0x00,0x00,0x00,0x00,0x00,0x00,0x00,0x00,0x00,0x00,0x00,0x00,0x00,
  0x00,0x00,0x00,0x00,0x00,0x00,0x00,0x00,0x00,0x00,0x00,0x00,0x00,0x00,0x00,0x00,
  0x00,0x00,0x00,0x00,0x00,0x00,0x00,0x00,0x00,0x00,0x00,0x00,0x00,0x00,0x00,0x00,
  0x00,0x00,0x00,0x00,0x00,0x00,0x00,0x00,0x00,0x00,0x00,0x00,0x00,0x00,0x00,0x00,
  0x00,0x00,0x00,0x00,0x00,0x00,0x00,0x00,0x00,0x00,0x00,0x00,0x00,0x00,0x00,0x00,
  0x00,0x00,0x00,0x00,0x00,0x00,0x00,0x00,0x00,0x00,0x00,0x00,0x00,0x00,0x00,0x00,
  0x00,0x00,0x00,0x00,0x00,0x00,0x00,0x00,0x00,0x00,0x00,0x00,0x00,0x00,0x00,0x00,
  0x00,0x00,0x00,0x00,0x00,0x00,0x00,0x00,0x00,0x00,0x00,0x00,0x00,0x00,0x00,0x00,
  0x00,0x00,0x00,0x00,0x00,0x00,0x00,0x00,0x00,0x00,0x00,0x00,0x00,0x00,0x00,0x00,
  0x00,0x00,0x00,0x00,0x00,0x00,0x00,0x00,0x00,0x00,0x00,0x00,0x00,0x00,0x00,0x00,
  0x00,0x00,0x00,0x00,0x00,0x00,0x00,0x00,0x00,0x00,0x00,0x00,0x00,0x00,0x00,0x00,
  0x00,0x00,0x00,0x00,0x00,0x00,0x00,0x00,0x00,0x00,0x00,0x00,0x00,0x00,0x00,0x00,
  0x00,0x00,0x00,0x00,0x00,0x00,0x00,0x00,0x00,0x00,0x00,0x00,0x00,0x00,0x00,0x00,
  0x00,0x00,0x00,0x00,0x00,0x00,0x00,0x00,0x00,0x00,0x00,0x00,0x00,0x00,0x00,0x00,
  0x00,0x00,0x00,0x00,0x00,0x00,0x00,0x00,0x00,0x00,0x00,0x00,0x00,0x00,0x00,0x00,
  0x00,0x00,0x00,0x00,0x00,0x00,0x00,0x00,0x00,0x00,0x00,0x00,0x00,0x00,0x00,0x00,
  0x00,0x00,0x00,0x00,0x00,0x00,0x00,0x00,0x00,0x00,0x00,0x00,0x00,0x00,0x00,0x00,
  0x00,0x00,0x00,0x00,0x00,0x00,0x00,0x00,0x00,0x00,0x00,0x00,0x00,0x00,0x00,0x00,
  0x00,0x00,0x00,0x00,0x00,0x00,0x00,0x00,0x00,0x00,0x00,0x00,0x00,0x00,0x00,0x00,
  0x00,0x00,0x00,0x00,0x00,0x00,0x00,0x00,0x00,0x00,0x00,0x00,0x00,0x00,0x00,0x00,
  0x00,0x00,0x00,0x00,0x00,0x00,0x00,0x00,0x00,0x00,0x00,0x00,0x00,0x00,0x00,0x00,
  0x00,0x00,0x00,0x00,0x00,0x00,0x00,0x00,0x00,0x00,0x00,0x00,0x00,0x00,0x00,0x00,
  0x00,0x00,0x00,0x00,0x00,0x00,0x00,0x00,0x00,0x00,0x00,0x00,0x00,0x00,0x00,0x00,
  0x00,0x00,0x00,0x00,0x00,0x00,0x00,0x00,0x00,0x00,0x00,0x00,0x00,0x00,0x00,0x00,
  0x00,0x00,0x00,0x00,0x00,0x00,0x00,0x00,0x00,0x00,0x00,0x00,0x00,0x00,0x00,0x00,
  0x00,0x00,0x00,0x00,0x00,0x00,0x00,0x00,0x00,0x00,0x00,0x00,0x00,0x00,0x00,0x00,
  0x00,0x00,0x00,0x00,0x00,0x00,0x00,0x00,0x00,0x00,0x00,0x00,0x00,0x00,0x00,0x00,
  0x00,0x00,0x00,0x00,0x00,0x00,0x00,0x00,0x00,0x00,0x00,0x00,0x00,0x00,0x00,0x00,
  0x00,0x00,0x00,0x00,0x00,0x00,0x00,0x00,0x00,0x00,0x00,0x00,0x00,0x00,0x00,0x00,
  0x00,0x00,0x00,0x00,0x00,0x00,0x00,0x00,0x00,0x00,0x00,0x00,0x00,0x00,0x00,0x00,
  0x00,0x00,0x00,0x00,0x00,0x00,0x00,0x00,0x00,0x00,0x00,0x00,0x00,0x00,0x00,0x00,
  0x00,0x00,0x00,0x00,0x00,0x00,0x00,0x00,0x00,0x00,0x00,0x00,0x00,0x00,0x00,0x00,
  0x00,0x00,0x00,0x00,0x00,0x00,0x00,0x00,0x00,0x00,0x00,0x00,0x00,0x00,0x00,0x00,
  0x00,0x00,0x00,0x00,0x00,0x00,0x00,0x00,0x00,0x00,0x00,0x00,0x00,0x00,0x00,0x00,
  0x00,0x00,0x00,0x00,0x00,0x00,0x00,0x00,0x00,0x00,0x00,0x00,0x00,0x00,0x00,0x00,
  0x00,0x00,0x00,0x00,0x00,0x00,0x00,0x00,0x00,0x00,0x00,0x00,0x00,0x00,0x00,0x00,
  0x00,0x00,0x00,0x00,0x00,0x00,0x00,0x00,0x00,0x00,0x00,0x00,0x00,0x00,0x00,0x00,
  0x00,0x00,0x00,0x00,0x00,0x00,0x00,0x00,0x00,0x00,0x00,0x00,0x00,0x00,0x00,0x00,
  0x00,0x00,0x00,0x00,0x00,0x00,0x00,0x00,0x00,0x00,0x00,0x00,0x00,0x00,0x00,0x00,
  0x00,0x00,0x00,0x00,0x00,0x00,0x00,0x00,0x00,0x00,0x00,0x00,0x00,0x00,0x00,0x00,
  0x00,0x00,0x00,0x00,0x00,0x00,0x00,0x00,0x00,0x00,0x00,0x00,0x00,0x00,0x00,0x00,
  0x00,0x00,0x00,0x00,0x00,0x00,0x00,0x00,0x00,0x00,0x00,0x00,0x00,0x00,0x00,0x00,
  0x00,0x00,0x00,0x00,0x00,0x00,0x00,0x00,0x00,0x00,0x00,0x00,0x00,0x00,0x00,0x00,
  0x00,0x00,0x00,0x00,0x00,0x00,0x00,0x00,0x00,0x00,0x00,0x00,0x00,0x00,0x00,0x00,
  0x00,0x00,0x00,0x00,0x00,0x00,0x00,0x00,0x00,0x00,0x00,0x00,0x00,0x00,0x00,0x00,
  0x00,0x00,0x00,0x00,0x00,0x00,0x00,0x00,0x00,0x00,0x00,0x00,0x00,0x00,0x00,0x00,
  0x00,0x00,0x00,0x00,0x00,0x00,0x00,0x00,0x00,0x00,0x00,0x00,0x00,0x00,0x00,0x00,
  0x00,0x00,0x00,0x00,0x00,0x00,0x00,0x00,0x00,0x00,0x00,0x00,0x00,0x00,0x00,0x00,
  0x00,0x00,0x00,0x00,0x00,0x00,0x00,0x00,0x00,0x00,0x00,0x00,0x00,0x00,0x00,0x00,
  0x00,0x00,0x00,0x00,0x00,0x00,0x00,0x00,0x00,0x00,0x00,0x00,0x00,0x00,0x00,0x00,
  0x00,0x00,0x00,0x00,0x00,0x00,0x00,0x00,0x00,0x00,0x00,0x00,0x00,0x00,0x00,0x00,
  0x00,0x00,0x00,0x00,0x00,0x00,0x00,0x00,0x00,0x00,0x00,0x00,0x00,0x00,0x00,0x00,
  0x00,0x00,0x00,0x00,0x00,0x00,0x00,0x00,0x00,0x00,0x00,0x00,0x00,0x00,0x00,0x00,
  0x00,0x00,0x00,0x00,0x00,0x00,0x00,0x00,0x00,0x00,0x00,0x00,0x00,0x00,0x00,0x00,
  0x00,0x00,0x00,0x00,0x00,0x00,0x00,0x00,0x00,0x00,0x00,0x00,0x00,0x00,0x00,0x00,
  0x00,0x00,0x00,0x00,0x00,0x00,0x00,0x00,0x00,0x00,0x00,0x00,0x00,0x00,0x00,0x00,
  0x00,0x00,0x00,0x00,0x00,0x00,0x00,0x00,0x00,0x00,0x00,0x00,0x00,0x00,0x00,0x00,
  0x00,0x00,0x00,0x00,0x00,0x00,0x00,0x00,0x00,0x00,0x00,0x00,0x00,0x00,0x00,0x00,
  0x00,0x00,0x00,0x00,0x00,0x00,0x00,0x00,0x00,0x00,0x00,0x00,0x00,0x00,0x00,0x00,
  0x00,0x00,0x00,0x00,0x00,0x00,0x00,0x00,0x00,0x00,0x00,0x00,0x00,0x00,0x00,0x00,
  0x00,0x00,0x00,0x00,0x00,0x00,0x00,0x00,0x00,0x00,0x00,0x00,0x00,0x00,0x00,0x00,
  0x00,0x00,0x00,0x00,0x00,0x00,0x00,0x00,0x00,0x00,0x00,0x00,0x00,0x00,0x00,0x00,
  0x00,0x00,0x00,0x00,0x00,0x00,0x00,0x00,0x00,0x00,0x00,0x00,0x00,0x00,0x00,0x00,
  0x00,0x00,0x00,0x00,0x00,0x00,0x00,0x00,0x00,0x00,0x00,0x00,0x00,0x00,0x00,0x00,
  0x00,0x00,0x00,0x00,0x00,0x00,0x00,0x00,0x00,0x00,0x00,0x00,0x00,0x00,0x00,0x00,
  0x00,0x00,0x00,0x00,0x00,0x00,0x06,0x00,0x03,0x00,0x03,0x00,0xe3,0x00,0x03,0x00,
  0xe3,0x00,0xe3,0x00,0xe3,0x00,0x03,0x00,0x03,0x00,0x03,0x00,0x03,0x00,0x06,0x00,
  0x00,0x00,0x00,0x00,0x00,0x00,0x00,0x00,0x00,0x00,0x00,0x00,0x00,0x00,0x00,0x00,
  0x00,0x00,0x00,0x00,0x00,0x00,0x00,0x00,0x00,0x00,0x00,0x00,0x00,0x00,0x00,0x00,
  0x00,0x00,0x00,0x00,0x00,0x00,0x00,0x00,0x00,0x00,0x00,0x00,0x00,0x00,0x00,0x00,
  0x00,0x00,0x00,0x00,0x00,0x00,0x00,0x00,0x00,0x00,0x00,0x00,0x00,0x00,0x00,0x00,
  0x00,0x00,0x00,0x00,0x00,0x00,0x00,0x00,0x00,0x00,0x00,0x00,0x00,0x00,0x00,0x00,
  0x00,0x00,0x00,0x00,0x00,0x00,0x00,0x00,0x00,0x00,0x00,0x00,0x00,0x00,0x00,0x00,
  0x07,0x00,0x03,0x00,0x03,0x00,0x03,0x00,0x03,0x00,0x03,0x00,0x03,0x00,0xe3,0x00,
  0xe3,0x00,0x03,0x00,0x03,0x00,0x03,0x00,0x06,0x00,0x00,0x00,0x00,0x00,0x00,0x00,
  0x00,0x00,0x00,0x00,0x00,0x00,0x00,0x00,0x00,0x00,0x00,0x00,0x00,0x00,0x00,0x00,
  0x00,0x00,0x00,0x00,0x00,0x00,0x00,0x00,0x00,0x00,0x00,0x00,0x00,0x00,0x00,0x00,
  0x00,0x00,0x00,0x00,0x00,0x00,0x63,0x08,0x83,0x08,0x83,0x08,0x83,0x08,0x83,0x08,
  0x83,0x08,0x83,0x08,0x83,0x08,0x83,0x08,0x83,0x08,0x83,0x08,0x83,0x08,0x83,0x08,
  0x00,0x00,0x00,0x00,0x00,0x00,0x00,0x00,0x00,0x00,0x00,0x00,0x00,0x00,0x00,0x00,
  0x00,0x00,0x00,0x00,0x00,0x00,0x00,0x00,0x00,0x00,0x00,0x00,0x00,0x00,0x00,0x00,
  0x00,0x00,0x00,0x00,0x00,0x00,0x00,0x00,0x00,0x00,0x00,0x00,0x00,0x00,0x00,0x00,
  0x00,0x00,0x00,0x00,0x00,0x00,0x00,0x00,0x00,0x00,0x00,0x00,0x00,0x00,0x00,0x00,
  0x00,0x00,0x00,0x00,0x00,0x00,0x00,0x00,0x00,0x00,0x00,0x00,0x00,0x00,0x00,0x00,
  0x00,0x00,0x00,0x00,0x00,0x00,0x00,0x00,0x00,0x00,0x00,0x00,0x00,0x00,0x00,0x00,
  0x83,0x08,0x83,0x08,0x83,0x08,0x83,0x08,0x83,0x08,0x83,0x08,0x83,0x08,0x83,0x08,
  0x83,0x08,0x83,0x08,0x83,0x08,0x83,0x08,0x63,0x08,0x00,0x00,0x00,0x00,0x00,0x00,
  0x00,0x00,0x00,0x00,0x00,0x00,0x00,0x00,0x00,0x00,0x00,0x00,0x00,0x00,0x00,0x00,
  0x00,0x00,0x00,0x00,0x00,0x00,0x00,0x00,0x00,0x00,0x00,0x00,0x00,0x00,0x00,0x00,
  0x00,0x00,0x00,0x00,0x00,0x00,0x83,0x08,0x83,0x08,0x83,0x08,0x83,0x08,0x83,0x08,
  0x83,0x08,0x83,0x08,0xa3,0x08,0xa4,0x08,0x83,0x08,0x83,0x08,0x83,0x08,0x83,0x08,
  0x00,0x00,0x00,0x00,0x00,0x00,0x00,0x00,0x00,0x00,0x00,0x00,0x00,0x00,0x00,0x00,
  0x00,0x00,0x00,0x00,0x00,0x00,0x00,0x00,0x00,0x00,0x00,0x00,0x00,0x00,0x00,0x00,
  0x00,0x00,0x00,0x00,0x00,0x00,0x00,0x00,0x00,0x00,0x00,0x00,0x00,0x00,0x00,0x00,
  0x00,0x00,0x00,0x00,0x00,0x00,0x00,0x00,0x00,0x00,0x00,0x00,0x00,0x00,0x00,0x00,
  0x00,0x00,0x00,0x00,0x00,0x00,0x00,0x00,0x00,0x00,0x00,0x00,0x00,0x00,0x00,0x00,
  0x00,0x00,0x00,0x00,0x00,0x00,0x00,0x00,0x00,0x00,0x00,0x00,0x00,0x00,0x00,0x00,
  0x83,0x08,0x83,0x08,0x83,0x08,0x83,0x08,0xa3,0x08,0x83,0x08,0x83,0x08,0x83,0x08,
  0xa3,0x08,0x83,0x08,0x83,0x08,0x83,0x08,0x83,0x08,0x00,0x00,0x00,0x00,0x00,0x00,
  0x00,0x00,0x00,0x00,0x00,0x00,0x00,0x00,0x00,0x00,0x00,0x00,0x00,0x00,0x00,0x00,
  0x00,0x00,0x00,0x00,0x00,0x00,0x00,0x00,0x00,0x00,0x00,0x00,0x00,0x00,0x00,0x00,
  0x00,0x00,0x00,0x00,0x00,0x00,0x83,0x08,0x83,0x08,0x83,0x08,0x62,0x08,0x41,0x08,
  0x62,0x08,0x62,0x08,0x62,0x08,0x42,0x08,0x62,0x08,0x83,0x08,0x83,0x08,0x83,0x08,
  0x00,0x00,0x00,0x00,0x00,0x00,0x00,0x00,0x00,0x00,0x00,0x00,0x00,0x00,0x00,0x00,
  0x00,0x00,0x00,0x00,0x00,0x00,0x00,0x00,0x00,0x00,0x00,0x00,0x00,0x00,0x00,0x00,
  0x00,0x00,0x00,0x00,0x00,0x00,0x00,0x00,0x00,0x00,0x00,0x00,0x00,0x00,0x00,0x00,
  0x00,0x00,0x00,0x00,0x00,0x00,0x00,0x00,0x00,0x00,0x00,0x00,0x00,0x00,0x00,0x00,
  0x00,0x00,0x00,0x00,0x00,0x00,0x00,0x00,0x00,0x00,0x00,0x00,0x00,0x00,0x00,0x00,
  0x00,0x00,0x00,0x00,0x00,0x00,0x00,0x00,0x00,0x00,0x00,0x00,0x00,0x00,0x00,0x00,
  0x83,0x08,0x83,0x08,0x83,0x08,0x62,0x08,0x41,0x08,0x62,0x08,0x62,0x08,0x41,0x08,
  0x41,0x08,0x83,0x08,0x83,0x08,0x83,0x08,0x83,0x08,0x00,0x00,0x00,0x00,0x00,0x00,
  0x00,0x00,0x00,0x00,0x00,0x00,0x00,0x00,0x00,0x00,0x00,0x00,0x00,0x00,0x00,0x00,
  0x00,0x00,0x00,0x00,0x00,0x00,0x00,0x00,0x00,0x00,0x00,0x00,0x00,0x00,0x00,0x00,
  0x00,0x00,0x00,0x00,0x00,0x00,0x83,0x08,0x83,0x08,0x62,0x08,0xa4,0x08,0x6a,0x09,
  0x6a,0x09,0x8b,0x09,0x8b,0x09,0x6a,0x09,0xa4,0x08,0x83,0x08,0x83,0x08,0x83,0x08,
  0x83,0x08,0x63,0x08,0x83,0x08,0xa3,0x08,0x00,0x00,0x00,0x00,0x00,0x00,0x00,0x00,
  0x00,0x00,0x00,0x00,0x00,0x00,0x00,0x00,0x00,0x00,0x00,0x00,0x00,0x00,0x00,0x00,
  0x00,0x00,0x00,0x00,0x00,0x00,0x00,0x00,0x00,0x00,0x00,0x00,0x00,0x00,0x00,0x00,
  0x00,0x00,0x00,0x00,0x00,0x00,0x00,0x00,0x00,0x00,0x00,0x00,0x00,0x00,0x00,0x00,
  0x00,0x00,0x00,0x00,0x00,0x00,0x00,0x00,0x00,0x00,0x00,0x00,0x00,0x00,0x00,0x00,
  0x00,0x00,0x00,0x00,0x00,0x00,0x00,0x00,0xa4,0x08,0x63,0x08,0x63,0x08,0x83,0x08,
  0x83,0x08,0x83,0x08,0x83,0x08,0xa4,0x08,0x6a,0x09,0x8b,0x09,0x8a,0x09,0x49,0x09,
  0x6a,0x09,0xc5,0x08,0x83,0x08,0xa3,0x08,0x83,0x08,0x00,0x00,0x00,0x00,0x00,0x00,
  0x00,0x00,0x00,0x00,0x00,0x00,0x00,0x00,0x00,0x00,0x00,0x00,0x00,0x00,0x00,0x00,
  0x00,0x00,0x00,0x00,0x00,0x00,0x00,0x00,0x00,0x00,0x00,0x00,0x00,0x00,0x00,0x00,
  0x00,0x00,0x00,0x00,0x00,0x00,0x83,0x08,0xa3,0x08,0x42,0x08,0x6a,0x09,0x7f,0x04,
  0x3f,0x04,0x3f,0x04,0x3f,0x04,0x5f,0x04,0x8b,0x01,0x62,0x08,0xa4,0x08,0x83,0x08,
  0x83,0x08,0x83,0x08,0x83,0x08,0x83,0x08,0x00,0x00,0x00,0x00,0x00,0x00,0x00,0x00,
  0x00,0x00,0x00,0x00,0x00,0x00,0x00,0x00,0x00,0x00,0x00,0x00,0x00,0x00,0x00,0x00,
  0x00,0x00,0x00,0x00,0x00,0x00,0x00,0x00,0x00,0x00,0x00,0x00,0x00,0x00,0x00,0x00,
  0x00,0x00,0x00,0x00,0x00,0x00,0x00,0x00,0x00,0x00,0x00,0x00,0x00,0x00,0x00,0x00,
  0x00,0x00,0x00,0x00,0x00,0x00,0x00,0x00,0x00,0x00,0x00,0x00,0x00,0x00,0x00,0x00,
  0x00,0x00,0x00,0x00,0x00,0x00,0x00,0x00,0x83,0x08,0x83,0x08,0x83,0x08,0x83,0x08,
  0x83,0x08,0xa3,0x08,0x62,0x08,0x48,0x09,0x3f,0x04,0x3f,0x04,0x1f,0x04,0xff,0x03,
  0x5f,0x04,0x8b,0x09,0x41,0x08,0xa4,0x08,0x83,0x08,0x00,0x00,0x00,0x00,0x00,0x00,
  0x00,0x00,0x00,0x00,0x00,0x00,0x00,0x00,0x00,0x00,0x00,0x00,0x00,0x00,0x00,0x00,
  0x00,0x00,0x00,0x00,0x00,0x00,0x00,0x00,0x00,0x00,0x00,0x00,0x00,0x00,0x00,0x00,
  0x00,0x00,0x00,0x00,0x00,0x00,0x83,0x08,0xa3,0x08,0x41,0x08,0x49,0x01,0x3f,0x04,
  0xff,0x03,0xfe,0x03,0xfe,0x03,0x3f,0x04,0x6b,0x01,0x41,0x08,0x83,0x08,0x83,0x08,
  0x83,0x08,0x83,0x08,0x83,0x08,0x83,0x08,0x00,0x00,0x00,0x00,0x00,0x00,0x00,0x00,
  0x00,0x00,0x00,0x00,0x00,0x00,0x00,0x00,0x00,0x00,0x00,0x00,0x00,0x00,0x00,0x00,
  0x00,0x00,0x00,0x00,0x00,0x00,0x00,0x00,0x00,0x00,0x00,0x00,0x00,0x00,0x00,0x00,
  0x00,0x00,0x00,0x00,0x00,0x00,0x00,0x00,0x00,0x00,0x00,0x00,0x00,0x00,0x00,0x00,
  0x00,0x00,0x00,0x00,0x00,0x00,0x00,0x00,0x00,0x00,0x00,0x00,0x00,0x00,0x00,0x00,
  0x00,0x00,0x00,0x00,0x00,0x00,0x00,0x00,0x83,0x08,0x83,0x08,0x83,0x08,0x83,0x08,
  0x83,0x08,0x83,0x08,0x41,0x08,0x07,0x01,0x1e,0x04,0xfe,0x03,0xff,0x03,0xff,0x03,
  0x1f,0x04,0x4a,0x09,0x41,0x08,0x83,0x08,0x83,0x08,0x00,0x00,0x00,0x00,0x00,0x00,
  0x00,0x00,0x00,0x00,0x00,0x00,0x00,0x00,0x00,0x00,0x00,0x00,0x00,0x00,0x00,0x00,
  0x00,0x00,0x00,0x00,0x00,0x00,0x00,0x00,0x00,0x00,0x00,0x00,0x00,0x00,0x00,0x00,
  0x00,0x00,0x00,0x00,0x00,0x00,0x83,0x08,0x83,0x08,0x41,0x08,0x6a,0x09,0x3f,0x04,
  0xff,0x03,0x1f,0x04,0x1f,0x04,0x3f,0x04,0xce,0x09,0xa4,0x08,0x06,0x09,0xa4,0x08,
  0x63,0x08,0x83,0x08,0x83,0x08,0x83,0x08,0xa3,0x00,0x83,0x00,0x83,0x08,0x00,0x00,
  0x00,0x00,0x00,0x00,0x00,0x00,0x00,0x00,0x00,0x00,0x00,0x00,0x00,0x00,0x00,0x00,
  0x00,0x00,0x00,0x00,0x00,0x00,0x00,0x00,0x00,0x00,0x00,0x00,0x00,0x00,0x00,0x00,
  0x00,0x00,0x00,0x00,0x00,0x00,0x00,0x00,0x00,0x00,0x00,0x00,0x00,0x00,0x00,0x00,
  0x00,0x00,0x00,0x00,0x00,0x00,0x00,0x00,0x00,0x00,0x00,0x00,0x00,0x00,0x00,0x00,
  0x00,0x00,0x83,0x08,0x63,0x00,0x84,0x08,0xa4,0x08,0xa4,0x08,0x83,0x08,0x83,0x08,
  0xa4,0x08,0xe6,0x08,0xa4,0x08,0xab,0x01,0x3f,0x04,0x1f,0x04,0xff,0x03,0xff,0x03,
  0xff,0x03,0x4a,0x09,0x62,0x08,0x83,0x08,0x83,0x08,0x00,0x00,0x00,0x00,0x00,0x00,
  0x00,0x00,0x00,0x00,0x00,0x00,0x00,0x00,0x00,0x00,0x00,0x00,0x00,0x00,0x00,0x00,
  0x00,0x00,0x00,0x00,0x00,0x00,0x00,0x00,0x00,0x00,0x00,0x00,0x00,0x00,0x00,0x00,
  0x00,0x00,0x00,0x00,0x00,0x00,0x83,0x08,0x83,0x08,0x62,0x08,0x6a,0x09,0x3f,0x04,
  0xff,0x03,0x1f,0x04,0x1f,0x04,0x1f,0x04,0xfe,0x03,0xdd,0x03,0x1e,0x04,0x72,0x02,
  0x42,0x08,0xa4,0x08,0x83,0x08,0x83,0x08,0x83,0x08,0x83,0x08,0x83,0x08,0x00,0x00,
  0x00,0x00,0x00,0x00,0x00,0x00,0x00,0x00,0x00,0x00,0x00,0x00,0x00,0x00,0x00,0x00,
  0x00,0x00,0x00,0x00,0x00,0x00,0x00,0x00,0x00,0x00,0x00,0x00,0x00,0x00,0x00,0x00,
  0x00,0x00,0x00,0x00,0x00,0x00,0x00,0x00,0x00,0x00,0x00,0x00,0x00,0x00,0x00,0x00,
  0x00,0x00,0x00,0x00,0x00,0x00,0x00,0x00,0x00,0x00,0x00,0x00,0x00,0x00,0x00,0x00,
  0x00,0x00,0x83,0x08,0x83,0x08,0x83,0x08,0x83,0x08,0x83,0x08,0xa4,0x08,0x42,0x08,
  0xb2,0x02,0x3e,0x04,0xdc,0x03,0xfe,0x03,0x1f,0x04,0xff,0x03,0xfe,0x03,0xfe,0x03,
  0x1f,0x04,0x8b,0x09,0x62,0x08,0x83,0x08,0x83,0x08,0x00,0x00,0x00,0x00,0x00,0x00,
  0x00,0x00,0x00,0x00,0x00,0x00,0x00,0x00,0x00,0x00,0x00,0x00,0x00,0x00,0x00,0x00,
  0x00,0x00,0x00,0x00,0x00,0x00,0x00,0x00,0x00,0x00,0x00,0x00,0x00,0x00,0x00,0x00,
  0x00,0x00,0x00,0x00,0x00,0x00,0x83,0x08,0xa3,0x08,0x42,0x08,0x49,0x01,0x3f,0x04,
  0x1f,0x04,0x1f,0x04,0x1f,0x04,0x1f,0x04,0x1f,0x04,0x1f,0x04,0x3f,0x04,0x94,0x02,
  0x42,0x08,0xa4,0x08,0x83,0x08,0x83,0x08,0x83,0x08,0x83,0x08,0x83,0x08,0x00,0x00,
  0x00,0x00,0x00,0x00,0x00,0x00,0x00,0x00,0x00,0x00,0x00,0x00,0x00,0x00,0x00,0x00,
  0x00,0x00,0x00,0x00,0x00,0x00,0x00,0x00,0x00,0x00,0x00,0x00,0x00,0x00,0x00,0x00,
  0x00,0x00,0x00,0x00,0x00,0x00,0x00,0x00,0x00,0x00,0x00,0x00,0x00,0x00,0x00,0x00,
  0x00,0x00,0x00,0x00,0x00,0x00,0x00,0x00,0x00,0x00,0x00,0x00,0x00,0x00,0x00,0x00,
  0x00,0x00,0x83,0x08,0x83,0x08,0x83,0x08,0x83,0x08,0x83,0x08,0xa4,0x08,0x42,0x08,
  0xd4,0x02,0x7f,0x04,0x1f,0x04,0x1f,0x04,0x1f,0x04,0x1f,0x04,0x1f,0x04,0x1f,0x04,
  0x3f,0x04,0x8b,0x09,0x62,0x08,0xa4,0x08,0x83,0x08,0x00,0x00,0x00,0x00,0x00,0x00,
  0x00,0x00,0x00,0x00,0x00,0x00,0x00,0x00,0x00,0x00,0x00,0x00,0x00,0x00,0x00,0x00,
  0x00,0x00,0x00,0x00,0x00,0x00,0x00,0x00,0x00,0x00,0x00,0x00,0x00,0x00,0x00,0x00,
  0x00,0x00,0x00,0x00,0x00,0x00,0x83,0x08,0xa3,0x08,0x41,0x08,0x28,0x09,0xfd,0x03,
  0xfc,0x03,0x1e,0x04,0x3f,0x04,0x1f,0x04,0x1f,0x04,0xfe,0x03,0x3f,0x04,0x73,0x02,
  0x20,0x08,0x83,0x08,0x62,0x08,0x83,0x08,0x83,0x08,0x83,0x08,0x83,0x08,0xa3,0x08,
  0xa3,0x08,0x83,0x08,0x83,0x08,0x83,0x08,0xa3,0x08,0x83,0x08,0x63,0x08,0x00,0x00,
  0x00,0x00,0x00,0x00,0x00,0x00,0x00,0x00,0x00,0x00,0x00,0x00,0x00,0x00,0x00,0x00,
  0x00,0x00,0x00,0x00,0x00,0x00,0x00,0x00,0x00,0x00,0x00,0x00,0x00,0x00,0x00,0x00,
  0x00,0x00,0x63,0x08,0xa3,0x08,0xa3,0x08,0xa3,0x08,0xa3,0x08,0x83,0x08,0xa3,0x08,
  0x84,0x08,0x83,0x08,0x83,0x08,0x83,0x08,0x83,0x08,0x83,0x08,0x63,0x08,0x00,0x08,
  0xb3,0x02,0x5f,0x04,0xfe,0x03,0x1f,0x04,0x1f,0x04,0x1f,0x04,0xfe,0x03,0xbc,0x03,
  0xfd,0x03,0x49,0x01,0x42,0x08,0xa4,0x08,0x83,0x08,0x00,0x00,0x00,0x00,0x00,0x00,
  0x00,0x00,0x00,0x00,0x00,0x00,0x00,0x00,0x00,0x00,0x00,0x00,0x00,0x00,0x00,0x00,
  0x00,0x00,0x00,0x00,0x00,0x00,0x00,0x00,0x00,0x00,0x00,0x00,0x00,0x00,0x00,0x00,
  0x00,0x00,0x00,0x00,0x00,0x00,0x83,0x08,0x83,0x08,0x83,0x08,0xa4,0x08,0xe5,0x08,
  0x83,0x00,0x71,0x0a,0x7f,0x04,0xfe,0x03,0xff,0x03,0x1f,0x04,0x1f,0x04,0xbd,0x03,
  0x38,0x03,0x7a,0x03,0xee,0x01,0x62,0x08,0xa3,0x08,0x83,0x08,0x83,0x08,0xa3,0x08,
  0xa3,0x08,0x83,0x08,0x83,0x08,0x83,0x08,0x83,0x08,0x83,0x08,0x83,0x08,0x00,0x00,
  0x00,0x00,0x00,0x00,0x00,0x00,0x00,0x00,0x00,0x00,0x00,0x00,0x00,0x00,0x00,0x00,
  0x00,0x00,0x00,0x00,0x00,0x00,0x00,0x00,0x00,0x00,0x00,0x00,0x00,0x00,0x00,0x00,
  0x00,0x00,0x83,0x08,0x83,0x08,0x83,0x08,0xa3,0x08,0x83,0x08,0x83,0x08,0x83,0x08,
  0x83,0x08,0x83,0x08,0x83,0x08,0xa4,0x08,0x62,0x08,0x2f,0x0a,0xba,0x0b,0x37,0x03,
  0xdc,0x03,0x3f,0x04,0x1f,0x04,0x1f,0x04,0xfe,0x03,0x5f,0x04,0x51,0x02,0x83,0x08,
  0xe5,0x08,0x83,0x08,0x83,0x08,0xa3,0x08,0x83,0x08,0x00,0x00,0x00,0x00,0x00,0x00,
  0x00,0x00,0x00,0x00,0x00,0x00,0x00,0x00,0x00,0x00,0x00,0x00,0x00,0x00,0x00,0x00,
  0x00,0x00,0x00,0x00,0x00,0x00,0x00,0x00,0x00,0x00,0x00,0x00,0x00,0x00,0x00,0x00,
  0x00,0x00,0x00,0x00,0x00,0x00,0x83,0x08,0x83,0x08,0x83,0x08,0x83,0x08,0x83,0x08,
  0x00,0x08,0x2f,0x02,0x5f,0x04,0xfe,0x03,0xff,0x03,0x1f,0x04,0xff,0x03,0x1f,0x04,
  0x1f,0x04,0x7f,0x04,0x93,0x02,0x42,0x08,0xa3,0x08,0x83,0x08,0xa4,0x10,0xa4,0x10,
  0xa4,0x10,0xa4,0x10,0xa3,0x08,0xa3,0x10,0xa3,0x08,0xa3,0x08,0xa3,0x08,0x00,0x00,
  0x00,0x00,0x00,0x00,0x00,0x00,0x00,0x00,0x00,0x00,0x00,0x00,0x00,0x00,0x00,0x00,
  0x00,0x00,0x00,0x00,0x00,0x00,0x00,0x00,0x00,0x00,0x00,0x00,0x00,0x00,0x00,0x00,
  0x00,0x00,0xa4,0x10,0xa3,0x08,0xa3,0x08,0xa3,0x10,0xa3,0x08,0xa3,0x08,0xa3,0x10,
  0xa3,0x10,0xa3,0x10,0xa3,0x08,0xa4,0x08,0x41,0x08,0x92,0x02,0xbf,0x04,0x3f,0x04,
  0x3f,0x04,0x1f,0x04,0x1f,0x04,0x1f,0x04,0xfe,0x03,0x5f,0x04,0x0f,0x02,0x21,0x08,
  0xa4,0x08,0xa3,0x08,0xa3,0x08,0x83,0x08,0x83,0x08,0x00,0x00,0x00,0x00,0x00,0x00,
  0x00,0x00,0x00,0x00,0x00,0x00,0x00,0x00,0x00,0x00,0x00,0x00,0x00,0x00,0x00,0x00,
  0x00,0x00,0x00,0x00,0x00,0x00,0x00,0x00,0x00,0x00,0x00,0x00,0x00,0x00,0x00,0x00,
  0x00,0x00,0x00,0x00,0x00,0x00,0x00,0x00,0x00,0x00,0xc6,0x00,0x83,0x08,0xa4,0x08,
  0x41,0x08,0x50,0x02,0x9f,0x04,0x5f,0x04,0x5f,0x04,0x1f,0x04,0xff,0x03,0xff,0x03,
  0xfe,0x03,0x3f,0x04,0x52,0x02,0x41,0x08,0x83,0x08,0x42,0x00,0x22,0x00,0x42,0x00,
  0x21,0x00,0x01,0x00,0x21,0x00,0x21,0x00,0x42,0x00,0xa4,0x10,0xa3,0x08,0x00,0x00,
  0x00,0x00,0x00,0x00,0x00,0x00,0x00,0x00,0x00,0x00,0x00,0x00,0x00,0x00,0x00,0x00,
  0x00,0x00,0x00,0x00,0x00,0x00,0x00,0x00,0x00,0x00,0x00,0x00,0x00,0x00,0x00,0x00,
  0x00,0x00,0xa4,0x10,0xa4,0x08,0x22,0x00,0x01,0x00,0x22,0x00,0x01,0x00,0x01,0x00,
  0x22,0x00,0x22,0x00,0x22,0x00,0x83,0x08,0x21,0x08,0x50,0x02,0x7f,0x04,0xfe,0x03,
  0x1f,0x04,0x1f,0x04,0x1f,0x04,0x3f,0x04,0x5f,0x04,0xbf,0x04,0x71,0x02,0x41,0x08,
  0xa4,0x08,0x83,0x08,0xe5,0x08,0x00,0x00,0x00,0x00,0x00,0x00,0x00,0x00,0x00,0x00,
  0x00,0x00,0x00,0x00,0x00,0x00,0x00,0x00,0x00,0x00,0x00,0x00,0x00,0x00,0x00,0x00,
  0x00,0x00,0x00,0x00,0x00,0x00,0x00,0x00,0x00,0x00,0x00,0x00,0x00,0x00,0x00,0x00,
  0x00,0x00,0x00,0x00,0x00,0x00,0x00,0x00,0x00,0x00,0xc6,0x00,0x83,0x08,0x83,0x08,
  0x83,0x08,0x28,0x09,0xee,0x01,0xee,0x01,0xba,0x03,0x3f,0x04,0xfe,0x03,0x1f,0x04,
  0x1f,0x04,0x5f,0x04,0x92,0x02,0x42,0x08,0x83,0x08,0x4a,0x42,0x2d,0x63,0x0d,0x5b,
  0x0c,0x5b,0xec,0x5a,0xcc,0x5a,0x0d,0x5b,0xe8,0x31,0x63,0x08,0x83,0x08,0x83,0x08,
  0xa4,0x08,0x83,0x08,0x83,0x08,0x83,0x08,0x83,0x08,0x83,0x08,0x83,0x08,0x83,0x08,
  0x83,0x08,0x83,0x08,0x83,0x08,0x83,0x08,0x83,0x08,0x83,0x08,0x83,0x08,0x83,0x08,
  0xa4,0x10,0x83,0x08,0x62,0x08,0x09,0x42,0x0d,0x5b,0xec,0x5a,0xec,0x5a,0xcc,0x5a,
  0x0d,0x5b,0x2d,0x63,0x29,0x42,0x63,0x08,0x42,0x08,0x71,0x02,0x7f,0x04,0x1f,0x04,
  0x1f,0x04,0x1f,0x04,0x3f,0x04,0x9a,0x03,0xcd,0x01,0xee,0x01,0x28,0x09,0x62,0x08,
  0x83,0x08,0x83,0x08,0xc3,0x00,0x00,0x00,0x00,0x00,0x00,0x00,0x00,0x00,0x00,0x00,
  0x00,0x00,0x00,0x00,0x00,0x00,0x00,0x00,0x00,0x00,0x00,0x00,0x00,0x00,0x00,0x00,
  0x00,0x00,0x00,0x00,0x00,0x00,0x00,0x00,0x00,0x00,0x00,0x00,0x00,0x00,0x00,0x00,
  0x00,0x00,0x00,0x00,0x00,0x00,0x00,0x00,0x00,0x00,0xa5,0x00,0x83,0x08,0x83,0x08,
  0x83,0x08,0x83,0x08,0x42,0x08,0x20,0x08,0x16,0x03,0x5f,0x04,0xfe,0x03,0x1e,0x04,
  0x1e,0x04,0x5f,0x04,0x72,0x02,0x83,0x10,0x63,0x00,0x18,0xc6,0xff,0xff,0xff,0xff,
  0xff,0xff,0xff,0xff,0xff,0xff,0xff,0xff,0x92,0x8c,0x22,0x00,0xa4,0x10,0xa4,0x10,
  0xa4,0x08,0x83,0x08,0xa3,0x08,0x83,0x08,0x83,0x08,0x83,0x08,0x83,0x08,0xa3,0x08,
  0x83,0x08,0x83,0x08,0x83,0x08,0x83,0x08,0x83,0x08,0xa3,0x08,0x83,0x08,0xa3,0x08,
  0xa3,0x10,0xa3,0x10,0x21,0x00,0x76,0xad,0xff,0xff,0xff,0xff,0xff,0xff,0xff,0xff,
  0xff,0xff,0xff,0xff,0xf7,0xbd,0x63,0x00,0x83,0x10,0x92,0x0a,0x5f,0x04,0xfe,0x03,
  0xfe,0x03,0x1e,0x04,0x5f,0x04,0x16,0x03,0x21,0x08,0x42,0x08,0x62,0x08,0x83,0x08,
  0x83,0x08,0x83,0x08,0xa2,0x00,0x00,0x00,0x00,0x00,0x00,0x00,0x00,0x00,0x00,0x00,
  0x00,0x00,0x00,0x00,0x00,0x00,0x00,0x00,0x00,0x00,0x00,0x00,0x00,0x00,0x00,0x00,
  0x00,0x00,0x00,0x00,0x00,0x00,0x00,0x00,0x00,0x00,0x00,0x00,0x00,0x00,0x00,0x00,
  0x00,0x00,0x00,0x00,0x00,0x00,0x00,0x00,0x00,0x00,0xa2,0x00,0x83,0x08,0x83,0x08,
  0x83,0x08,0xa3,0x08,0xa4,0x08,0x62,0x08,0x38,0x03,0x9f,0x04,0x5f,0x04,0x5f,0x04,
  0x3f,0x04,0xbf,0x04,0x51,0x02,0x00,0x00,0x01,0x00,0x96,0xb5,0xff,0xff,0xbe,0xf7,
  0xdf,0xff,0xdf,0xff,0xbe,0xf7,0xff,0xff,0x10,0x7c,0x00,0x00,0x42,0x00,0x21,0x00,
  0x63,0x08,0x83,0x08,0x83,0x08,0x83,0x08,0x83,0x08,0x83,0x08,0x83,0x08,0x83,0x08,
  0x83,0x08,0x83,0x08,0x83,0x08,0x83,0x08,0x83,0x08,0x83,0x08,0xa3,0x08,0x63,0x08,
  0x21,0x00,0x42,0x00,0x00,0x00,0xd3,0x9c,0xff,0xff,0xbe,0xf7,0xdf,0xff,0xdf,0xff,
  0xbe,0xf7,0xff,0xff,0x96,0xb5,0x01,0x00,0x00,0x00,0x30,0x02,0xbf,0x04,0x3f,0x04,
  0x5f,0x04,0x5f,0x04,0x9f,0x04,0x58,0x03,0x42,0x08,0xa4,0x08,0xa3,0x08,0x83,0x08,
  0x83,0x08,0x83,0x08,0xa2,0x00,0x00,0x00,0x00,0x00,0x00,0x00,0x00,0x00,0x00,0x00,
  0x00,0x00,0x00,0x00,0x00,0x00,0x00,0x00,0x00,0x00,0x00,0x00,0x00,0x00,0x00,0x00,
  0x00,0x00,0x00,0x00,0x00,0x00,0x00,0x00,0x00,0x00,0x00,0x00,0x00,0x00,0x00,0x00,
  0x00,0x00,0x00,0x00,0x00,0x00,0x00,0x00,0x00,0x00,0x00,0x00,0x83,0x08,0x83,0x08,
  0x84,0x08,0x83,0x08,0x83,0x08,0x63,0x08,0xcd,0x01,0xb3,0x02,0xb3,0x02,0x93,0x02,
  0x51,0x02,0x72,0x02,0xd4,0x4b,0x6e,0x73,0x4d,0x63,0x9a,0xd6,0xff,0xff,0xdf,0xff,
  0xff,0xff,0xff,0xff,0xdf,0xff,0xff,0xff,0x14,0xa5,0xe8,0x39,0x29,0x42,0x08,0x3a,
  0xe4,0x18,0x83,0x08,0x83,0x08,0x83,0x08,0x83,0x08,0x83,0x08,0x83,0x08,0x83,0x08,
  0x83,0x08,0x83,0x08,0x83,0x08,0x83,0x08,0x83,0x08,0x83,0x08,0x83,0x08,0x05,0x19,
  0x29,0x42,0x4a,0x42,0x09,0x3a,0xd7,0xbd,0xff,0xff,0xdf,0xff,0xdf,0xff,0xff,0xff,
  0xdf,0xff,0xff,0xff,0xba,0xd6,0x6e,0x6b,0x8e,0x73,0x92,0x4b,0x72,0x02,0x93,0x02,
  0x93,0x0a,0x72,0x02,0x92,0x02,0xcd,0x01,0x63,0x08,0x83,0x08,0x83,0x08,0x83,0x08,
  0x83,0x08,0x83,0x08,0x00,0x00,0x00,0x00,0x00,0x00,0x00,0x00,0x00,0x00,0x00,0x00,
  0x00,0x00,0x00,0x00,0x00,0x00,0x00,0x00,0x00,0x00,0x00,0x00,0x00,0x00,0x00,0x00,
  0x00,0x00,0x00,0x00,0x00,0x00,0x00,0x00,0x00,0x00,0x00,0x00,0x00,0x00,0x00,0x00,
  0x00,0x00,0x00,0x00,0x00,0x00,0x00,0x00,0x00,0x00,0x00,0x00,0x00,0x00,0x00,0x00,
  0xc6,0x00,0x83,0x08,0x83,0x08,0x83,0x08,0x62,0x08,0x41,0x08,0x82,0x10,0x62,0x10,
  0x61,0x10,0x00,0x00,0xf7,0xc5,0xff,0xff,0xff,0xff,0xff,0xff,0xff,0xff,0xff,0xff,
  0xff,0xff,0xff,0xff,0xff,0xff,0xdf,0xff,0xff,0xff,0xff,0xff,0xff,0xff,0xff,0xff,
  0x4a,0x42,0x42,0x00,0xa3,0x10,0xa3,0x08,0xa3,0x08,0xa3,0x08,0xa3,0x08,0xa3,0x08,
  0xa3,0x08,0xa3,0x08,0xa4,0x10,0xa4,0x10,0xa3,0x10,0xa4,0x10,0x22,0x00,0xcc,0x52,
  0xff,0xff,0xff,0xff,0xff,0xff,0xff,0xff,0xdf,0xff,0xdf,0xff,0xff,0xff,0xff,0xff,
  0xff,0xff,0xff,0xff,0xff,0xff,0xff,0xff,0xff,0xff,0xd7,0xbd,0x00,0x00,0x82,0x10,
  0x62,0x10,0x62,0x08,0x41,0x08,0x62,0x08,0x83,0x08,0x83,0x08,0x83,0x08,0xe7,0x00,
  0x00,0x00,0x00,0x00,0x00,0x00,0x00,0x00,0x00,0x00,0x00,0x00,0x00,0x00,0x00,0x00,
  0x00,0x00,0x00,0x00,0x00,0x00,0x00,0x00,0x00,0x00,0x00,0x00,0x00,0x00,0x00,0x00,
  0x00,0x00,0x00,0x00,0x00,0x00,0x00,0x00,0x00,0x00,0x00,0x00,0x00,0x00,0x00,0x00,
  0x00,0x00,0x00,0x00,0x00,0x00,0x00,0x00,0x00,0x00,0x00,0x00,0x00,0x00,0x00,0x00,
  0x84,0x10,0x83,0x08,0x83,0x08,0x83,0x08,0x42,0x00,0x22,0x00,0x43,0x00,0x42,0x00,
  0x42,0x00,0x00,0x00,0x96,0xad,0xff,0xff,0xbe,0xf7,0xdf,0xff,0xff,0xff,0xdf,0xff,
  0xff,0xff,0xdf,0xff,0xff,0xff,0xff,0xff,0xdf,0xff,0xdf,0xff,0xdf,0xff,0xff,0xff,
  0xe8,0x31,0x00,0x00,0x42,0x00,0x22,0x00,0x22,0x00,0x22,0x00,0x22,0x00,0x22,0x00,
  0x22,0x00,0x22,0x00,0x22,0x00,0x42,0x00,0x42,0x00,0x42,0x00,0x00,0x00,0x49,0x42,
  0xff,0xff,0xdf,0xff,0xdf,0xff,0xdf,0xff,0xdf,0xff,0xdf,0xff,0xff,0xff,0xff,0xff,
  0xdf,0xff,0xff,0xff,0xdf,0xff,0xbe,0xf7,0xdf,0xff,0x96,0xad,0x01,0x00,0x42,0x00,
  0x42,0x00,0x43,0x00,0x22,0x00,0x42,0x00,0x83,0x08,0x83,0x08,0x83,0x08,0x84,0x10,
  0x00,0x00,0x00,0x00,0x00,0x00,0x00,0x00,0x00,0x00,0x00,0x00,0x00,0x00,0x00,0x00,
  0x00,0x00,0x00,0x00,0x00,0x00,0x00,0x00,0x00,0x00,0x00,0x00,0x00,0x00,0x00,0x00,
  0x00,0x00,0x00,0x00,0x00,0x00,0x00,0x00,0x00,0x00,0x00,0x00,0x00,0x00,0x00,0x00,
  0x00,0x00,0x00,0x00,0x00,0x00,0x00,0x00,0x00,0x00,0x84,0x10,0xa4,0x08,0x83,0x08,
  0xa3,0x08,0x83,0x08,0x83,0x08,0x62,0x00,0xa7,0x31,0x6a,0x4a,0x6a,0x42,0x6a,0x4a,
  0x6a,0x4a,0x09,0x42,0x59,0xce,0xff,0xff,0xdf,0xff,0xdf,0xff,0xff,0xff,0xdf,0xff,
  0xff,0xff,0xdf,0xff,0xff,0xff,0xff,0xff,0xff,0xff,0xdf,0xff,0xff,0xff,0xff,0xff,
  0x6e,0x6b,0x29,0x42,0x6a,0x4a,0x4a,0x42,0x4a,0x42,0x4a,0x42,0x4a,0x42,0x49,0x42,
  0x49,0x42,0x4a,0x42,0x6a,0x4a,0x4a,0x42,0x4a,0x42,0x6a,0x4a,0x09,0x3a,0xf0,0x7b,
  0xff,0xff,0xdf,0xff,0xdf,0xff,0xdf,0xff,0xff,0xff,0xdf,0xff,0xdf,0xff,0xff,0xff,
  0xff,0xff,0xdf,0xff,0xdf,0xff,0xdf,0xff,0xff,0xff,0x59,0xc6,0x29,0x42,0x49,0x42,
  0x4a,0x42,0x6a,0x4a,0x4a,0x42,0xa7,0x31,0x62,0x08,0x83,0x08,0xa3,0x08,0xa3,0x08,
  0x83,0x08,0x83,0x08,0xa4,0x08,0x00,0x00,0x00,0x00,0x00,0x00,0x00,0x00,0x00,0x00,
  0x00,0x00,0x00,0x00,0x00,0x00,0x00,0x00,0x00,0x00,0x00,0x00,0x00,0x00,0x00,0x00,
  0x00,0x00,0x00,0x00,0x00,0x00,0x00,0x00,0x00,0x00,0x00,0x00,0x00,0x00,0x00,0x00,
  0x00,0x00,0x00,0x00,0x00,0x00,0x00,0x00,0x00,0x00,0x83,0x08,0xa3,0x08,0x83,0x08,
  0x83,0x08,0xa3,0x10,0xa3,0x10,0x21,0x00,0xd7,0xb5,0xff,0xff,0xff,0xff,0xff,0xff,
  0xff,0xff,0xff,0xff,0xff,0xff,0xff,0xff,0xdf,0xff,0xdf,0xff,0xff,0xff,0xff,0xff,
  0xdf,0xff,0xff,0xff,0xff,0xff,0xdf,0xff,0xff,0xff,0xff,0xff,0xff,0xff,0xdf,0xff,
  0xff,0xff,0xff,0xff,0xff,0xff,0xff,0xff,0xff,0xff,0xff,0xff,0xff,0xff,0xff,0xff,
  0xff,0xff,0xff,0xff,0xff,0xff,0xff,0xff,0xff,0xff,0xff,0xff,0xff,0xff,0xff,0xff,
  0xff,0xff,0xff,0xff,0xff,0xff,0xdf,0xff,0xff,0xff,0xff,0xff,0xff,0xff,0xff,0xff,
  0xdf,0xff,0xdf,0xff,0xff,0xff,0xff,0xff,0xff,0xff,0xff,0xff,0xff,0xff,0xff,0xff,
  0xff,0xff,0xff,0xff,0xff,0xff,0xd7,0xb5,0x22,0x00,0xa4,0x10,0xa4,0x10,0x83,0x08,
  0x83,0x08,0xa4,0x08,0x83,0x08,0x00,0x00,0x00,0x00,0x00,0x00,0x00,0x00,0x00,0x00,
  0x00,0x00,0x00,0x00,0x00,0x00,0x00,0x00,0x00,0x00,0x00,0x00,0x00,0x00,0x00,0x00,
  0x00,0x00,0x00,0x00,0x00,0x00,0x00,0x00,0x00,0x00,0x00,0x00,0x00,0x00,0x00,0x00,
  0x00,0x00,0x00,0x00,0x00,0x00,0x00,0x00,0x00,0x00,0x83,0x08,0x83,0x08,0x83,0x08,
  0x83,0x08,0x21,0x00,0x22,0x00,0x00,0x00,0x76,0xad,0xff,0xff,0xbe,0xf7,0xdf,0xff,
  0xdf,0xff,0xdf,0xff,0xdf,0xff,0xbf,0xf7,0xdf,0xff,0xdf,0xff,0xdf,0xff,0xdf,0xff,
  0xdf,0xff,0xdf,0xff,0xbf,0xff,0xdf,0xff,0xdf,0xff,0xff,0xff,0xff,0xff,0xff,0xff,
  0xff,0xff,0xdf,0xff,0xdf,0xff,0xdf,0xff,0xdf,0xff,0xdf,0xff,0xdf,0xff,0xdf,0xff,
  0xff,0xff,0xdf,0xff,0xdf,0xff,0xdf,0xff,0xdf,0xff,0xdf,0xff,0xdf,0xff,0xff,0xff,
  0xdf,0xff,0xdf,0xff,0xff,0xff,0xdf,0xff,0xdf,0xff,0xdf,0xff,0xdf,0xff,0xbf,0xff,
  0xdf,0xff,0xdf,0xff,0xdf,0xff,0xdf,0xff,0xdf,0xff,0xbf,0xf7,0xbf,0xf7,0xdf,0xff,
  0xdf,0xff,0xbf,0xf7,0xff,0xff,0xb6,0xb5,0x01,0x00,0x42,0x00,0x21,0x00,0x83,0x08,
  0xa3,0x08,0x83,0x08,0x83,0x08,0x00,0x00,0x00,0x00,0x00,0x00,0x00,0x00,0x00,0x00,
  0x00,0x00,0x00,0x00,0x00,0x00,0x00,0x00,0x00,0x00,0x00,0x00,0x00,0x00,0x00,0x00,
  0x00,0x00,0x00,0x00,0x00,0x00,0x00,0x00,0x00,0x00,0x00,0x00,0x00,0x00,0x00,0x00,
  0x00,0x00,0x00,0x00,0x00,0x00,0x00,0x00,0x00,0x00,0xa4,0x10,0xa3,0x08,0x83,0x08,
  0x83,0x08,0x4a,0x4a,0xcc,0x52,0x4a,0x4a,0x38,0xc6,0xff,0xff,0xdf,0xff,0xff,0xff,
  0xff,0xff,0xff,0xff,0xff,0xff,0xff,0xff,0xff,0xff,0xff,0xff,0xff,0xff,0xff,0xff,
  0xff,0xff,0xff,0xff,0xff,0xff,0xff,0xff,0xff,0xff,0xdf,0xff,0xdf,0xff,0xff,0xff,
  0xff,0xff,0xdf,0xff,0xff,0xff,0xff,0xff,0xdf,0xff,0xdf,0xff,0xff,0xff,0xff,0xff,
  0xff,0xff,0xff,0xff,0xdf,0xff,0xdf,0xff,0xff,0xff,0xff,0xff,0xff,0xff,0xff,0xff,
  0xff,0xff,0xdf,0xff,0xff,0xff,0xff,0xff,0xff,0xff,0xff,0xff,0xff,0xff,0xff,0xff,
  0xff,0xff,0xff,0xff,0xff,0xff,0xff,0xff,0xff,0xff,0xff,0xff,0xff,0xff,0xff,0xff,
  0xff,0xff,0xdf,0xff,0xff,0xff,0x9a,0xce,0xab,0x4a,0xcc,0x52,0x6a,0x4a,0xa3,0x08,
  0x83,0x08,0xa3,0x08,0xa3,0x08,0x00,0x00,0x00,0x00,0x00,0x00,0x00,0x00,0x00,0x00,
  0x00,0x00,0x00,0x00,0x00,0x00,0x00,0x00,0x00,0x00,0x00,0x00,0x00,0x00,0x00,0x00,
  0x00,0x00,0x00,0x00,0x00,0x00,0x00,0x00,0x00,0x00,0x00,0x00,0x00,0x00,0x00,0x00,
  0x00,0x00,0xe3,0x00,0xa3,0x08,0x83,0x08,0xa3,0x08,0x83,0x08,0xa3,0x08,0x62,0x08,
  0xc3,0x10,0x3c,0xe7,0xff,0xff,0xff,0xff,0xff,0xff,0xdf,0xff,0xdf,0xff,0xdf,0xff,
  0xdf,0xff,0x92,0x8c,0xaf,0x73,0xcf,0x73,0xcf,0x73,0xcf,0x73,0xcf,0x73,0xcf,0x73,
  0xaf,0x73,0xaf,0x73,0xd0,0x73,0xcf,0x73,0x31,0x84,0x9e,0xf7,0xff,0xff,0xff,0xff,
  0xdf,0xff,0xff,0xff,0xff,0xff,0xdf,0xff,0xdf,0xff,0xff,0xff,0xff,0xff,0xff,0xff,
  0xff,0xff,0xdf,0xff,0xff,0xff,0xdf,0xff,0xff,0xff,0xff,0xff,0xff,0xff,0xdf,0xff,
  0xdf,0xff,0xff,0xff,0x7d,0xef,0x31,0x84,0xcf,0x73,0xaf,0x73,0xaf,0x73,0xcf,0x73,
  0xcf,0x73,0xcf,0x73,0xcf,0x73,0xcf,0x73,0xaf,0x73,0x8e,0x6b,0xd3,0x9c,0xff,0xff,
  0xdf,0xff,0xdf,0xff,0xdf,0xff,0xff,0xff,0xff,0xff,0xff,0xff,0x5d,0xef,0xc4,0x10,
  0x62,0x08,0xa4,0x08,0xc4,0x10,0xa3,0x08,0x83,0x08,0x83,0x08,0xc3,0x18,0x00,0x00,
  0x00,0x00,0x00,0x00,0x00,0x00,0x00,0x00,0x00,0x00,0x00,0x00,0x00,0x00,0x00,0x00,
  0x00,0x00,0x00,0x00,0x00,0x00,0x00,0x00,0x00,0x00,0x00,0x00,0x00,0x00,0x00,0x00,
  0x00,0x00,0x83,0x08,0x83,0x08,0xa4,0x08,0x83,0x08,0x83,0x08,0xa3,0x10,0xa3,0x08,
  0x05,0x19,0xfc,0xde,0xff,0xff,0xdf,0xff,0xff,0xff,0xdf,0xff,0xdf,0xff,0xdf,0xff,
  0xdf,0xf7,0x46,0x21,0x00,0x00,0x21,0x00,0x01,0x00,0x01,0x00,0x01,0x00,0x01,0x00,
  0x01,0x00,0x01,0x00,0x22,0x00,0x00,0x00,0xc4,0x10,0x7e,0xef,0xff,0xff,0xdf,0xff,
  0xff,0xff,0xdf,0xff,0xdf,0xff,0xff,0xff,0xff,0xff,0xff,0xff,0xff,0xff,0xff,0xff,
  0xff,0xff,0xdf,0xff,0xdf,0xff,0xff,0xff,0xff,0xff,0xdf,0xff,0xdf,0xff,0xff,0xff,
  0xdf,0xff,0xff,0xff,0x1c,0xe7,0x83,0x08,0x00,0x00,0x01,0x00,0x01,0x00,0x01,0x00,
  0x01,0x00,0x01,0x00,0x01,0x00,0x01,0x00,0x21,0x00,0x00,0x00,0xe8,0x39,0xff,0xff,
  0xbf,0xff,0xdf,0xff,0xdf,0xff,0xdf,0xff,0xdf,0xff,0xff,0xff,0x1c,0xe7,0x05,0x19,
  0xa3,0x08,0xa3,0x10,0xa3,0x08,0xa4,0x08,0x83,0x08,0x83,0x08,0x63,0x08,0x00,0x00,
  0x00,0x00,0x00,0x00,0x00,0x00,0x00,0x00,0x00,0x00,0x00,0x00,0x00,0x00,0x00,0x00,
  0x00,0x00,0x00,0x00,0x00,0x00,0x00,0x00,0x00,0x00,0x00,0x00,0x00,0x00,0x00,0x00,
  0x00,0x00,0x83,0x08,0x83,0x08,0x83,0x08,0x83,0x08,0x63,0x00,0x01,0x00,0x01,0x00,
  0x83,0x08,0x1c,0xe7,0xff,0xff,0xdf,0xff,0xff,0xff,0xff,0xff,0xff,0xff,0xff,0xff,
  0xff,0xff,0xc8,0x31,0x42,0x00,0xc4,0x10,0xa4,0x10,0xa3,0x10,0xa3,0x10,0xa3,0x10,
  0xa3,0x10,0xa4,0x10,0xa3,0x10,0x63,0x08,0x67,0x29,0x9e,0xf7,0xff,0xff,0xff,0xff,
  0xff,0xff,0xdf,0xff,0xff,0xff,0xff,0xff,0xdf,0xff,0xff,0xff,0xff,0xff,0xff,0xff,
  0xff,0xff,0xdf,0xff,0xdf,0xff,0xff,0xff,0xff,0xff,0xdf,0xff,0xdf,0xff,0xff,0xff,
  0xff,0xff,0xff,0xff,0x1c,0xe7,0xe4,0x18,0x83,0x08,0xa4,0x10,0xa4,0x10,0xa3,0x10,
  0xa3,0x10,0xa3,0x10,0xa3,0x10,0xa3,0x10,0xc4,0x10,0x42,0x00,0x6a,0x4a,0xff,0xff,
  0xdf,0xff,0xff,0xff,0xff,0xff,0xff,0xff,0xdf,0xff,0xff,0xff,0x1c,0xe7,0x83,0x08,
  0x01,0x00,0x22,0x00,0x62,0x08,0xa3,0x08,0x83,0x08,0x83,0x08,0x83,0x08,0x00,0x00,
  0x00,0x00,0x00,0x00,0x00,0x00,0x00,0x00,0x00,0x00,0x00,0x00,0x00,0x00,0x00,0x00,
  0x00,0x00,0x00,0x00,0x00,0x00,0x00,0x00,0x00,0x00,0x00,0x00,0x00,0x00,0x00,0x00,
  0x00,0x00,0x63,0x08,0x83,0x08,0x83,0x08,0x21,0x00,0x4a,0x42,0x35,0xa5,0xd3,0x9c,
  0x35,0xa5,0xbe,0xf7,0xff,0xff,0xdf,0xff,0xdf,0xff,0xff,0xff,0x51,0x8c,0xe8,0x39,
  0x4a,0x42,0xc4,0x10,0x62,0x08,0x83,0x08,0x83,0x08,0x83,0x08,0x83,0x08,0x83,0x08,
  0x83,0x08,0x83,0x08,0x83,0x08,0x83,0x08,0xc4,0x10,0xe8,0x39,0x49,0x42,0x09,0x3a,
  0x96,0xad,0xff,0xff,0xdf,0xff,0xdf,0xff,0xff,0xff,0xff,0xff,0xff,0xff,0xff,0xff,
  0xff,0xff,0xff,0xff,0xff,0xff,0xff,0xff,0xdf,0xff,0xdf,0xff,0xff,0xff,0x14,0x9d,
  0xe8,0x39,0x4a,0x42,0xc8,0x31,0x83,0x08,0x83,0x08,0x83,0x08,0x83,0x08,0x83,0x08,
  0x83,0x08,0x83,0x08,0x83,0x08,0x83,0x08,0x83,0x08,0x63,0x08,0xe4,0x18,0x6a,0x42,
  0xe8,0x39,0xf4,0x9c,0xff,0xff,0xbf,0xff,0xdf,0xff,0xff,0xff,0x9e,0xf7,0x35,0xa5,
  0xf4,0x9c,0x55,0xa5,0x29,0x42,0x22,0x00,0x83,0x08,0x83,0x08,0x63,0x08,0x00,0x00,
  0x00,0x00,0x00,0x00,0x00,0x00,0x00,0x00,0x00,0x00,0x00,0x00,0x00,0x00,0x00,0x00,
  0x00,0x00,0x00,0x00,0x00,0x00,0x00,0x00,0x00,0x00,0x00,0x00,0x83,0x08,0xa3,0x08,
  0xa3,0x08,0x83,0x08,0x83,0x08,0xa3,0x08,0x00,0x00,0x8e,0x73,0xff,0xff,0xff,0xff,
  0xff,0xff,0xff,0xff,0xdf,0xff,0xff,0xff,0xff,0xff,0xff,0xff,0x0d,0x63,0x00,0x00,
  0x42,0x00,0x83,0x08,0x83,0x08,0x83,0x08,0x83,0x08,0x83,0x08,0x83,0x08,0x83,0x08,
  0x83,0x08,0x83,0x08,0x83,0x08,0x83,0x08,0x83,0x08,0x22,0x00,0x42,0x00,0x00,0x00,
  0xf4,0x9c,0xff,0xff,0xff,0xff,0xdf,0xff,0xdf,0xff,0xff,0xff,0xff,0xff,0xdf,0xff,
  0xdf,0xff,0xff,0xff,0xff,0xff,0xdf,0xff,0xff,0xff,0xff,0xff,0xff,0xff,0x31,0x84,
  0x00,0x00,0x62,0x00,0x42,0x00,0x83,0x08,0x83,0x08,0x83,0x08,0x83,0x08,0x83,0x08,
  0x83,0x08,0x83,0x08,0x83,0x08,0x83,0x08,0x83,0x08,0x83,0x08,0x83,0x08,0x63,0x08,
  0x00,0x00,0x10,0x7c,0xff,0xff,0xff,0xff,0xff,0xff,0xdf,0xff,0xff,0xff,0xff,0xff,
  0xff,0xff,0xff,0xff,0x4e,0x6b,0x01,0x00,0xa3,0x08,0x83,0x08,0xa4,0x10,0xa4,0x08,
  0x63,0x08,0x62,0x00,0x00,0x00,0x00,0x00,0x00,0x00,0x00,0x00,0x00,0x00,0x00,0x00,
  0x00,0x00,0x00,0x00,0x00,0x00,0x00,0x00,0x00,0x00,0x00,0x00,0x83,0x08,0x83,0x08,
  0x83,0x08,0x83,0x08,0x83,0x08,0xa3,0x10,0x01,0x00,0x6e,0x6b,0xff,0xff,0xbe,0xf7,
  0xdf,0xff,0xdf,0xff,0xff,0xff,0x9e,0xf7,0x9a,0xd6,0xdb,0xde,0xcb,0x52,0x22,0x00,
  0xa4,0x10,0x83,0x08,0x83,0x08,0x83,0x08,0x83,0x08,0x83,0x08,0x83,0x08,0x83,0x08,
  0x83,0x08,0x83,0x08,0x83,0x08,0x83,0x08,0x83,0x08,0xa3,0x08,0xa4,0x10,0x22,0x00,
  0x31,0x84,0xdb,0xde,0x9a,0xd6,0xbe,0xf7,0xff,0xff,0xff,0xff,0xff,0xff,0xdf,0xff,
  0xdf,0xff,0xff,0xff,0xff,0xff,0xff,0xff,0x9e,0xf7,0xbb,0xd6,0xdb,0xde,0xaf,0x73,
  0x21,0x00,0xa3,0x10,0xa3,0x08,0x83,0x08,0x83,0x08,0x83,0x08,0x83,0x08,0x83,0x08,
  0x83,0x08,0x83,0x08,0x83,0x08,0x83,0x08,0x83,0x08,0x83,0x08,0x83,0x08,0xc4,0x10,
  0x21,0x00,0x6e,0x6b,0xdb,0xde,0x9a,0xd6,0xbe,0xf7,0xff,0xff,0xdf,0xff,0xdf,0xff,
  0xbe,0xf7,0xff,0xff,0x2d,0x63,0x21,0x00,0xa4,0x10,0x83,0x08,0xa3,0x08,0x83,0x08,
  0x83,0x08,0x83,0x08,0x00,0x00,0x00,0x00,0x00,0x00,0x00,0x00,0x00,0x00,0x00,0x00,
  0x00,0x00,0x00,0x00,0x00,0x00,0x00,0x00,0x00,0x00,0x00,0x00,0x83,0x08,0x83,0x08,
  0x83,0x08,0x83,0x08,0x83,0x08,0xa3,0x10,0x22,0x00,0x8f,0x6b,0xff,0xff,0xdf,0xff,
  0xdf,0xff,0xbe,0xf7,0xdf,0xff,0xf8,0xbd,0x62,0x08,0xa3,0x10,0x83,0x08,0x83,0x08,
  0x83,0x08,0x83,0x08,0x83,0x08,0x83,0x08,0x83,0x08,0x83,0x08,0x83,0x08,0x83,0x08,
  0x83,0x08,0x83,0x08,0x83,0x08,0x83,0x08,0x83,0x08,0x83,0x08,0x83,0x08,0x83,0x08,
  0x83,0x08,0x83,0x08,0xc4,0x10,0xba,0xd6,0xdf,0xff,0xdf,0xff,0xdf,0xff,0xdf,0xff,
  0xdf,0xff,0xdf,0xff,0xdf,0xff,0xdf,0xff,0x38,0xc6,0x83,0x08,0xa3,0x08,0x83,0x08,
  0x83,0x08,0x83,0x08,0x83,0x08,0x83,0x08,0x83,0x08,0x83,0x08,0x83,0x08,0x83,0x08,
  0x83,0x08,0x83,0x08,0x83,0x08,0x83,0x08,0x83,0x08,0x83,0x08,0x83,0x08,0x83,0x08,
  0x83,0x08,0x83,0x08,0xa3,0x10,0x83,0x08,0x59,0xce,0xdf,0xff,0xbe,0xf7,0xdf,0xff,
  0xdf,0xff,0xff,0xff,0x4e,0x63,0x22,0x00,0xa4,0x10,0x83,0x08,0x83,0x08,0x83,0x08,
  0x83,0x08,0x83,0x08,0x00,0x00,0x00,0x00,0x00,0x00,0x00,0x00,0x00,0x00,0x00,0x00,
  0x00,0x00,0x00,0x00,0x00,0x00,0x00,0x00,0x00,0x00,0x00,0x00,0x83,0x08,0x83,0x08,
  0x83,0x08,0x83,0x08,0x83,0x08,0xa3,0x10,0x22,0x00,0x8f,0x6b,0xff,0xff,0xbf,0xf7,
  0xdf,0xff,0xff,0xff,0xff,0xff,0x79,0xce,0x62,0x00,0xa3,0x08,0x83,0x08,0x83,0x08,
  0x83,0x08,0x83,0x08,0x83,0x08,0x83,0x08,0x83,0x08,0x83,0x08,0x83,0x08,0x83,0x08,
  0x83,0x08,0x83,0x08,0x83,0x08,0x83,0x08,0x83,0x08,0x83,0x08,0x83,0x08,0x83,0x08,
  0x83,0x08,0x83,0x08,0xa4,0x08,0x1c,0xe7,0xff,0xff,0xff,0xff,0xdf,0xff,0xff,0xff,
  0xff,0xff,0xdf,0xff,0xff,0xff,0xff,0xff,0x7a,0xce,0x62,0x00,0x83,0x08,0x83,0x08,
  0x83,0x08,0x83,0x08,0x83,0x08,0x83,0x08,0x83,0x08,0x83,0x08,0x83,0x08,0x83,0x08,
  0x83,0x08,0x83,0x08,0x83,0x08,0x83,0x08,0x83,0x08,0x83,0x08,0x83,0x08,0x83,0x08,
  0x83,0x08,0x83,0x08,0x83,0x08,0x63,0x08,0xbb,0xd6,0xff,0xff,0xff,0xff,0xdf,0xff,
  0xbf,0xff,0xff,0xff,0x6e,0x6b,0x22,0x00,0xa4,0x10,0x83,0x08,0x83,0x08,0x83,0x08,
  0x83,0x08,0x84,0x08,0x00,0x00,0x00,0x00,0x00,0x00,0x00,0x00,0x00,0x00,0x00,0x00,
  0x00,0x00,0x00,0x00,0x83,0x08,0x83,0x08,0x83,0x08,0x83,0x08,0x63,0x08,0x62,0x08,
  0x83,0x08,0x83,0x08,0x83,0x08,0xa4,0x10,0x21,0x00,0x6e,0x6b,0xff,0xff,0xdf,0xff,
  0x9e,0xf7,0xd3,0x94,0xb3,0x94,0xaf,0x73,0x63,0x08,0x83,0x08,0x83,0x08,0x83,0x08,
  0x83,0x08,0x83,0x08,0x83,0x08,0x83,0x08,0x83,0x08,0x83,0x08,0x83,0x08,0x83,0x08,
  0x83,0x08,0x83,0x08,0x83,0x08,0x83,0x08,0x83,0x08,0x83,0x08,0x83,0x08,0x83,0x08,
  0x83,0x08,0x83,0x08,0x83,0x08,0x10,0x7c,0x92,0x94,0x39,0xc6,0xff,0xff,0xdf,0xff,
  0xdf,0xff,0xff,0xff,0x39,0xc6,0x92,0x94,0x8f,0x73,0x62,0x08,0x83,0x08,0x83,0x08,
  0x83,0x08,0x83,0x08,0x83,0x08,0x83,0x08,0x83,0x08,0x83,0x08,0x83,0x08,0x83,0x08,
  0x83,0x08,0x83,0x08,0x83,0x08,0x83,0x08,0x83,0x08,0x83,0x08,0x83,0x08,0x83,0x08,
  0x83,0x08,0x83,0x08,0x83,0x08,0x83,0x08,0xd0,0x73,0x92,0x94,0xb3,0x94,0x9e,0xf7,
  0xdf,0xff,0xff,0xff,0x6e,0x6b,0x22,0x00,0xa4,0x10,0x83,0x08,0x83,0x08,0x83,0x08,
  0x83,0x08,0x83,0x08,0x83,0x08,0x83,0x08,0x83,0x08,0x83,0x08,0x00,0x00,0x00,0x00,
  0x00,0x00,0x00,0x00,0x83,0x08,0xa4,0x08,0x83,0x08,0xa3,0x08,0xa4,0x08,0xa4,0x08,
  0xc5,0x08,0xc5,0x08,0x83,0x08,0xa3,0x10,0x01,0x00,0x4e,0x6b,0xff,0xff,0xff,0xff,
  0x3c,0xe7,0xa4,0x08,0x01,0x00,0x42,0x00,0x83,0x08,0x83,0x08,0x83,0x08,0x83,0x08,
  0x83,0x08,0x83,0x08,0x63,0x08,0x83,0x08,0x83,0x08,0x83,0x08,0x83,0x08,0x63,0x08,
  0x63,0x08,0x63,0x08,0x63,0x08,0x83,0x08,0x83,0x08,0x83,0x08,0x83,0x08,0x83,0x08,
  0x83,0x08,0x83,0x08,0x83,0x08,0x22,0x00,0x00,0x00,0xd0,0x73,0xff,0xff,0xbe,0xf7,
  0xbe,0xf7,0xff,0xff,0xcf,0x73,0x00,0x00,0x42,0x00,0x83,0x08,0x83,0x08,0x83,0x08,
  0x83,0x08,0x83,0x08,0x83,0x08,0x83,0x08,0x83,0x08,0x63,0x08,0x63,0x08,0x83,0x08,
  0x63,0x08,0x63,0x08,0x63,0x08,0x63,0x08,0x63,0x08,0x63,0x08,0x83,0x08,0x83,0x08,
  0x83,0x08,0x83,0x08,0x83,0x08,0x83,0x08,0x42,0x00,0x00,0x00,0xa3,0x10,0x5d,0xef,
  0xff,0xff,0xff,0xff,0x4e,0x63,0x22,0x00,0xa3,0x10,0x83,0x08,0xa4,0x08,0xc5,0x08,
  0xc5,0x08,0xa4,0x08,0x83,0x08,0x83,0x08,0xa4,0x08,0x83,0x08,0x00,0x00,0x00,0x00,
  0x00,0x00,0x00,0x00,0x83,0x08,0x83,0x08,0x83,0x08,0x62,0x08,0xf6,0x02,0xdc,0x03,
  0xbd,0x03,0xd7,0x02,0x42,0x08,0xa3,0x08,0x01,0x00,0x6e,0x6b,0xff,0xff,0xdf,0xff,
  0x3d,0xe7,0x46,0x21,0x83,0x08,0xa3,0x08,0x83,0x08,0x83,0x08,0x83,0x08,0x83,0x08,
  0x83,0x08,0x83,0x08,0xc5,0x08,0xe6,0x08,0xe5,0x08,0xc5,0x08,0xc5,0x08,0xe5,0x08,
  0xc5,0x08,0xa4,0x08,0xc4,0x08,0x83,0x08,0x83,0x08,0x83,0x08,0x83,0x08,0x83,0x08,
  0x83,0x08,0x83,0x08,0x83,0x08,0xc4,0x10,0x21,0x00,0x31,0x84,0xff,0xff,0xff,0xff,
  0xff,0xff,0xff,0xff,0x11,0x84,0x01,0x00,0xa4,0x10,0x83,0x08,0x83,0x08,0x83,0x08,
  0x83,0x08,0x83,0x08,0x83,0x08,0x83,0x08,0x83,0x08,0xa4,0x08,0xe5,0x08,0xe6,0x08,
  0xc5,0x08,0xa4,0x08,0xc5,0x08,0xc4,0x08,0xc5,0x08,0xc5,0x08,0x83,0x08,0x83,0x08,
  0x83,0x08,0x83,0x08,0x83,0x08,0x83,0x08,0xa3,0x10,0x83,0x08,0x46,0x21,0x5d,0xef,
  0xdf,0xff,0xff,0xff,0x4e,0x63,0x01,0x00,0xa3,0x08,0x62,0x08,0x37,0x03,0xfd,0x03,
  0xdd,0x03,0xd6,0x02,0x42,0x08,0x83,0x08,0x83,0x08,0x84,0x08,0x00,0x00,0x00,0x00,
  0x00,0x00,0x00,0x00,0x83,0x08,0x83,0x08,0x83,0x08,0x62,0x08,0x59,0x03,0x5f,0x04,
  0x1f,0x04,0x19,0x03,0x41,0x08,0x83,0x08,0x00,0x00,0x6e,0x6b,0xff,0xff,0xff,0xff,
  0x3d,0xe7,0x25,0x19,0x62,0x08,0x83,0x08,0x83,0x08,0x83,0x08,0x83,0x08,0x83,0x08,
  0x63,0x08,0x07,0x09,0xbc,0x03,0xdd,0x03,0xdd,0x03,0xdc,0x03,0xdd,0x03,0xfd,0x03,
  0xdc,0x03,0x1d,0x04,0x16,0x03,0x62,0x08,0x83,0x08,0x83,0x08,0x83,0x08,0x83,0x08,
  0x83,0x08,0x83,0x08,0x83,0x08,0xa3,0x08,0x21,0x00,0xec,0x5a,0xf8,0xbd,0xb7,0xb5,
  0xb7,0xb5,0xd7,0xbd,0xcc,0x5a,0x21,0x00,0x83,0x08,0x83,0x08,0x83,0x08,0x83,0x08,
  0x83,0x08,0x83,0x08,0x83,0x08,0x83,0x08,0x62,0x08,0x36,0x03,0x1d,0x04,0xdd,0x03,
  0xdc,0x03,0xdc,0x03,0xdc,0x03,0xbc,0x03,0xdd,0x03,0xbb,0x03,0xe6,0x08,0x83,0x08,
  0x84,0x08,0x83,0x08,0x83,0x08,0x83,0x08,0x83,0x08,0x63,0x08,0x26,0x21,0x5d,0xef,
  0xff,0xff,0xff,0xff,0x4d,0x63,0x01,0x00,0xa3,0x08,0x62,0x08,0x7a,0x03,0x3f,0x04,
  0x3f,0x04,0x59,0x03,0x63,0x08,0x83,0x08,0x83,0x08,0x84,0x08,0x00,0x00,0x00,0x00,
  0x00,0x00,0x00,0x00,0x83,0x08,0x83,0x08,0x83,0x08,0x83,0x08,0x79,0x03,0x3f,0x04,
  0x1f,0x04,0xf8,0x02,0x42,0x08,0xa3,0x08,0x01,0x00,0x4e,0x6b,0xff,0xff,0xff,0xff,
  0x3d,0xe7,0x05,0x19,0x62,0x00,0x83,0x08,0x83,0x08,0x83,0x08,0x83,0x08,0x62,0x08,
  0x21,0x08,0xe6,0x08,0xff,0x03,0x1f,0x04,0x1f,0x04,0x1f,0x04,0x1f,0x04,0x3f,0x04,
  0x3f,0x04,0x5f,0x04,0x18,0x03,0x20,0x08,0x62,0x08,0x83,0x08,0x83,0x08,0x83,0x08,
  0x83,0x08,0x83,0x08,0x83,0x08,0x83,0x08,0x83,0x08,0x62,0x08,0x21,0x00,0x42,0x00,
  0x42,0x00,0x21,0x00,0x62,0x00,0x83,0x08,0x83,0x08,0x83,0x08,0x83,0x08,0x83,0x08,
  0x83,0x08,0x83,0x08,0x62,0x08,0x41,0x08,0x41,0x08,0x79,0x03,0x3f,0x04,0x1f,0x04,
  0x1f,0x04,0x1f,0x04,0x1f,0x04,0x1f,0x04,0x1f,0x04,0xde,0x03,0xa5,0x08,0x41,0x08,
  0x62,0x08,0x83,0x08,0x83,0x08,0x83,0x08,0xa3,0x08,0x63,0x08,0x05,0x19,0x5d,0xef,
  0xff,0xff,0xff,0xff,0x2d,0x63,0x01,0x00,0xa3,0x10,0x83,0x08,0x9a,0x0b,0x3f,0x04,
  0x3f,0x04,0x39,0x03,0x83,0x08,0x83,0x08,0x83,0x08,0xa3,0x08,0x00,0x00,0x00,0x00,
  0x00,0x00,0x00,0x00,0x83,0x08,0x83,0x08,0x83,0x08,0x83,0x08,0x59,0x03,0x3f,0x04,
  0x1f,0x04,0x39,0x03,0x42,0x08,0xa3,0x08,0x01,0x00,0x6e,0x6b,0xff,0xff,0xff,0xff,
  0x3d,0xe7,0x05,0x19,0x62,0x00,0x83,0x08,0x83,0x08,0x83,0x08,0x83,0x08,0x69,0x09,
  0x6a,0x09,0xcd,0x09,0xfe,0x03,0xff,0x03,0xfe,0x03,0xfe,0x03,0xff,0x03,0x1f,0x04,
  0x1f,0x04,0x3f,0x04,0x7a,0x03,0x8b,0x09,0x8b,0x09,0xc5,0x08,0x83,0x08,0x83,0x08,
  0x83,0x08,0x83,0x08,0x83,0x08,0x83,0x08,0x83,0x08,0x83,0x08,0x83,0x08,0x83,0x08,
  0x83,0x08,0x83,0x08,0x83,0x08,0x83,0x08,0x83,0x08,0x83,0x08,0x83,0x08,0x83,0x08,
  0x83,0x08,0x63,0x08,0xe6,0x08,0x8a,0x09,0x8b,0x09,0x9b,0x03,0x3f,0x04,0x1f,0x04,
  0x1f,0x04,0xfe,0x03,0x1f,0x04,0xff,0x03,0xff,0x03,0xfe,0x03,0xcd,0x09,0x8b,0x09,
  0x07,0x09,0x62,0x08,0x83,0x08,0x83,0x08,0xa3,0x08,0x62,0x08,0x05,0x19,0x5d,0xef,
  0xff,0xff,0xff,0xff,0x2d,0x63,0x01,0x00,0xa4,0x10,0xa4,0x08,0x9a,0x0b,0x3f,0x04,
  0x3f,0x04,0x18,0x03,0x63,0x08,0x83,0x08,0x83,0x08,0xa4,0x08,0x00,0x00,0x00,0x00,
  0x00,0x00,0x00,0x00,0xa4,0x08,0xa3,0x08,0xa3,0x08,0x83,0x08,0x58,0x03,0x3f,0x04,
  0x3f,0x04,0x5a,0x0b,0x63,0x08,0x83,0x08,0x01,0x00,0x8f,0x6b,0xff,0xff,0xff,0xff,
  0x3c,0xe7,0xe5,0x18,0x62,0x00,0x83,0x08,0x83,0x08,0x83,0x08,0x63,0x08,0x78,0x0b,
  0x9f,0x04,0x3f,0x04,0x1f,0x04,0x1f,0x04,0x1f,0x04,0x1f,0x04,0x1f,0x04,0x1f,0x04,
  0x1f,0x04,0x1f,0x04,0x3f,0x04,0x5f,0x04,0x9f,0x04,0xcc,0x01,0x62,0x08,0xa4,0x08,
  0x83,0x08,0x83,0x08,0x83,0x08,0x83,0x08,0x83,0x08,0x83,0x08,0x83,0x08,0x83,0x08,
  0x83,0x08,0x83,0x08,0x83,0x08,0x83,0x08,0x83,0x08,0x83,0x08,0x83,0x08,0x83,0x08,
  0xa4,0x08,0x42,0x08,0x51,0x02,0x9f,0x04,0x3f,0x04,0x1f,0x04,0x1f,0x04,0x3f,0x04,
  0x1f,0x04,0x1f,0x04,0x1f,0x04,0x1f,0x04,0x1f,0x04,0x1f,0x04,0x3f,0x04,0x7f,0x04,
  0xf6,0x02,0x62,0x08,0xa4,0x08,0x83,0x08,0xa3,0x08,0x63,0x08,0x05,0x19,0x5d,0xef,
  0xdf,0xff,0xff,0xff,0x4e,0x63,0x21,0x00,0xa3,0x10,0x84,0x08,0x7a,0x03,0x1f,0x04,
  0x3f,0x04,0x38,0x03,0x63,0x08,0x83,0x08,0xa3,0x08,0xa4,0x08,0x00,0x00,0x00,0x00,
  0x00,0x00,0x00,0x00,0xa3,0x08,0xa3,0x08,0x83,0x08,0x62,0x08,0x79,0x03,0x5f,0x04,
  0x3f,0x04,0x59,0x03,0x83,0x08,0xa3,0x10,0x21,0x00,0x8f,0x6b,0xff,0xff,0xff,0xff,
  0x3c,0xe7,0xe4,0x18,0x63,0x08,0x83,0x08,0x63,0x08,0x42,0x08,0x20,0x08,0x16,0x03,
  0x3f,0x04,0x1e,0x04,0xdd,0x03,0xfd,0x03,0xfd,0x03,0xdd,0x03,0xdd,0x03,0xdd,0x03,
  0xdd,0x03,0xfd,0x03,0x3e,0x04,0x3f,0x04,0x5f,0x04,0xcc,0x09,0x20,0x08,0x42,0x08,
  0x83,0x08,0x83,0x08,0x83,0x08,0x83,0x08,0x83,0x08,0x83,0x08,0x83,0x08,0x83,0x08,
  0x83,0x08,0x83,0x08,0x83,0x08,0x83,0x08,0x83,0x08,0x83,0x08,0x83,0x08,0x63,0x08,
  0x42,0x08,0x00,0x08,0x30,0x0a,0x5f,0x04,0xff,0x03,0x1e,0x04,0xdd,0x03,0xdd,0x03,
  0xfd,0x03,0xfe,0x03,0xfe,0x03,0xdd,0x03,0xdd,0x03,0xfd,0x03,0x1e,0x04,0x3f,0x04,
  0xd5,0x02,0x20,0x08,0x62,0x08,0x83,0x08,0x83,0x08,0x63,0x08,0x05,0x19,0x5d,0xef,
  0xff,0xff,0xff,0xff,0x6e,0x6b,0x22,0x00,0xa3,0x10,0x83,0x08,0x59,0x03,0x1f,0x04,
  0x3f,0x04,0x39,0x03,0x83,0x08,0x83,0x08,0x83,0x08,0xa4,0x08,0x00,0x00,0x00,0x00,
  0x00,0x00,0x00,0x00,0xa3,0x08,0x83,0x08,0x83,0x08,0x62,0x08,0x79,0x03,0x5f,0x04,
  0x3f,0x04,0x38,0x03,0x62,0x08,0xa4,0x10,0x22,0x00,0x8f,0x6b,0xff,0xff,0xdf,0xff,
  0x1c,0xe7,0x05,0x19,0x63,0x08,0x83,0x08,0x06,0x09,0xcc,0x09,0x6a,0x09,0x79,0x03,
  0x1f,0x04,0xfe,0x03,0x49,0x09,0xc5,0x08,0x06,0x09,0xe6,0x08,0xe6,0x08,0xc5,0x08,
  0xc5,0x08,0xc5,0x08,0x93,0x0a,0x5f,0x04,0x3f,0x04,0x72,0x0a,0x49,0x09,0x49,0x09,
  0x83,0x08,0x83,0x08,0x83,0x08,0x83,0x08,0x83,0x08,0x83,0x08,0x83,0x08,0x83,0x08,
  0x83,0x08,0x83,0x08,0x83,0x08,0x83,0x08,0x83,0x08,0x83,0x08,0x83,0x08,0x83,0x08,
  0x69,0x09,0x69,0x09,0xd4,0x0a,0x3f,0x04,0x3f,0x04,0x30,0x0a,0xa5,0x08,0xe5,0x08,
  0xe5,0x08,0x06,0x09,0xe6,0x08,0xc5,0x08,0xa4,0x08,0x8b,0x09,0x1e,0x04,0x1f,0x04,
  0x39,0x03,0x6a,0x09,0x8b,0x09,0xe6,0x08,0x83,0x08,0x62,0x00,0x05,0x19,0x5d,0xef,
  0xff,0xff,0xff,0xff,0x6e,0x6b,0x22,0x00,0xa3,0x10,0x62,0x08,0x59,0x03,0x3f,0x04,
  0x3f,0x04,0x39,0x0b,0x83,0x08,0x83,0x08,0x83,0x08,0xa3,0x08,0x00,0x00,0x00,0x00,
  0x00,0x00,0x00,0x00,0x84,0x08,0x83,0x08,0x83,0x08,0x63,0x08,0x59,0x03,0x5f,0x04,
  0x3f,0x04,0x59,0x03,0x62,0x08,0xa4,0x10,0x22,0x00,0x8e,0x6b,0xff,0xff,0xdf,0xff,
  0x3c,0xe7,0x05,0x19,0x63,0x08,0x42,0x08,0x0e,0x0a,0xbf,0x04,0x5f,0x04,0x3f,0x04,
  0x3f,0x04,0x3f,0x04,0x07,0x09,0x41,0x08,0x83,0x08,0x62,0x08,0x62,0x08,0x62,0x08,
  0x83,0x08,0x41,0x08,0x72,0x0a,0x9f,0x04,0x3f,0x04,0x1f,0x04,0x3f,0x04,0xdd,0x03,
  0xa4,0x08,0x83,0x08,0x83,0x08,0x83,0x08,0x83,0x08,0x83,0x08,0x83,0x08,0x83,0x08,
  0x83,0x08,0x83,0x08,0x83,0x08,0x83,0x08,0x83,0x08,0x83,0x08,0x62,0x08,0xe6,0x08,
  0x1e,0x04,0x3f,0x04,0x3f,0x04,0x3f,0x04,0xbf,0x04,0x0f,0x0a,0x21,0x08,0x83,0x08,
  0x62,0x08,0x62,0x08,0x62,0x08,0x83,0x08,0x41,0x08,0x49,0x09,0x5f,0x04,0x3f,0x04,
  0x3f,0x04,0x3f,0x04,0x5f,0x04,0xac,0x09,0x62,0x08,0x63,0x00,0x05,0x19,0x5d,0xef,
  0xff,0xff,0xff,0xff,0x4e,0x63,0x22,0x00,0xa3,0x10,0x62,0x08,0x7a,0x03,0x3f,0x04,
  0x3f,0x04,0x39,0x03,0x63,0x08,0x83,0x08,0x83,0x08,0xa3,0x08,0x00,0x00,0x00,0x00,
  0x00,0x00,0x00,0x00,0x83,0x08,0x83,0x08,0x83,0x08,0x83,0x08,0x58,0x03,0x3f,0x04,
  0x1f,0x04,0x59,0x0b,0x83,0x08,0xa3,0x10,0x01,0x00,0x6e,0x6b,0xff,0xff,0xff,0xff,
  0x3c,0xe7,0x05,0x19,0x83,0x08,0x42,0x08,0xcd,0x01,0x5f,0x04,0x1f,0x04,0x5a,0x03,
  0xb5,0x02,0x16,0x0b,0x06,0x09,0x62,0x08,0x83,0x08,0x83,0x08,0x83,0x08,0x83,0x08,
  0xa4,0x08,0x62,0x08,0x8b,0x01,0xf5,0x02,0xf5,0x02,0xfd,0x03,0x1f,0x04,0xbc,0x03,
  0xc5,0x08,0x83,0x08,0x83,0x08,0x83,0x08,0x83,0x08,0x83,0x08,0x83,0x08,0x83,0x08,
  0x83,0x08,0x83,0x08,0x83,0x08,0x83,0x08,0x83,0x08,0x83,0x08,0x62,0x08,0x07,0x09,
  0xde,0x03,0x1f,0x04,0xdc,0x03,0xb4,0x02,0x15,0x03,0x8b,0x09,0x62,0x08,0x83,0x08,
  0x83,0x08,0x83,0x08,0x83,0x08,0x83,0x08,0x62,0x08,0xe6,0x08,0xd6,0x02,0xd5,0x02,
  0x9b,0x03,0x1f,0x04,0x3f,0x04,0x8b,0x09,0x62,0x08,0x63,0x08,0x05,0x19,0x5d,0xef,
  0xff,0xff,0xff,0xff,0x4e,0x63,0x01,0x00,0xa3,0x08,0x83,0x08,0x9a,0x0b,0x3f,0x04,
  0x1f,0x04,0x18,0x03,0x62,0x08,0x83,0x08,0x83,0x08,0x84,0x08,0x00,0x00,0x00,0x00,
  0x00,0x00,0x00,0x00,0x83,0x08,0x83,0x08,0x83,0x08,0x83,0x08,0x38,0x03,0x3f,0x04,
  0x3f,0x04,0x5a,0x0b,0x83,0x08,0xa3,0x10,0x00,0x00,0x6e,0x6b,0xff,0xff,0xff,0xff,
  0x3c,0xe7,0x05,0x19,0x83,0x08,0x41,0x08,0xac,0x01,0x3f,0x04,0x3f,0x04,0x30,0x02,
  0x00,0x08,0x83,0x08,0x83,0x08,0x83,0x08,0x83,0x08,0x83,0x08,0x83,0x08,0x83,0x08,
  0x83,0x08,0x83,0x08,0x62,0x08,0x41,0x08,0x63,0x08,0x7a,0x03,0x3f,0x04,0xbc,0x03,
  0xc5,0x08,0x82,0x08,0x83,0x08,0x83,0x08,0x83,0x08,0x83,0x08,0x83,0x08,0x83,0x08,
  0x83,0x08,0x83,0x08,0x83,0x08,0x83,0x08,0x83,0x08,0x83,0x08,0x62,0x08,0x07,0x09,
  0xde,0x03,0x1f,0x04,0x18,0x03,0x21,0x08,0x21,0x08,0x62,0x08,0x83,0x08,0x83,0x08,
  0x83,0x08,0x83,0x08,0x83,0x08,0x83,0x08,0x83,0x08,0x63,0x08,0x63,0x08,0x00,0x08,
  0x30,0x02,0x3f,0x04,0x1f,0x04,0x6a,0x01,0x62,0x08,0x83,0x08,0x05,0x19,0x5d,0xef,
  0xff,0xff,0xff,0xff,0x4e,0x6b,0x01,0x00,0xa3,0x10,0x83,0x08,0x9a,0x0b,0x1f,0x04,
  0x1f,0x04,0x18,0x03,0x63,0x08,0x83,0x08,0x83,0x08,0x84,0x08,0x00,0x00,0x00,0x00,
  0x00,0x00,0x00,0x00,0x84,0x08,0x83,0x08,0x83,0x08,0x62,0x08,0x38,0x03,0x5f,0x04,
  0x3f,0x04,0x59,0x0b,0x83,0x08,0xa3,0x08,0x01,0x00,0x8e,0x6b,0xff,0xff,0xff,0xff,
  0x3d,0xe7,0x26,0x19,0x83,0x08,0x62,0x08,0xed,0x09,0x7f,0x04,0x7f,0x04,0x73,0x02,
  0x62,0x08,0xa4,0x08,0x83,0x08,0x83,0x08,0x83,0x08,0x83,0x08,0x83,0x08,0x83,0x08,
  0x83,0x08,0x83,0x08,0x83,0x08,0x83,0x08,0x83,0x08,0x9b,0x03,0x7f,0x04,0xdd,0x03,
  0x84,0x08,0x62,0x08,0x83,0x08,0x62,0x08,0x62,0x08,0x83,0x08,0x62,0x08,0x62,0x08,
  0x41,0x08,0x41,0x08,0x62,0x08,0x63,0x08,0x62,0x08,0x83,0x08,0x62,0x08,0xe6,0x08,
  0x1f,0x04,0x5f,0x04,0x39,0x03,0x62,0x08,0x84,0x08,0x83,0x08,0x83,0x08,0x83,0x08,
  0x83,0x08,0x83,0x08,0x83,0x08,0x83,0x08,0x83,0x08,0x83,0x08,0xa4,0x08,0x41,0x08,
  0x72,0x02,0x7f,0x04,0x5f,0x04,0x8b,0x09,0x42,0x08,0x63,0x08,0x26,0x21,0x5d,0xef,
  0xdf,0xff,0xff,0xff,0x6e,0x6b,0x01,0x00,0xa3,0x10,0x83,0x08,0x7a,0x03,0x1f,0x04,
  0x1f,0x04,0x38,0x03,0x63,0x08,0x83,0x08,0x83,0x08,0xa3,0x08,0x00,0x00,0x00,0x00,
  0x00,0x00,0x00,0x00,0xa4,0x08,0xa3,0x08,0x83,0x08,0x42,0x08,0x58,0x03,0x5f,0x04,
  0x1f,0x04,0x38,0x03,0x42,0x08,0xa3,0x08,0x01,0x00,0x8e,0x6b,0xff,0xff,0xff,0xff,
  0x5d,0xef,0x46,0x21,0x83,0x08,0x83,0x10,0x07,0x09,0xac,0x01,0xac,0x01,0x28,0x09,
  0x62,0x08,0x83,0x08,0x83,0x08,0x83,0x08,0x83,0x08,0x83,0x08,0x83,0x08,0x83,0x08,
  0x83,0x08,0x83,0x08,0x83,0x08,0x83,0x08,0x63,0x08,0x6a,0x09,0xcd,0x09,0x8b,0x09,
  0x83,0x08,0x62,0x08,0x28,0x09,0x58,0x03,0x58,0x03,0x58,0x03,0x58,0x03,0x58,0x03,
  0x37,0x03,0x37,0x03,0x58,0x03,0x58,0x0b,0x38,0x03,0x07,0x09,0x42,0x08,0xa4,0x08,
  0x8b,0x01,0xac,0x01,0x69,0x09,0x63,0x08,0x83,0x08,0x83,0x08,0x83,0x08,0x83,0x08,
  0x83,0x08,0x83,0x08,0x83,0x08,0x83,0x08,0x83,0x08,0x83,0x08,0x83,0x08,0x62,0x08,
  0x07,0x09,0xac,0x01,0xcc,0x09,0xe6,0x08,0x83,0x10,0x83,0x08,0x46,0x21,0x5d,0xef,
  0xff,0xff,0xff,0xff,0x4d,0x63,0x22,0x00,0xa4,0x10,0x62,0x08,0x59,0x03,0x1f,0x04,
  0x1f,0x04,0x39,0x03,0x83,0x08,0x83,0x08,0x83,0x08,0xa4,0x08,0x00,0x00,0x00,0x00,
  0x00,0x00,0x00,0x00,0x84,0x08,0x83,0x08,0x83,0x08,0x62,0x08,0x79,0x03,0x5f,0x04,
  0x5f,0x04,0x59,0x03,0x42,0x08,0xa3,0x08,0x22,0x00,0x8e,0x6b,0xff,0xff,0xff,0xff,
  0x3c,0xe7,0x83,0x08,0x00,0x00,0x42,0x00,0x83,0x08,0x41,0x08,0x41,0x08,0x62,0x08,
  0x83,0x08,0x83,0x08,0x83,0x08,0x83,0x08,0x83,0x08,0x83,0x08,0x83,0x08,0x83,0x08,
  0x83,0x08,0x83,0x08,0x83,0x08,0x83,0x08,0x83,0x08,0x62,0x08,0x41,0x08,0x41,0x08,
  0x83,0x08,0x62,0x08,0x6a,0x01,0x7f,0x04,0x5f,0x04,0x3f,0x04,0x3f,0x04,0x3f,0x04,
  0x5f,0x04,0x5f,0x04,0x5f,0x04,0x5f,0x04,0x7f,0x04,0x6a,0x09,0x62,0x08,0x83,0x08,
  0x41,0x08,0x41,0x08,0x62,0x08,0x83,0x08,0x83,0x08,0x83,0x08,0x83,0x08,0x83,0x08,
  0x83,0x08,0x83,0x08,0x83,0x08,0x83,0x08,0x83,0x08,0x83,0x08,0x83,0x08,0x83,0x08,
  0x62,0x08,0x41,0x08,0x41,0x08,0x83,0x08,0x42,0x00,0x00,0x00,0xa3,0x08,0x5d,0xef,
  0xff,0xff,0xff,0xff,0x2d,0x63,0x21,0x00,0xa4,0x10,0x62,0x08,0x7a,0x03,0x3f,0x04,
  0x5f,0x04,0x5a,0x03,0x63,0x08,0x83,0x08,0x83,0x08,0x84,0x08,0x00,0x00,0x00,0x00,
  0x00,0x00,0x00,0x00,0x83,0x08,0x83,0x08,0xa3,0x08,0x83,0x08,0xb4,0x02,0x7a,0x03,
  0x9a,0x03,0xf5,0x02,0x83,0x08,0xa4,0x10,0x22,0x00,0x8e,0x6b,0xff,0xff,0xff,0xff,
  0x5d,0xef,0xcb,0x52,0x8a,0x4a,0x2a,0x42,0x83,0x08,0x83,0x08,0xa4,0x08,0x83,0x08,
  0x83,0x08,0x83,0x08,0x83,0x08,0x83,0x08,0x83,0x08,0x83,0x08,0x83,0x08,0x83,0x08,
  0x83,0x08,0x83,0x08,0x83,0x08,0x83,0x08,0x83,0x08,0x83,0x08,0x83,0x08,0x83,0x08,
  0x83,0x08,0x62,0x08,0x07,0x09,0x79,0x03,0xbb,0x03,0x3f,0x04,0x1e,0x04,0x1f,0x04,
  0x1f,0x04,0x1f,0x04,0x3e,0x04,0x79,0x03,0x79,0x03,0x49,0x09,0x62,0x08,0x83,0x08,
  0x83,0x08,0x83,0x08,0x83,0x08,0x83,0x08,0x83,0x08,0x83,0x08,0x83,0x08,0x83,0x08,
  0x83,0x08,0x83,0x08,0x83,0x08,0x83,0x08,0x83,0x08,0x83,0x08,0x83,0x08,0x83,0x08,
  0x83,0x08,0xa3,0x08,0x83,0x08,0xa4,0x08,0x8b,0x4a,0x8b,0x4a,0xec,0x5a,0x7d,0xef,
  0xff,0xff,0xff,0xff,0x4e,0x63,0x01,0x00,0xa4,0x10,0x83,0x08,0x16,0x03,0xbb,0x03,
  0x9a,0x03,0x94,0x02,0x62,0x08,0x84,0x08,0xa4,0x08,0x83,0x08,0x00,0x00,0x00,0x00,
  0x00,0x00,0x00,0x00,0x63,0x00,0x83,0x08,0x83,0x08,0xa4,0x08,0x63,0x08,0x62,0x08,
  0x83,0x08,0xa4,0x08,0xa3,0x08,0xa3,0x10,0x01,0x00,0x6e,0x6b,0xff,0xff,0xdf,0xff,
  0xdf,0xff,0xff,0xff,0xff,0xff,0x79,0xce,0x83,0x08,0xa4,0x10,0x83,0x08,0x83,0x08,
  0x83,0x08,0x83,0x08,0x83,0x08,0x83,0x08,0x83,0x08,0x83,0x08,0x83,0x08,0x83,0x08,
  0x83,0x08,0x83,0x08,0x83,0x08,0x83,0x08,0x83,0x08,0x83,0x08,0x83,0x08,0x83,0x08,
  0x83,0x08,0x83,0x08,0x83,0x08,0x41,0x08,0x28,0x09,0x3f,0x04,0x1e,0x04,0x1f,0x04,
  0x1f,0x04,0x1f,0x04,0x1e,0x04,0xe6,0x08,0x62,0x08,0xa4,0x08,0x83,0x08,0x83,0x08,
  0x83,0x08,0x83,0x08,0x83,0x08,0x83,0x08,0x83,0x08,0x83,0x08,0x83,0x08,0x83,0x08,
  0x83,0x08,0x83,0x08,0x83,0x08,0x83,0x08,0x83,0x08,0x83,0x08,0x83,0x08,0x83,0x08,
  0x83,0x08,0xa3,0x08,0xa3,0x08,0xc4,0x10,0x3c,0xe7,0xff,0xff,0xff,0xff,0xdf,0xff,
  0xdf,0xff,0xff,0xff,0x4e,0x63,0x01,0x00,0xa3,0x08,0x83,0x08,0xa4,0x08,0xa4,0x08,
  0x83,0x08,0x63,0x08,0x63,0x00,0x83,0x08,0x83,0x08,0x63,0x00,0x00,0x00,0x00,0x00,
  0x00,0x00,0x00,0x00,0x00,0x00,0x00,0x00,0x00,0x00,0x00,0x00,0xa4,0x08,0x83,0x08,
  0x83,0x08,0x83,0x08,0x83,0x08,0xa3,0x10,0x01,0x00,0x6e,0x6b,0xff,0xff,0xdf,0xff,
  0xdf,0xff,0xbe,0xf7,0xff,0xff,0xf7,0xbd,0x00,0x00,0x22,0x00,0x42,0x00,0x83,0x08,
  0x83,0x08,0x83,0x08,0x83,0x08,0x83,0x08,0x83,0x08,0x83,0x08,0x83,0x08,0x83,0x08,
  0x83,0x08,0x83,0x08,0x83,0x08,0x83,0x08,0x83,0x08,0x83,0x08,0x83,0x08,0x83,0x08,
  0x83,0x08,0x83,0x08,0x83,0x08,0x62,0x08,0x29,0x09,0x5f,0x04,0x5f,0x04,0x1f,0x04,
  0xff,0x03,0x3f,0x04,0x5f,0x04,0x28,0x09,0x62,0x08,0x83,0x08,0x83,0x08,0x83,0x08,
  0x83,0x08,0x83,0x08,0x83,0x08,0x83,0x08,0x83,0x08,0x83,0x08,0x83,0x08,0x83,0x08,
  0x83,0x08,0x83,0x08,0x83,0x08,0x83,0x08,0x83,0x08,0x83,0x08,0x83,0x08,0x83,0x08,
  0x83,0x08,0x42,0x00,0x01,0x00,0x01,0x00,0xba,0xd6,0xff,0xff,0xbf,0xff,0xdf,0xff,
  0xdf,0xff,0xff,0xff,0x4e,0x6b,0x01,0x00,0xa3,0x10,0x83,0x08,0x83,0x08,0x83,0x08,
  0xa3,0x08,0xa3,0x08,0x00,0x00,0x00,0x00,0x00,0x00,0x00,0x00,0x00,0x00,0x00,0x00,
  0x00,0x00,0x00,0x00,0x00,0x00,0x00,0x00,0x00,0x00,0x00,0x00,0x83,0x08,0x83,0x08,
  0x83,0x08,0x83,0x08,0x83,0x08,0xa3,0x08,0x01,0x00,0x8f,0x6b,0xff,0xff,0xdf,0xff,
  0xdf,0xff,0xdf,0xff,0xff,0xff,0xbb,0xde,0x4e,0x63,0xd0,0x73,0x29,0x42,0x42,0x00,
  0x83,0x08,0x83,0x08,0x83,0x08,0x83,0x08,0x83,0x08,0x83,0x08,0x83,0x08,0x83,0x08,
  0x83,0x08,0x83,0x08,0x83,0x08,0x83,0x08,0x83,0x08,0x83,0x08,0x83,0x08,0x83,0x08,
  0x83,0x08,0x83,0x08,0x83,0x08,0x62,0x08,0xe7,0x08,0xf6,0x02,0x79,0x0b,0x1f,0x04,
  0x1f,0x04,0x38,0x03,0xf6,0x0a,0x07,0x09,0x62,0x08,0x83,0x08,0x83,0x08,0x83,0x08,
  0x83,0x08,0x83,0x08,0x83,0x08,0x83,0x08,0x83,0x08,0x83,0x08,0x83,0x08,0x83,0x08,
  0x83,0x08,0x83,0x08,0x83,0x08,0x83,0x08,0x83,0x08,0x83,0x08,0x83,0x08,0x83,0x08,
  0x63,0x00,0x8b,0x4a,0xaf,0x73,0x6e,0x6b,0x3c,0xe7,0xff,0xff,0xdf,0xff,0xdf,0xff,
  0xdf,0xff,0xff,0xff,0x6e,0x6b,0x21,0x00,0xa3,0x10,0x83,0x08,0xa3,0x08,0x83,0x08,
  0x83,0x08,0x83,0x08,0x00,0x00,0x00,0x00,0x00,0x00,0x00,0x00,0x00,0x00,0x00,0x00,
  0x00,0x00,0x00,0x00,0x00,0x00,0x00,0x00,0x00,0x00,0x00,0x00,0x83,0x08,0x83,0x08,
  0x83,0x08,0x83,0x08,0x83,0x08,0xa3,0x10,0x01,0x00,0x6e,0x6b,0xdf,0xff,0x9e,0xf7,
  0xdf,0xff,0xff,0xff,0xff,0xff,0xff,0xff,0xff,0xff,0xff,0xff,0x72,0x8c,0x22,0x00,
  0xc4,0x10,0xa3,0x08,0x83,0x08,0x83,0x08,0x83,0x08,0x83,0x08,0x83,0x08,0x83,0x08,
  0x83,0x08,0x83,0x08,0x83,0x08,0x83,0x08,0x83,0x08,0x83,0x08,0x83,0x08,0x83,0x08,
  0x83,0x08,0x83,0x08,0x83,0x08,0x83,0x08,0x83,0x08,0x21,0x08,0x6b,0x09,0x1f,0x04,
  0x1f,0x04,0x49,0x09,0x41,0x08,0xa4,0x08,0x83,0x08,0x83,0x08,0x83,0x08,0x83,0x08,
  0x83,0x08,0x83,0x08,0x83,0x08,0x83,0x08,0x83,0x08,0x83,0x08,0x83,0x08,0x83,0x08,
  0x83,0x08,0x83,0x08,0x83,0x08,0x83,0x08,0x83,0x08,0x83,0x08,0xa3,0x08,0xc4,0x10,
  0x22,0x00,0x35,0xa5,0xff,0xff,0xff,0xff,0xff,0xff,0xff,0xff,0xff,0xff,0xdf,0xff,
  0x9e,0xf7,0xdf,0xff,0x6e,0x63,0x22,0x00,0xa3,0x10,0x83,0x08,0x83,0x08,0x83,0x08,
  0x83,0x08,0x83,0x08,0x00,0x00,0x00,0x00,0x00,0x00,0x00,0x00,0x00,0x00,0x00,0x00,
  0x00,0x00,0x00,0x00,0x00,0x00,0x00,0x00,0x00,0x00,0x00,0x00,0x00,0x00,0x00,0x00,
  0x00,0x00,0xa3,0x08,0x83,0x08,0xa3,0x10,0x01,0x00,0xaf,0x73,0xff,0xff,0xff,0xff,
  0xff,0xff,0xff,0xff,0xff,0xff,0xdf,0xff,0x9e,0xf7,0xff,0xff,0xcf,0x73,0x00,0x00,
  0x42,0x00,0x42,0x00,0x83,0x08,0x83,0x08,0x83,0x08,0x83,0x08,0x83,0x08,0x83,0x08,
  0x83,0x08,0x83,0x08,0x83,0x08,0x83,0x08,0x83,0x08,0x83,0x08,0x83,0x08,0x83,0x08,
  0x83,0x08,0x83,0x08,0x83,0x08,0x83,0x08,0xa4,0x08,0x62,0x08,0x8b,0x01,0x3f,0x04,
  0x5f,0x04,0x8c,0x09,0x62,0x08,0x84,0x08,0x83,0x08,0x83,0x08,0x83,0x08,0x83,0x08,
  0x83,0x08,0x83,0x08,0x83,0x08,0x83,0x08,0x83,0x08,0x83,0x08,0x83,0x08,0x83,0x08,
  0x83,0x08,0x83,0x08,0x83,0x08,0x83,0x08,0x83,0x08,0x83,0x08,0x42,0x00,0x42,0x00,
  0x00,0x00,0x92,0x94,0xff,0xff,0xbe,0xf7,0xff,0xff,0xff,0xff,0xff,0xff,0xff,0xff,
  0xff,0xff,0xff,0xff,0x8e,0x6b,0x22,0x00,0xa4,0x10,0x83,0x08,0xa4,0x08,0x00,0x00,
  0x00,0x00,0x00,0x00,0x00,0x00,0x00,0x00,0x00,0x00,0x00,0x00,0x00,0x00,0x00,0x00,
  0x00,0x00,0x00,0x00,0x00,0x00,0x00,0x00,0x00,0x00,0x00,0x00,0x00,0x00,0x00,0x00,
  0x00,0x00,0x63,0x08,0x83,0x08,0x83,0x08,0x63,0x08,0x09,0x3a,0x10,0x7c,0xaf,0x73,
  0xcf,0x73,0x5d,0xef,0xff,0xff,0xdf,0xff,0xdf,0xff,0xff,0xff,0x59,0xc6,0x72,0x8c,
  0x14,0xa5,0x8b,0x4a,0x42,0x00,0xa3,0x08,0x83,0x08,0x83,0x08,0x83,0x08,0x83,0x08,
  0x83,0x08,0x83,0x08,0x83,0x08,0x83,0x08,0x83,0x08,0x83,0x08,0x83,0x08,0x83,0x08,
  0x83,0x08,0x83,0x08,0x83,0x08,0x83,0x08,0xa3,0x08,0x62,0x08,0x08,0x09,0x17,0x03,
  0x38,0x03,0x49,0x09,0x62,0x08,0x83,0x08,0x83,0x08,0x83,0x08,0x83,0x08,0x83,0x08,
  0x83,0x08,0x83,0x08,0x83,0x08,0x83,0x08,0x83,0x08,0x83,0x08,0x83,0x08,0x83,0x08,
  0x83,0x08,0x83,0x08,0x83,0x08,0x83,0x08,0xa3,0x08,0x42,0x00,0xcc,0x52,0xf4,0x9c,
  0x92,0x94,0x9a,0xd6,0xff,0xff,0xdf,0xff,0xdf,0xff,0xff,0xff,0x7d,0xef,0xf0,0x7b,
  0xcf,0x73,0x10,0x7c,0xa7,0x31,0x62,0x00,0xa3,0x08,0x83,0x08,0x83,0x08,0x00,0x00,
  0x00,0x00,0x00,0x00,0x00,0x00,0x00,0x00,0x00,0x00,0x00,0x00,0x00,0x00,0x00,0x00,
  0x00,0x00,0x00,0x00,0x00,0x00,0x00,0x00,0x00,0x00,0x00,0x00,0x00,0x00,0x00,0x00,
  0x00,0x00,0xa3,0x08,0x83,0x08,0x83,0x08,0xa3,0x08,0x63,0x08,0x22,0x00,0x01,0x00,
  0x63,0x08,0xfb,0xde,0xff,0xff,0xdf,0xff,0xff,0xff,0xff,0xff,0xff,0xff,0xff,0xff,
  0xff,0xff,0x31,0x84,0x22,0x00,0xc4,0x10,0xa4,0x10,0xa4,0x10,0xa3,0x10,0xa4,0x10,
  0xa4,0x10,0xa3,0x10,0xa3,0x10,0xa3,0x10,0xa3,0x10,0xa4,0x10,0xa3,0x10,0xa4,0x10,
  0xa4,0x10,0xa3,0x10,0xa3,0x08,0xa4,0x10,0x83,0x08,0x83,0x08,0x62,0x08,0x63,0x08,
  0x83,0x08,0x83,0x08,0x83,0x08,0xa3,0x08,0xa4,0x10,0xa3,0x10,0xa3,0x08,0xa3,0x08,
  0xa3,0x10,0xa3,0x10,0xa3,0x10,0xa4,0x10,0xa4,0x10,0xa4,0x10,0xa4,0x10,0xa4,0x10,
  0xa4,0x10,0xa4,0x10,0xa3,0x10,0xa3,0x10,0xc4,0x10,0x22,0x00,0xb3,0x94,0xff,0xff,
  0xff,0xff,0xff,0xff,0xff,0xff,0xdf,0xff,0xbf,0xff,0xff,0xff,0xdb,0xde,0x42,0x00,
  0x22,0x00,0x42,0x00,0x63,0x08,0x83,0x08,0x83,0x08,0xa3,0x08,0x83,0x08,0x00,0x00,
  0x00,0x00,0x00,0x00,0x00,0x00,0x00,0x00,0x00,0x00,0x00,0x00,0x00,0x00,0x00,0x00,
  0x00,0x00,0x00,0x00,0x00,0x00,0x00,0x00,0x00,0x00,0x00,0x00,0x00,0x00,0x00,0x00,
  0x00,0x00,0x63,0x08,0xa3,0x08,0x83,0x08,0x83,0x08,0xa3,0x08,0xc4,0x10,0x83,0x08,
  0xe4,0x18,0x1c,0xe7,0xff,0xff,0xff,0xff,0xff,0xff,0xff,0xff,0xdf,0xff,0x9e,0xf7,
  0xff,0xff,0x6e,0x6b,0x00,0x00,0x42,0x00,0x22,0x00,0x01,0x00,0x01,0x00,0x01,0x00,
  0x01,0x00,0x01,0x00,0x01,0x00,0x01,0x00,0x01,0x00,0x01,0x00,0x01,0x00,0x01,0x00,
  0x01,0x00,0x01,0x00,0x01,0x00,0x01,0x00,0x42,0x00,0x83,0x08,0x83,0x08,0xa4,0x08,
  0x83,0x08,0x83,0x08,0x83,0x08,0x42,0x00,0x01,0x00,0x01,0x00,0x01,0x00,0x01,0x00,
  0x01,0x00,0x01,0x00,0x01,0x00,0x01,0x00,0x01,0x00,0x01,0x00,0x01,0x00,0x01,0x00,
  0x01,0x00,0x01,0x00,0x01,0x00,0x22,0x00,0x42,0x00,0x00,0x00,0xf0,0x7b,0xff,0xff,
  0xbe,0xf7,0xdf,0xff,0xff,0xff,0xff,0xff,0xff,0xff,0xff,0xff,0x3c,0xe7,0x05,0x19,
  0xa4,0x10,0xc4,0x10,0xa3,0x08,0x83,0x08,0x83,0x08,0x83,0x08,0x62,0x08,0x00,0x00,
  0x00,0x00,0x00,0x00,0x00,0x00,0x00,0x00,0x00,0x00,0x00,0x00,0x00,0x00,0x00,0x00,
  0x00,0x00,0x00,0x00,0x00,0x00,0x00,0x00,0x00,0x00,0x00,0x00,0x00,0x00,0x00,0x00,
  0x00,0x00,0x00,0x00,0x00,0x00,0x00,0x00,0x00,0x00,0x83,0x08,0x83,0x08,0x62,0x08,
  0xc4,0x10,0x59,0xce,0x3c,0xe7,0x1c,0xe7,0xbe,0xf7,0xff,0xff,0xdf,0xff,0xdf,0xff,
  0xff,0xff,0xb7,0xb5,0xcf,0x7b,0x31,0x84,0x10,0x7c,0xf0,0x7b,0x10,0x7c,0x10,0x7c,
  0x10,0x7c,0x10,0x7c,0x10,0x7c,0x10,0x7c,0x10,0x7c,0x10,0x7c,0x10,0x7c,0xf0,0x7b,
  0xf0,0x7b,0xf0,0x7b,0xf0,0x7b,0x31,0x84,0x29,0x42,0x42,0x08,0xa4,0x10,0xa3,0x08,
  0xa3,0x08,0xa3,0x10,0x62,0x08,0x29,0x42,0x10,0x7c,0xcf,0x73,0xf0,0x7b,0xf0,0x7b,
  0xf0,0x7b,0x10,0x7c,0x10,0x84,0x10,0x7c,0x10,0x7c,0x10,0x7c,0xf0,0x7b,0xf0,0x7b,
  0xf0,0x7b,0xf0,0x7b,0xf0,0x7b,0x10,0x7c,0x11,0x84,0xaf,0x73,0xf8,0xbd,0xff,0xff,
  0xdf,0xff,0xdf,0xff,0xff,0xff,0xbe,0xf7,0x1c,0xe7,0x3c,0xe7,0x59,0xce,0xe4,0x18,
  0x83,0x08,0x83,0x08,0x83,0x10,0x00,0x00,0x00,0x00,0x00,0x00,0x00,0x00,0x00,0x00,
  0x00,0x00,0x00,0x00,0x00,0x00,0x00,0x00,0x00,0x00,0x00,0x00,0x00,0x00,0x00,0x00,
  0x00,0x00,0x00,0x00,0x00,0x00,0x00,0x00,0x00,0x00,0x00,0x00,0x00,0x00,0x00,0x00,
  0x00,0x00,0x00,0x00,0x00,0x00,0x00,0x00,0x00,0x00,0x83,0x08,0x83,0x08,0x83,0x08,
  0xa4,0x10,0xe5,0x18,0xe4,0x18,0x82,0x08,0xb7,0xb5,0xff,0xff,0xdf,0xff,0xff,0xff,
  0xff,0xff,0xff,0xff,0xff,0xff,0xff,0xff,0xff,0xff,0xff,0xff,0xff,0xff,0xff,0xff,
  0xff,0xff,0xff,0xff,0xff,0xff,0xff,0xff,0xff,0xff,0xff,0xff,0xff,0xff,0xff,0xff,
  0xff,0xff,0xff,0xff,0xff,0xff,0xff,0xff,0xcf,0x73,0x00,0x00,0x62,0x00,0x22,0x00,
  0x42,0x00,0x63,0x08,0x00,0x00,0xf0,0x7b,0xff,0xff,0xff,0xff,0xff,0xff,0xff,0xff,
  0xff,0xff,0xff,0xff,0xff,0xff,0xff,0xff,0xff,0xff,0xff,0xff,0xff,0xff,0xff,0xff,
  0xff,0xff,0xff,0xff,0xff,0xff,0xff,0xff,0xff,0xff,0xff,0xff,0xff,0xff,0xff,0xff,
  0xff,0xff,0xbf,0xff,0xff,0xff,0xd7,0xbd,0x83,0x08,0x05,0x19,0x05,0x19,0xa3,0x08,
  0x83,0x08,0xa3,0x08,0xa4,0x10,0x00,0x00,0x00,0x00,0x00,0x00,0x00,0x00,0x00,0x00,
  0x00,0x00,0x00,0x00,0x00,0x00,0x00,0x00,0x00,0x00,0x00,0x00,0x00,0x00,0x00,0x00,
  0x00,0x00,0x00,0x00,0x00,0x00,0x00,0x00,0x00,0x00,0x00,0x00,0x00,0x00,0x00,0x00,
  0x00,0x00,0x00,0x00,0x00,0x00,0x00,0x00,0x00,0x00,0xa3,0x08,0xa3,0x08,0x83,0x08,
  0x83,0x08,0x83,0x08,0x83,0x08,0x01,0x00,0x96,0xb5,0xff,0xff,0xdf,0xff,0xff,0xff,
  0xff,0xff,0xdf,0xff,0xbf,0xff,0xbf,0xff,0xdf,0xff,0xdf,0xff,0xdf,0xff,0xdf,0xff,
  0xdf,0xff,0xdf,0xff,0xdf,0xff,0xdf,0xff,0xdf,0xff,0xdf,0xff,0xbf,0xff,0xdf,0xff,
  0xdf,0xff,0xdf,0xff,0xbe,0xf7,0xdf,0xff,0x92,0x94,0xa7,0x31,0x29,0x42,0x08,0x3a,
  0x09,0x3a,0x29,0x42,0xa7,0x31,0xb3,0x94,0xdf,0xff,0xbe,0xf7,0xbf,0xff,0xdf,0xff,
  0xdf,0xff,0xdf,0xff,0xdf,0xff,0xdf,0xff,0xdf,0xff,0xdf,0xff,0xdf,0xff,0xdf,0xff,
  0xdf,0xff,0xdf,0xff,0xdf,0xff,0xdf,0xff,0xbf,0xff,0xbf,0xff,0xdf,0xff,0xff,0xff,
  0xff,0xff,0xdf,0xff,0xff,0xff,0xb6,0xb5,0x01,0x00,0xa3,0x08,0x83,0x08,0x83,0x08,
  0x83,0x08,0xa4,0x08,0xa4,0x10,0x00,0x00,0x00,0x00,0x00,0x00,0x00,0x00,0x00,0x00,
  0x00,0x00,0x00,0x00,0x00,0x00,0x00,0x00,0x00,0x00,0x00,0x00,0x00,0x00,0x00,0x00,
  0x00,0x00,0x00,0x00,0x00,0x00,0x00,0x00,0x00,0x00,0x00,0x00,0x00,0x00,0x00,0x00,
  0x00,0x00,0x00,0x00,0x00,0x00,0x00,0x00,0x00,0x00,0x83,0x08,0x83,0x08,0x83,0x08,
  0x83,0x08,0x83,0x08,0xa4,0x10,0x42,0x00,0x96,0xb5,0xff,0xff,0xbf,0xf7,0xdf,0xff,
  0xff,0xff,0xdf,0xff,0xdf,0xff,0xff,0xff,0xff,0xff,0xdf,0xff,0xdf,0xff,0xff,0xff,
  0xff,0xff,0xff,0xff,0xff,0xff,0xdf,0xff,0xdf,0xff,0xdf,0xff,0xff,0xff,0xff,0xff,
  0xff,0xff,0xff,0xff,0xff,0xff,0xdf,0xff,0xff,0xff,0xff,0xff,0xff,0xff,0xff,0xff,
  0xdf,0xff,0xdf,0xff,0xff,0xff,0xff,0xff,0xdf,0xff,0xff,0xff,0xff,0xff,0xdf,0xff,
  0xdf,0xff,0xff,0xff,0xff,0xff,0xdf,0xff,0xdf,0xff,0xdf,0xff,0xff,0xff,0xff,0xff,
  0xff,0xff,0xff,0xff,0xff,0xff,0xff,0xff,0xff,0xff,0xdf,0xff,0xdf,0xff,0xff,0xff,
  0xff,0xff,0xbe,0xf7,0xff,0xff,0xb7,0xb5,0x63,0x00,0xc4,0x10,0x83,0x08,0x83,0x08,
  0x83,0x08,0xa3,0x08,0x83,0x08,0x00,0x00,0x00,0x00,0x00,0x00,0x00,0x00,0x00,0x00,
  0x00,0x00,0x00,0x00,0x00,0x00,0x00,0x00,0x00,0x00,0x00,0x00,0x00,0x00,0x00,0x00,
  0x00,0x00,0x00,0x00,0x00,0x00,0x00,0x00,0x00,0x00,0x00,0x00,0x00,0x00,0x00,0x00,
  0x00,0x00,0x00,0x00,0x00,0x00,0x00,0x00,0x00,0x00,0x63,0x08,0x63,0x08,0x42,0x08,
  0x82,0x08,0x83,0x08,0xa3,0x08,0x83,0x08,0x67,0x29,0xe8,0x39,0x66,0x29,0xd3,0x94,
  0xff,0xff,0xbf,0xff,0xdf,0xff,0xdf,0xff,0xdf,0xff,0xdf,0xff,0xdf,0xff,0xdf,0xff,
  0xdf,0xff,0xdf,0xff,0xdf,0xff,0xdf,0xff,0xdf,0xff,0xdf,0xff,0xdf,0xff,0xdf,0xff,
  0xdf,0xff,0xff,0xff,0xdf,0xff,0xdf,0xff,0xff,0xff,0xff,0xff,0xff,0xff,0xdf,0xff,
  0xdf,0xff,0xdf,0xff,0xff,0xff,0xff,0xff,0xdf,0xff,0xdf,0xff,0xff,0xff,0xdf,0xff,
  0xdf,0xff,0xdf,0xff,0xdf,0xff,0xdf,0xff,0xdf,0xff,0xdf,0xff,0xdf,0xff,0xdf,0xff,
  0xdf,0xff,0xdf,0xff,0xdf,0xff,0xdf,0xff,0xdf,0xff,0xdf,0xff,0xbf,0xf7,0xff,0xff,
  0x92,0x8c,0x46,0x29,0xc8,0x31,0x67,0x29,0xa3,0x08,0x83,0x08,0x83,0x08,0x83,0x08,
  0x83,0x08,0xa3,0x08,0x63,0x08,0x00,0x00,0x00,0x00,0x00,0x00,0x00,0x00,0x00,0x00,
  0x00,0x00,0x00,0x00,0x00,0x00,0x00,0x00,0x00,0x00,0x00,0x00,0x00,0x00,0x00,0x00,
  0x00,0x00,0x00,0x00,0x00,0x00,0x00,0x00,0x00,0x00,0x00,0x00,0x00,0x00,0x00,0x00,
  0x00,0x00,0x00,0x00,0x00,0x00,0x00,0x00,0x00,0x00,0x00,0x00,0x00,0x00,0x00,0x00,
  0x03,0x18,0x83,0x08,0x83,0x08,0x83,0x08,0x63,0x08,0x63,0x08,0x00,0x00,0x51,0x84,
  0xff,0xff,0xff,0xff,0xff,0xff,0xff,0xff,0xff,0xff,0xff,0xff,0xff,0xff,0xff,0xff,
  0xff,0xff,0xff,0xff,0xff,0xff,0xff,0xff,0xff,0xff,0xff,0xff,0xff,0xff,0xff,0xff,
  0xff,0xff,0xdf,0xff,0xdf,0xff,0xff,0xff,0xff,0xff,0xff,0xff,0xff,0xff,0xdf,0xff,
  0xdf,0xff,0xdf,0xff,0xff,0xff,0xff,0xff,0xff,0xff,0xdf,0xff,0xdf,0xff,0xff,0xff,
  0xff,0xff,0xff,0xff,0xff,0xff,0xff,0xff,0xff,0xff,0xff,0xff,0xff,0xff,0xff,0xff,
  0xff,0xff,0xff,0xff,0xff,0xff,0xff,0xff,0xff,0xff,0xff,0xff,0xff,0xff,0xff,0xff,
  0xd0,0x73,0x00,0x00,0x83,0x08,0x63,0x08,0x83,0x08,0x83,0x08,0x83,0x08,0xc3,0x18,
  0x00,0x00,0x00,0x00,0x00,0x00,0x00,0x00,0x00,0x00,0x00,0x00,0x00,0x00,0x00,0x00,
  0x00,0x00,0x00,0x00,0x00,0x00,0x00,0x00,0x00,0x00,0x00,0x00,0x00,0x00,0x00,0x00,
  0x00,0x00,0x00,0x00,0x00,0x00,0x00,0x00,0x00,0x00,0x00,0x00,0x00,0x00,0x00,0x00,
  0x00,0x00,0x00,0x00,0x00,0x00,0x00,0x00,0x00,0x00,0x00,0x00,0x00,0x00,0x00,0x00,
  0x63,0x08,0x83,0x08,0x83,0x08,0x83,0x08,0x83,0x08,0xc4,0x10,0x42,0x00,0xaf,0x73,
  0xbb,0xd6,0x59,0xce,0x7a,0xce,0x9a,0xd6,0x9a,0xce,0x79,0xce,0x79,0xce,0x7a,0xce,
  0x7a,0xce,0x79,0xce,0x79,0xce,0x7a,0xce,0x9a,0xd6,0x9a,0xce,0x7a,0xce,0x79,0xce,
  0xbb,0xd6,0xdf,0xff,0xdf,0xff,0xff,0xff,0xff,0xff,0xdf,0xff,0xdf,0xff,0xff,0xff,
  0xff,0xff,0xff,0xff,0xdf,0xff,0xff,0xff,0xff,0xff,0xff,0xff,0xdf,0xff,0xdb,0xde,
  0x7a,0xce,0x79,0xce,0x7a,0xce,0x9a,0xd6,0x9a,0xd6,0x9a,0xce,0x7a,0xce,0x7a,0xce,
  0x59,0xce,0x59,0xce,0x7a,0xce,0x9a,0xd6,0x9a,0xd6,0x79,0xce,0x59,0xce,0xba,0xd6,
  0x4d,0x63,0x63,0x00,0xc4,0x10,0xa3,0x08,0x83,0x08,0xa3,0x08,0x83,0x08,0xc3,0x08,
  0x00,0x00,0x00,0x00,0x00,0x00,0x00,0x00,0x00,0x00,0x00,0x00,0x00,0x00,0x00,0x00,
  0x00,0x00,0x00,0x00,0x00,0x00,0x00,0x00,0x00,0x00,0x00,0x00,0x00,0x00,0x00,0x00,
  0x00,0x00,0x00,0x00,0x00,0x00,0x00,0x00,0x00,0x00,0x00,0x00,0x00,0x00,0x00,0x00,
  0x00,0x00,0x00,0x00,0x00,0x00,0x00,0x00,0x00,0x00,0x00,0x00,0x00,0x00,0x00,0x00,
  0x06,0x00,0x83,0x08,0x83,0x08,0x83,0x08,0xa3,0x08,0xa3,0x08,0xa3,0x08,0x83,0x08,
  0x83,0x08,0x82,0x08,0xa4,0x08,0xa4,0x10,0x83,0x08,0x83,0x08,0x83,0x08,0x62,0x08,
  0x62,0x08,0x62,0x08,0x83,0x08,0xa4,0x08,0xa4,0x08,0x83,0x08,0x83,0x08,0x42,0x00,
  0xc7,0x31,0xbf,0xf7,0xdf,0xff,0xdf,0xff,0xdf,0xff,0xdf,0xff,0xdf,0xff,0xdf,0xff,
  0xdf,0xff,0xdf,0xff,0xdf,0xff,0xdf,0xff,0xdf,0xff,0xdf,0xff,0xbe,0xf7,0xe8,0x31,
  0x42,0x00,0x82,0x08,0x83,0x08,0xc4,0x10,0xa4,0x10,0x83,0x08,0x63,0x08,0x62,0x08,
  0x62,0x08,0x83,0x08,0x83,0x08,0xa4,0x10,0xa4,0x10,0x83,0x08,0x62,0x08,0x62,0x08,
  0xa3,0x08,0xa4,0x08,0xa3,0x08,0xa3,0x08,0x82,0x08,0x83,0x08,0x83,0x08,0x06,0x00,
  0x00,0x00,0x00,0x00,0x00,0x00,0x00,0x00,0x00,0x00,0x00,0x00,0x00,0x00,0x00,0x00,
  0x00,0x00,0x00,0x00,0x00,0x00,0x00,0x00,0x00,0x00,0x00,0x00,0x00,0x00,0x00,0x00,
  0x00,0x00,0x00,0x00,0x00,0x00,0x00,0x00,0x00,0x00,0x00,0x00,0x00,0x00,0x00,0x00,
  0x00,0x00,0x00,0x00,0x00,0x00,0x00,0x00,0x00,0x00,0x00,0x00,0x00,0x00,0x00,0x00,
  0x00,0x00,0x00,0x00,0x00,0x00,0x00,0x00,0xa3,0x08,0x83,0x08,0x83,0x08,0x83,0x08,
  0x83,0x08,0x83,0x08,0xa3,0x08,0x83,0x08,0x83,0x08,0x83,0x08,0x83,0x08,0x62,0x08,
  0x83,0x08,0xa4,0x08,0xe5,0x08,0xe5,0x10,0xc4,0x08,0x83,0x08,0x83,0x08,0x21,0x00,
  0xa7,0x31,0xff,0xff,0xff,0xff,0xff,0xff,0xff,0xff,0xff,0xff,0xff,0xff,0xff,0xff,
  0xff,0xff,0xff,0xff,0xff,0xff,0xff,0xff,0xff,0xff,0xff,0xff,0xff,0xff,0xc7,0x31,
  0x21,0x00,0x83,0x08,0xa4,0x08,0xe5,0x10,0xe5,0x10,0xc5,0x08,0xa3,0x08,0x83,0x08,
  0xa3,0x08,0xa3,0x08,0xa3,0x08,0xa3,0x08,0xa3,0x08,0x83,0x08,0x83,0x08,0x83,0x08,
  0x83,0x08,0x83,0x08,0x83,0x08,0xa3,0x10,0x00,0x00,0x00,0x00,0x00,0x00,0x00,0x00,
  0x00,0x00,0x00,0x00,0x00,0x00,0x00,0x00,0x00,0x00,0x00,0x00,0x00,0x00,0x00,0x00,
  0x00,0x00,0x00,0x00,0x00,0x00,0x00,0x00,0x00,0x00,0x00,0x00,0x00,0x00,0x00,0x00,
  0x00,0x00,0x00,0x00,0x00,0x00,0x00,0x00,0x00,0x00,0x00,0x00,0x00,0x00,0x00,0x00,
  0x00,0x00,0x00,0x00,0x00,0x00,0x00,0x00,0x00,0x00,0x00,0x00,0x00,0x00,0x00,0x00,
  0x00,0x00,0x00,0x00,0x00,0x00,0x00,0x00,0x83,0x08,0xa3,0x08,0x83,0x08,0xa3,0x08,
  0xa4,0x08,0xa3,0x08,0x83,0x08,0x83,0x08,0x83,0x08,0xa3,0x08,0x62,0x08,0x07,0x09,
  0xbb,0x03,0xdb,0x03,0xdb,0x0b,0xbb,0x03,0x9a,0x03,0xbc,0x03,0x72,0x02,0x21,0x00,
  0x87,0x29,0x18,0xbe,0xf8,0xbd,0x18,0xbe,0x18,0xbe,0x18,0xc6,0x18,0xc6,0x18,0xbe,
  0xf8,0xbd,0x18,0xc6,0x18,0xc6,0x18,0xbe,0xf8,0xbd,0xf8,0xbd,0xf8,0xbd,0x87,0x29,
  0x00,0x00,0x72,0x0a,0xdc,0x03,0xbb,0x03,0xbb,0x0b,0xbb,0x03,0x9b,0x03,0xbb,0x03,
  0x48,0x09,0x83,0x08,0xa3,0x08,0x83,0x08,0xa3,0x08,0x83,0x08,0xa4,0x08,0xa4,0x08,
  0x83,0x08,0x83,0x08,0xa3,0x08,0xa3,0x08,0x00,0x00,0x00,0x00,0x00,0x00,0x00,0x00,
  0x00,0x00,0x00,0x00,0x00,0x00,0x00,0x00,0x00,0x00,0x00,0x00,0x00,0x00,0x00,0x00,
  0x00,0x00,0x00,0x00,0x00,0x00,0x00,0x00,0x00,0x00,0x00,0x00,0x00,0x00,0x00,0x00,
  0x00,0x00,0x00,0x00,0x00,0x00,0x00,0x00,0x00,0x00,0x00,0x00,0x00,0x00,0x00,0x00,
  0x00,0x00,0x00,0x00,0x00,0x00,0x00,0x00,0x00,0x00,0x00,0x00,0x00,0x00,0x00,0x00,
  0x00,0x00,0x00,0x00,0x00,0x00,0x00,0x00,0x83,0x08,0x83,0x08,0x83,0x08,0x83,0x08,
  0x83,0x08,0x83,0x08,0x83,0x08,0x83,0x08,0x83,0x08,0x83,0x08,0x62,0x08,0x49,0x09,
  0x5f,0x04,0x3f,0x04,0x1f,0x04,0x1f,0x04,0x1f,0x04,0x3f,0x04,0xd6,0x02,0x62,0x08,
  0xa4,0x08,0x42,0x00,0x22,0x00,0x62,0x00,0x63,0x08,0x63,0x08,0x63,0x08,0x42,0x00,
  0x42,0x00,0x63,0x00,0x83,0x08,0x63,0x08,0x42,0x00,0x21,0x00,0x42,0x00,0xa4,0x08,
  0x62,0x08,0xd6,0x02,0x5f,0x04,0x1f,0x04,0x1f,0x04,0x1f,0x04,0x1f,0x04,0x3f,0x04,
  0x49,0x09,0x62,0x08,0x83,0x08,0xa3,0x08,0xa3,0x08,0xa4,0x08,0x83,0x08,0x83,0x08,
  0x83,0x08,0x83,0x08,0x83,0x08,0xa3,0x08,0x00,0x00,0x00,0x00,0x00,0x00,0x00,0x00,
  0x00,0x00,0x00,0x00,0x00,0x00,0x00,0x00,0x00,0x00,0x00,0x00,0x00,0x00,0x00,0x00,
  0x00,0x00,0x00,0x00,0x00,0x00,0x00,0x00,0x00,0x00,0x00,0x00,0x00,0x00,0x00,0x00,
  0x00,0x00,0x00,0x00,0x00,0x00,0x00,0x00,0x00,0x00,0x00,0x00,0x00,0x00,0x00,0x00,
  0x00,0x00,0x00,0x00,0x00,0x00,0x00,0x00,0x00,0x00,0x00,0x00,0x00,0x00,0x00,0x00,
  0x00,0x00,0x00,0x00,0x00,0x00,0x00,0x00,0x00,0x00,0x00,0x00,0x00,0x00,0x00,0x00,
  0x00,0x00,0x00,0x00,0x00,0x00,0x00,0x00,0x84,0x10,0x83,0x08,0x62,0x08,0x49,0x09,
  0x7f,0x04,0x3f,0x04,0x1e,0x04,0x1f,0x04,0x3f,0x04,0x7f,0x04,0xd6,0x02,0x42,0x08,
  0xa4,0x08,0x83,0x08,0x83,0x08,0xa3,0x08,0xa4,0x10,0xa3,0x10,0x83,0x08,0x83,0x08,
  0x83,0x08,0x83,0x08,0xa3,0x08,0xa3,0x08,0xa3,0x08,0x83,0x08,0x83,0x08,0xa4,0x08,
  0x62,0x08,0xf6,0x0a,0x7f,0x04,0x1f,0x04,0x1e,0x04,0x1f,0x04,0x3f,0x04,0x3f,0x04,
  0x29,0x09,0x62,0x08,0x83,0x08,0xc4,0x08,0x00,0x00,0x00,0x00,0x00,0x00,0x00,0x00,
  0x00,0x00,0x00,0x00,0x00,0x00,0x00,0x00,0x00,0x00,0x00,0x00,0x00,0x00,0x00,0x00,
  0x00,0x00,0x00,0x00,0x00,0x00,0x00,0x00,0x00,0x00,0x00,0x00,0x00,0x00,0x00,0x00,
  0x00,0x00,0x00,0x00,0x00,0x00,0x00,0x00,0x00,0x00,0x00,0x00,0x00,0x00,0x00,0x00,
  0x00,0x00,0x00,0x00,0x00,0x00,0x00,0x00,0x00,0x00,0x00,0x00,0x00,0x00,0x00,0x00,
  0x00,0x00,0x00,0x00,0x00,0x00,0x00,0x00,0x00,0x00,0x00,0x00,0x00,0x00,0x00,0x00,
  0x00,0x00,0x00,0x00,0x00,0x00,0x00,0x00,0x00,0x00,0x00,0x00,0x00,0x00,0x00,0x00,
  0x00,0x00,0x00,0x00,0x00,0x00,0x00,0x00,0xa3,0x08,0xa3,0x08,0x82,0x08,0xe6,0x08,
  0x38,0x03,0x79,0x03,0x1e,0x04,0x3f,0x04,0xbb,0x03,0x79,0x03,0x71,0x02,0x42,0x08,
  0x83,0x08,0x83,0x08,0xa4,0x08,0xa4,0x08,0xa3,0x08,0xa3,0x08,0xa3,0x08,0xa4,0x08,
  0xa4,0x08,0xa3,0x08,0x83,0x08,0xa3,0x08,0xa4,0x08,0xa3,0x08,0x83,0x08,0x83,0x08,
  0x62,0x08,0x10,0x02,0x58,0x03,0xbb,0x03,0x1f,0x04,0xfe,0x03,0x39,0x03,0x38,0x03,
  0x07,0x09,0x62,0x08,0xa3,0x08,0xa4,0x08,0x00,0x00,0x00,0x00,0x00,0x00,0x00,0x00,
  0x00,0x00,0x00,0x00,0x00,0x00,0x00,0x00,0x00,0x00,0x00,0x00,0x00,0x00,0x00,0x00,
  0x00,0x00,0x00,0x00,0x00,0x00,0x00,0x00,0x00,0x00,0x00,0x00,0x00,0x00,0x00,0x00,
  0x00,0x00,0x00,0x00,0x00,0x00,0x00,0x00,0x00,0x00,0x00,0x00,0x00,0x00,0x00,0x00,
  0x00,0x00,0x00,0x00,0x00,0x00,0x00,0x00,0x00,0x00,0x00,0x00,0x00,0x00,0x00,0x00,
  0x00,0x00,0x00,0x00,0x00,0x00,0x00,0x00,0x00,0x00,0x00,0x00,0x00,0x00,0x00,0x00,
  0x00,0x00,0x00,0x00,0x00,0x00,0x00,0x00,0x00,0x00,0x00,0x00,0x00,0x00,0x00,0x00,
  0x00,0x00,0x00,0x00,0x00,0x00,0x00,0x00,0xa3,0x08,0x83,0x08,0x83,0x08,0x63,0x08,
  0x41,0x08,0xc6,0x08,0x1d,0x0c,0x7f,0x04,0x30,0x02,0x21,0x08,0xa4,0x08,0x83,0x08,
  0x83,0x08,0xa4,0x08,0xc4,0x10,0xa4,0x10,0xa3,0x08,0xa3,0x08,0xa4,0x10,0xa4,0x10,
  0xa4,0x10,0xa4,0x10,0xa3,0x08,0xa3,0x08,0xa4,0x10,0xa4,0x10,0xa3,0x08,0xa3,0x08,
  0x83,0x08,0x62,0x08,0x20,0x08,0x31,0x0a,0x7f,0x04,0xbc,0x03,0xa5,0x08,0x62,0x08,
  0x83,0x08,0x83,0x08,0x83,0x08,0xa4,0x08,0x00,0x00,0x00,0x00,0x00,0x00,0x00,0x00,
  0x00,0x00,0x00,0x00,0x00,0x00,0x00,0x00,0x00,0x00,0x00,0x00,0x00,0x00,0x00,0x00,
  0x00,0x00,0x00,0x00,0x00,0x00,0x00,0x00,0x00,0x00,0x00,0x00,0x00,0x00,0x00,0x00,
  0x00,0x00,0x00,0x00,0x00,0x00,0x00,0x00,0x00,0x00,0x00,0x00,0x00,0x00,0x00,0x00,
  0x00,0x00,0x00,0x00,0x00,0x00,0x00,0x00,0x00,0x00,0x00,0x00,0x00,0x00,0x00,0x00,
  0x00,0x00,0x00,0x00,0x00,0x00,0x00,0x00,0x00,0x00,0x00,0x00,0x00,0x00,0x00,0x00,
  0x00,0x00,0x00,0x00,0x00,0x00,0x00,0x00,0x00,0x00,0x00,0x00,0x00,0x00,0x00,0x00,
  0x00,0x00,0x00,0x00,0x00,0x00,0x00,0x00,0x83,0x08,0x83,0x08,0x83,0x08,0x83,0x08,
  0x82,0x08,0xe6,0x08,0x3e,0x04,0xbf,0x04,0x51,0x02,0x41,0x08,0xa4,0x08,0x83,0x08,
  0xa4,0x08,0xa4,0x08,0x00,0x00,0x00,0x00,0x00,0x00,0x00,0x00,0x00,0x00,0x00,0x00,
  0x00,0x00,0x00,0x00,0x00,0x00,0x00,0x00,0x00,0x00,0x00,0x00,0xa4,0x10,0xa4,0x10,
  0x83,0x08,0xa3,0x08,0x61,0x10,0x52,0x0a,0x9f,0x04,0xde,0x03,0xc6,0x08,0x82,0x08,
  0x83,0x08,0x83,0x08,0xa4,0x08,0xa4,0x08,0x00,0x00,0x00,0x00,0x00,0x00,0x00,0x00,
  0x00,0x00,0x00,0x00,0x00,0x00,0x00,0x00,0x00,0x00,0x00,0x00,0x00,0x00,0x00,0x00,
  0x00,0x00,0x00,0x00,0x00,0x00,0x00,0x00,0x00,0x00,0x00,0x00,0x00,0x00,0x00,0x00,
  0x00,0x00,0x00,0x00,0x00,0x00,0x00,0x00,0x00,0x00,0x00,0x00,0x00,0x00,0x00,0x00,
  0x00,0x00,0x00,0x00,0x00,0x00,0x00,0x00,0x00,0x00,0x00,0x00,0x00,0x00,0x00,0x00,
  0x00,0x00,0x00,0x00,0x00,0x00,0x00,0x00,0x00,0x00,0x00,0x00,0x00,0x00,0x00,0x00,
  0x00,0x00,0x00,0x00,0x00,0x00,0x00,0x00,0x00,0x00,0x00,0x00,0x00,0x00,0x00,0x00,
  0x00,0x00,0x00,0x00,0x00,0x00,0x00,0x00,0x83,0x08,0x83,0x08,0x83,0x08,0x83,0x08,
  0x83,0x08,0xc5,0x08,0x16,0x03,0x79,0x03,0xee,0x09,0x62,0x08,0x83,0x08,0x83,0x08,
  0xa4,0x08,0xa4,0x08,0x07,0x00,0x00,0x00,0x00,0x00,0x00,0x00,0x00,0x00,0x00,0x00,
  0x00,0x00,0x00,0x00,0x00,0x00,0x00,0x00,0x00,0x00,0x00,0x00,0xa4,0x08,0xa4,0x08,
  0x83,0x08,0xa3,0x08,0x62,0x10,0xcc,0x09,0x58,0x03,0x17,0x03,0xc5,0x08,0x62,0x08,
  0x83,0x08,0x83,0x08,0x83,0x08,0x83,0x08,0x00,0x00,0x00,0x00,0x00,0x00,0x00,0x00,
  0x00,0x00,0x00,0x00,0x00,0x00,0x00,0x00,0x00,0x00,0x00,0x00,0x00,0x00,0x00,0x00,
  0x00,0x00,0x00,0x00,0x00,0x00,0x00,0x00,0x00,0x00,0x00,0x00,0x00,0x00,0x00,0x00,
  0x00,0x00,0x00,0x00,0x00,0x00,0x00,0x00,0x00,0x00,0x00,0x00,0x00,0x00,0x00,0x00,
  0x00,0x00,0x00,0x00,0x00,0x00,0x00,0x00,0x00,0x00,0x00,0x00,0x00,0x00,0x00,0x00,
  0x00,0x00,0x00,0x00,0x00,0x00,0x00,0x00,0x00,0x00,0x00,0x00,0x00,0x00,0x00,0x00,
  0x00,0x00,0x00,0x00,0x00,0x00,0x00,0x00,0x00,0x00,0x00,0x00,0x00,0x00,0x00,0x00,
  0x00,0x00,0x00,0x00,0x00,0x00,0x00,0x00,0x00,0x00,0x00,0x00,0x00,0x00,0x63,0x00,
  0x83,0x08,0x83,0x08,0x62,0x08,0x63,0x08,0x83,0x08,0xa3,0x08,0x83,0x08,0x00,0x00,
  0x00,0x00,0x00,0x00,0x00,0x00,0x00,0x00,0x00,0x00,0x00,0x00,0x00,0x00,0x00,0x00,
  0x00,0x00,0x00,0x00,0x00,0x00,0x00,0x00,0x00,0x00,0x00,0x00,0x00,0x00,0x00,0x00,
  0x00,0x00,0x83,0x08,0xa3,0x08,0x62,0x08,0x62,0x08,0x83,0x08,0xa3,0x08,0x83,0x08,
  0x85,0x08,0x00,0x00,0x00,0x00,0x00,0x00,0x00,0x00,0x00,0x00,0x00,0x00,0x00,0x00,
  0x00,0x00,0x00,0x00,0x00,0x00,0x00,0x00,0x00,0x00,0x00,0x00,0x00,0x00,0x00,0x00,
  0x00,0x00,0x00,0x00,0x00,0x00,0x00,0x00,0x00,0x00,0x00,0x00,0x00,0x00,0x00,0x00,
  0x00,0x00,0x00,0x00,0x00,0x00,0x00,0x00,0x00,0x00,0x00,0x00,0x00,0x00,0x00,0x00,
  0x00,0x00,0x00,0x00,0x00,0x00,0x00,0x00,0x00,0x00,0x00,0x00,0x00,0x00,0x00,0x00,
  0x00,0x00,0x00,0x00,0x00,0x00,0x00,0x00,0x00,0x00,0x00,0x00,0x00,0x00,0x00,0x00,
  0x00,0x00,0x00,0x00,0x00,0x00,0x00,0x00,0x00,0x00,0x00,0x00,0x00,0x00,0x00,0x00,
  0x00,0x00,0x00,0x00,0x00,0x00,0x00,0x00,0x00,0x00,0x00,0x00,0x00,0x00,0x83,0x08,
  0x83,0x08,0x83,0x08,0xa4,0x08,0xa3,0x08,0x83,0x08,0xa4,0x08,0x83,0x08,0x00,0x00,
  0x00,0x00,0x00,0x00,0x00,0x00,0x00,0x00,0x00,0x00,0x00,0x00,0x00,0x00,0x00,0x00,
  0x00,0x00,0x00,0x00,0x00,0x00,0x00,0x00,0x00,0x00,0x00,0x00,0x00,0x00,0x00,0x00,
  0x00,0x00,0x83,0x08,0x83,0x08,0x83,0x08,0xa3,0x08,0x83,0x08,0x83,0x08,0x83,0x08,
  0x83,0x08,0x00,0x00,0x00,0x00,0x00,0x00,0x00,0x00,0x00,0x00,0x00,0x00,0x00,0x00,
  0x00,0x00,0x00,0x00,0x00,0x00,0x00,0x00,0x00,0x00,0x00,0x00,0x00,0x00,0x00,0x00,
  0x00,0x00,0x00,0x00,0x00,0x00,0x00,0x00,0x00,0x00,0x00,0x00,0x00,0x00,0x00,0x00,
  0x00,0x00,0x00,0x00,0x00,0x00,0x00,0x00,0x00,0x00,0x00,0x00,0x00,0x00,0x00,0x00,
  0x00,0x00,0x00,0x00,0x00,0x00,0x00,0x00,0x00,0x00,0x00,0x00,0x00,0x00,0x00,0x00,
  0x00,0x00,0x00,0x00,0x00,0x00,0x00,0x00,0x00,0x00,0x00,0x00,0x00,0x00,0x00,0x00,
  0x00,0x00,0x00,0x00,0x00,0x00,0x00,0x00,0x00,0x00,0x00,0x00,0x00,0x00,0x00,0x00,
  0x00,0x00,0x00,0x00,0x00,0x00,0x00,0x00,0x00,0x00,0x00,0x00,0x00,0x00,0x83,0x08,
  0x83,0x08,0x83,0x08,0x83,0x08,0x83,0x08,0x83,0x08,0x83,0x08,0x83,0x08,0x00,0x00,
  0x00,0x00,0x00,0x00,0x00,0x00,0x00,0x00,0x00,0x00,0x00,0x00,0x00,0x00,0x00,0x00,
  0x00,0x00,0x00,0x00,0x00,0x00,0x00,0x00,0x00,0x00,0x00,0x00,0x00,0x00,0x00,0x00,
  0x00,0x00,0x83,0x08,0x83,0x08,0x83,0x08,0x83,0x08,0x83,0x08,0x83,0x08,0x83,0x08,
  0x63,0x00,0x00,0x00,0x00,0x00,0x00,0x00,0x00,0x00,0x00,0x00,0x00,0x00,0x00,0x00,
  0x00,0x00,0x00,0x00,0x00,0x00,0x00,0x00,0x00,0x00,0x00,0x00,0x00,0x00,0x00,0x00,
  0x00,0x00,0x00,0x00,0x00,0x00,0x00,0x00,0x00,0x00,0x00,0x00,0x00,0x00,0x00,0x00,
  0x00,0x00,0x00,0x00,0x00,0x00,0x00,0x00,0x00,0x00,0x00,0x00,0x00,0x00,0x00,0x00,
  0x00,0x00,0x00,0x00,0x00,0x00,0x00,0x00,0x00,0x00,0x00,0x00,0x00,0x00,0x00,0x00,
  0x00,0x00,0x00,0x00,0x00,0x00,0x00,0x00,0x00,0x00,0x00,0x00,0x00,0x00,0x00,0x00,
  0x00,0x00,0x00,0x00,0x00,0x00,0x00,0x00,0x00,0x00,0x00,0x00,0x00,0x00,0x00,0x00,
  0x00,0x00,0x00,0x00,0x00,0x00,0x00,0x00,0x00,0x00,0x00,0x00,0x00,0x00,0x00,0x00,
  0x00,0x00,0x00,0x00,0x00,0x00,0x00,0x00,0x00,0x00,0x00,0x00,0x00,0x00,0x00,0x00,
  0x00,0x00,0x00,0x00,0x00,0x00,0x00,0x00,0x00,0x00,0x00,0x00,0x00,0x00,0x00,0x00,
  0x00,0x00,0x00,0x00,0x00,0x00,0x00,0x00,0x00,0x00,0x00,0x00,0x00,0x00,0x00,0x00,
  0x00,0x00,0x00,0x00,0x00,0x00,0x00,0x00,0x00,0x00,0x00,0x00,0x00,0x00,0x00,0x00,
  0x00,0x00,0x00,0x00,0x00,0x00,0x00,0x00,0x00,0x00,0x00,0x00,0x00,0x00,0x00,0x00,
  0x00,0x00,0x00,0x00,0x00,0x00,0x00,0x00,0x00,0x00,0x00,0x00,0x00,0x00,0x00,0x00,
  0x00,0x00,0x00,0x00,0x00,0x00,0x00,0x00,0x00,0x00,0x00,0x00,0x00,0x00,0x00,0x00,
  0x00,0x00,0x00,0x00,0x00,0x00,0x00,0x00,0x00,0x00,0x00,0x00,0x00,0x00,0x00,0x00,
  0x00,0x00,0x00,0x00,0x00,0x00,0x00,0x00,0x00,0x00,0x00,0x00,0x00,0x00,0x00,0x00,
  0x00,0x00,0x00,0x00,0x00,0x00,0x00,0x00,0x00,0x00,0x00,0x00,0x00,0x00,0x00,0x00,
  0x00,0x00,0x00,0x00,0x00,0x00,0x00,0x00,0x00,0x00,0x00,0x00,0x00,0x00,0x00,0x00,
  0x00,0x00,0x00,0x00,0x00,0x00,0x00,0x00,0x00,0x00,0x00,0x00,0x00,0x00,0x00,0x00,
  0x00,0x00,0x00,0x00,0x00,0x00,0x00,0x00,0x00,0x00,0x00,0x00,0x00,0x00,0x00,0x00,
  0x00,0x00,0x00,0x00,0x00,0x00,0x00,0x00,0x00,0x00,0x00,0x00,0x00,0x00,0x00,0x00,
  0x00,0x00,0x00,0x00,0x00,0x00,0x00,0x00,0x00,0x00,0x00,0x00,0x00,0x00,0x00,0x00,
  0x00,0x00,0x00,0x00,0x00,0x00,0x00,0x00,0x00,0x00,0x00,0x00,0x00,0x00,0x00,0x00,
  0x00,0x00,0x00,0x00,0x00,0x00,0x00,0x00,0x00,0x00,0x00,0x00,0x00,0x00,0x00,0x00,
  0x00,0x00,0x00,0x00,0x00,0x00,0x00,0x00,0x00,0x00,0x00,0x00,0x00,0x00,0x00,0x00,
  0x00,0x00,0x00,0x00,0x00,0x00,0x00,0x00,0x00,0x00,0x00,0x00,0x00,0x00,0x00,0x00,
  0x00,0x00,0x00,0x00,0x00,0x00,0x00,0x00,0x00,0x00,0x00,0x00,0x00,0x00,0x00,0x00,
  0x00,0x00,0x00,0x00,0x00,0x00,0x00,0x00,0x00,0x00,0x00,0x00,0x00,0x00,0x00,0x00,
  0x00,0x00,0x00,0x00,0x00,0x00,0x00,0x00,0x00,0x00,0x00,0x00,0x00,0x00,0x00,0x00,
  0x00,0x00,0x00,0x00,0x00,0x00,0x00,0x00,0x00,0x00,0x00,0x00,0x00,0x00,0x00,0x00,
  0x00,0x00,0x00,0x00,0x00,0x00,0x00,0x00,0x00,0x00,0x00,0x00,0x00,0x00,0x00,0x00,
  0x00,0x00,0x00,0x00,0x00,0x00,0x00,0x00,0x00,0x00,0x00,0x00,0x00,0x00,0x00,0x00,
  0x00,0x00,0x00,0x00,0x00,0x00,0x00,0x00,0x00,0x00,0x00,0x00,0x00,0x00,0x00,0x00,
  0x00,0x00,0x00,0x00,0x00,0x00,0x00,0x00,0x00,0x00,0x00,0x00,0x00,0x00,0x00,0x00,
  0x00,0x00,0x00,0x00,0x00,0x00,0x00,0x00,0x00,0x00,0x00,0x00,0x00,0x00,0x00,0x00,
  0x00,0x00,0x00,0x00,0x00,0x00,0x00,0x00,0x00,0x00,0x00,0x00,0x00,0x00,0x00,0x00,
  0x00,0x00,0x00,0x00,0x00,0x00,0x00,0x00,0x00,0x00,0x00,0x00,0x00,0x00,0x00,0x00,
  0x00,0x00,0x00,0x00,0x00,0x00,0x00,0x00,0x00,0x00,0x00,0x00,0x00,0x00,0x00,0x00,
  0x00,0x00,0x00,0x00,0x00,0x00,0x00,0x00,0x00,0x00,0x00,0x00,0x00,0x00,0x00,0x00,
  0x00,0x00,0x00,0x00,0x00,0x00,0x00,0x00,0x00,0x00,0x00,0x00,0x00,0x00,0x00,0x00,
  0x00,0x00,0x00,0x00,0x00,0x00,0x00,0x00,0x00,0x00,0x00,0x00,0x00,0x00,0x00,0x00,
  0x00,0x00,0x00,0x00,0x00,0x00,0x00,0x00,0x00,0x00,0x00,0x00,0x00,0x00,0x00,0x00,
  0x00,0x00,0x00,0x00,0x00,0x00,0x00,0x00,0x00,0x00,0x00,0x00,0x00,0x00,0x00,0x00,
  0x00,0x00,0x00,0x00,0x00,0x00,0x00,0x00,0x00,0x00,0x00,0x00,0x00,0x00,0x00,0x00,
  0x00,0x00,0x00,0x00,0x00,0x00,0x00,0x00,0x00,0x00,0x00,0x00,0x00,0x00,0x00,0x00,
  0x00,0x00,0x00,0x00,0x00,0x00,0x00,0x00,0x00,0x00,0x00,0x00,0x00,0x00,0x00,0x00,
  0x00,0x00,0x00,0x00,0x00,0x00,0x00,0x00,0x00,0x00,0x00,0x00,0x00,0x00,0x00,0x00,
  0x00,0x00,0x00,0x00,0x00,0x00,0x00,0x00,0x00,0x00,0x00,0x00,0x00,0x00,0x00,0x00,
  0x00,0x00,0x00,0x00,0x00,0x00,0x00,0x00,0x00,0x00,0x00,0x00,0x00,0x00,0x00,0x00,
  0x00,0x00,0x00,0x00,0x00,0x00,0x00,0x00,0x00,0x00,0x00,0x00,0x00,0x00,0x00,0x00,
  0x00,0x00,0x00,0x00,0x00,0x00,0x00,0x00,0x00,0x00,0x00,0x00,0x00,0x00,0x00,0x00,
  0x00,0x00,0x00,0x00,0x00,0x00,0x00,0x00,0x00,0x00,0x00,0x00,0x00,0x00,0x00,0x00,
  0x00,0x00,0x00,0x00,0x00,0x00,0x00,0x00,0x00,0x00,0x00,0x00,0x00,0x00,0x00,0x00,
  0x00,0x00,0x00,0x00,0x00,0x00,0x00,0x00,0x00,0x00,0x00,0x00,0x00,0x00,0x00,0x00,
  0x00,0x00,0x00,0x00,0x00,0x00,0x00,0x00,0x00,0x00,0x00,0x00,0x00,0x00,0x00,0x00,
  0x00,0x00,0x00,0x00,0x00,0x00,0x00,0x00,0x00,0x00,0x00,0x00,0x00,0x00,0x00,0x00,
  0x00,0x00,0x00,0x00,0x00,0x00,0x00,0x00,0x00,0x00,0x00,0x00,0x00,0x00,0x00,0x00,
  0x00,0x00,0x00,0x00,0x00,0x00,0x00,0x00,0x00,0x00,0x00,0x00,0x00,0x00,0x00,0x00,
  0x00,0x00,0x00,0x00,0x00,0x00,0x00,0x00,0x00,0x00,0x00,0x00,0x00,0x00,0x00,0x00,
  0x00,0x00,0x00,0x00,0x00,0x00,0x00,0x00,0x00,0x00,0x00,0x00,0x00,0x00,0x00,0x00,
  0x00,0x00,0x00,0x00,0x00,0x00,0x00,0x00,0x00,0x00,0x00,0x00,0x00,0x00,0x00,0x00,
  0x00,0x00,0x00,0x00,0x00,0x00,0x00,0x00,0x00,0x00,0x00,0x00,0x00,0x00,0x00,0x00,
  0x00,0x00,0x00,0x00,0x00,0x00,0x00,0x00,0x00,0x00,0x00,0x00,0x00,0x00,0x00,0x00,
  0x00,0x00,0x00,0x00,0x00,0x00,0x00,0x00,0x00,0x00,0x00,0x00,0x00,0x00,0x00,0x00,
  0x00,0x00,0x00,0x00,0x00,0x00,0x00,0x00,0x00,0x00,0x00,0x00,0x00,0x00,0x00,0x00,
  0x00,0x00,0x00,0x00,0x00,0x00,0x00,0x00,0x00,0x00,0x00,0x00,0x00,0x00,0x00,0x00,
  0x00,0x00,0x00,0x00,0x00,0x00,0x00,0x00,0x00,0x00,0x00,0x00,0x00,0x00,0x00,0x00,
  0x00,0x00,0x00,0x00,0x00,0x00,0x00,0x00,0x00,0x00,0x00,0x00,0x00,0x00,0x00,0x00,
  0x00,0x00,0x00,0x00,0x00,0x00,0x00,0x00,0x00,0x00,0x00,0x00,0x00,0x00,0x00,0x00,
  0x00,0x00,0x00,0x00,0x00,0x00,0x00,0x00,0x00,0x00,0x00,0x00,0x00,0x00,0x00,0x00,
  0x00,0x00,0x00,0x00,0x00,0x00,0x00,0x00,0x00,0x00,0x00,0x00,0x00,0x00,0x00,0x00,
  0x00,0x00,0x00,0x00,0x00,0x00,0x00,0x00,0x00,0x00,0x00,0x00,0x00,0x00,0x00,0x00,
  0x00,0x00,0x00,0x00,0x00,0x00,0x00,0x00,0x00,0x00,0x00,0x00,0x00,0x00,0x00,0x00,
  0x00,0x00,0x00,0x00,0x00,0x00,0x00,0x00,0x00,0x00,0x00,0x00,0x00,0x00,0x00,0x00,
  0x00,0x00,0x00,0x00,0x00,0x00,0x00,0x00,0x00,0x00,0x00,0x00,0x00,0x00,0x00,0x00,
  0x00,0x00,0x00,0x00,0x00,0x00,0x00,0x00,0x00,0x00,0x00,0x00,0x00,0x00,0x00,0x00,
  0x00,0x00,0x00,0x00,0x00,0x00,0x00,0x00,0x00,0x00,0x00,0x00,0x00,0x00,0x00,0x00,
  0x00,0x00,0x00,0x00,0x00,0x00,0x00,0x00,0x00,0x00,0x00,0x00,0x00,0x00,0x00,0x00,
  0x00,0x00,0x00,0x00,0x00,0x00,0x00,0x00,0x00,0x00,0x00,0x00,0x00,0x00,0x00,0x00,
  0x00,0x00,0x00,0x00,0x00,0x00,0x00,0x00,0x00,0x00,0x00,0x00,0x00,0x00,0x00,0x00,
  0x00,0x00,0x00,0x00,0x00,0x00,0x00,0x00,0x00,0x00,0x00,0x00,0x00,0x00,0x00,0x00,
  0x00,0x00,0x00,0x00,0x00,0x00,0x00,0x00,0x00,0x00,0x00,0x00,0x00,0x00,0x00,0x00,
  0x00,0x00,0x00,0x00,0x00,0x00,0x00,0x00,0x00,0x00,0x00,0x00,0x00,0x00,0x00,0x00,
  0x00,0x00,0x00,0x00,0x00,0x00,0x00,0x00,0x00,0x00,0x00,0x00,0x00,0x00,0x00,0x00,
  0x00,0x00,0x00,0x00,0x00,0x00,0x00,0x00,0x00,0x00,0x00,0x00,0x00,0x00,0x00,0x00,
  0x00,0x00,0x00,0x00,0x00,0x00,0x00,0x00,0x00,0x00,0x00,0x00,0x00,0x00,0x00,0x00,
  0x00,0x00,0x00,0x00,0x00,0x00,0x00,0x00,0x00,0x00,0x00,0x00,0x00,0x00,0x00,0x00,
  0x00,0x00,0x00,0x00,0x00,0x00,0x00,0x00,0x00,0x00,0x00,0x00,0x00,0x00,0x00,0x00,
  0x00,0x00,0x00,0x00,0x00,0x00,0x00,0x00,0x00,0x00,0x00,0x00,0x00,0x00,0x00,0x00,
  0x00,0x00,0x00,0x00,0x00,0x00,0x00,0x00,0x00,0x00,0x00,0x00,0x00,0x00,0x00,0x00,
  0x00,0x00,0x00,0x00,0x00,0x00,0x00,0x00,0x00,0x00,0x00,0x00,0x00,0x00,0x00,0x00,
  0x00,0x00,0x00,0x00,0x00,0x00,0x00,0x00,0x00,0x00,0x00,0x00,0x00,0x00,0x00,0x00,
  0x00,0x00,0x00,0x00,0x00,0x00,0x00,0x00,0x00,0x00,0x00,0x00,0x00,0x00,0x00,0x00,
  0x00,0x00,0x00,0x00,0x00,0x00,0x00,0x00,0x00,0x00,0x00,0x00,0x00,0x00,0x00,0x00,
  0x00,0x00,0x00,0x00,0x00,0x00,0x00,0x00,0x00,0x00,0x00,0x00,0x00,0x00,0x00,0x00,
  0x00,0x00,0x00,0x00,0x00,0x00,0x00,0x00,0x00,0x00,0x00,0x00,0x00,0x00,0x00,0x00,
  0x00,0x00,0x00,0x00,0x00,0x00,0x00,0x00,0x00,0x00,0x00,0x00,0x00,0x00,0x00,0x00,
  0x00,0x00,0x00,0x00,0x00,0x00,0x00,0x00,0x00,0x00,0x00,0x00,0x00,0x00,0x00,0x00,
  0x00,0x00,0x00,0x00,0x00,0x00,0x00,0x00,0x00,0x00,0x00,0x00,0x00,0x00,0x00,0x00,
  0x00,0x00,0x00,0x00,0x00,0x00,0x00,0x00,0x00,0x00,0x00,0x00,0x00,0x00,0x00,0x00,
  0x00,0x00,0x00,0x00,0x00,0x00,0x00,0x00,0x00,0x00,0x00,0x00,0x00,0x00,0x00,0x00,
  0x00,0x00,0x00,0x00,0x00,0x00,0x00,0x00,0x00,0x00,0x00,0x00,0x00,0x00,0x00,0x00,
  0x00,0x00,0x00,0x00,0x00,0x00,0x00,0x00,0x00,0x00,0x00,0x00,0x00,0x00,0x00,0x00,
  0x00,0x00,0x00,0x00,0x00,0x00,0x00,0x00,0x00,0x00,0x00,0x00,0x00,0x00,0x00,0x00,
  0x00,0x00,0x00,0x00,0x00,0x00,0x00,0x00,0x00,0x00,0x00,0x00,0x00,0x00,0x00,0x00,
  0x00,0x00,0x00,0x00,0x00,0x00,0x00,0x00,0x00,0x00,0x00,0x00,0x00,0x00,0x00,0x00,
  0x00,0x00,0x00,0x00,0x00,0x00,0x00,0x00,0x00,0x00,0x00,0x00,0x00,0x00,0x00,0x00,
  0x00,0x00,0x00,0x00,0x00,0x00,0x00,0x00,0x00,0x00,0x00,0x00,0x00,0x00,0x00,0x00,
  0x00,0x00,0x00,0x00,0x00,0x00,0x00,0x00,0x00,0x00,0x00,0x00,0x00,0x00,0x00,0x00,
  0x00,0x00,0x00,0x00,0x00,0x00,0x00,0x00,0x00,0x00,0x00,0x00,0x00,0x00,0x00,0x00,
  0x00,0x00,0x00,0x00,0x00,0x00,0x00,0x00,0x00,0x00,0x00,0x00,0x00,0x00,0x00,0x00,
  0x00,0x00,0x00,0x00,0x00,0x00,0x00,0x00,0x00,0x00,0x00,0x00,0x00,0x00,0x00,0x00,
  0x00,0x00,0x00,0x00,0x00,0x00,0x00,0x00,0x00,0x00,0x00,0x00,0x00,0x00,0x00,0x00,
  0x00,0x00,0x00,0x00,0x00,0x00,0x00,0x00,0x00,0x00,0x00,0x00,0x00,0x00,0x00,0x00,
  0x00,0x00,0x00,0x00,0x00,0x00,0x00,0x00,0x00,0x00,0x00,0x00,0x00,0x00,0x00,0x00,
  0x00,0x00,0x00,0x00,0x00,0x00,0x00,0x00,0x00,0x00,0x00,0x00,0x00,0x00,0x00,0x00,
  0x00,0x00,0x00,0x00,0x00,0x00,0x00,0x00,0x00,0x00,0x00,0x00,0x00,0x00,0x00,0x00,
  0x00,0x00,0x00,0x00,0x00,0x00,0x00,0x00,0x00,0x00,0x00,0x00,0x00,0x00,0x00,0x00,
  0x00,0x00,0x00,0x00,0x00,0x00,0x00,0x00,0x00,0x00,0x00,0x00,0x00,0x00,0x00,0x00,
  0x00,0x00,0x00,0x00,0x00,0x00,0x00,0x00,0x00,0x00,0x00,0x00,0x00,0x00,0x00,0x00,
  0x00,0x00,0x00,0x00,0x00,0x00,0x00,0x00,0x00,0x00,0x00,0x00,0x00,0x00,0x00,0x00,
  0x00,0x00,0x00,0x00,0x00,0x00,0x00,0x00,0x00,0x00,0x00,0x00,0x00,0x00,0x00,0x00,
  0x00,0x00,0x00,0x00,0x00,0x00,0x00,0x00,0x00,0x00,0x00,0x00,0x00,0x00,0x00,0x00,
  0x00,0x00,0x00,0x00,0x00,0x00,0x00,0x00,0x00,0x00,0x00,0x00,0x00,0x00,0x00,0x00,
  0x00,0x00,0x00,0x00,0x00,0x00,0x00,0x00,0x00,0x00,0x00,0x00,0x00,0x00,0x00,0x00,
  0x00,0x00,0x00,0x00,0x00,0x00,0x00,0x00,0x00,0x00,0x00,0x00,0x00,0x00,0x00,0x00,
  0x00,0x00,0x00,0x00,0x00,0x00,0x00,0x00,0x00,0x00,0x00,0x00,0x00,0x00,0x00,0x00,
  0x00,0x00,0x00,0x00,0x00,0x00,0x00,0x00,0x00,0x00,0x00,0x00,0x00,0x00,0x00,0x00,
  0x00,0x00,0x00,0x00,0x00,0x00,0x00,0x00,0x00,0x00,0x00,0x00,0x00,0x00,0x00,0x00,
  0x00,0x00,0x00,0x00,0x00,0x00,0x00,0x00,0x00,0x00,0x00,0x00,0x00,0x00,0x00,0x00,
  0x00,0x00,0x00,0x00,0x00,0x00,0x00,0x00,0x00,0x00,0x00,0x00,0x00,0x00,0x00,0x00,
  0x00,0x00,0x00,0x00,0x00,0x00,0x00,0x00,0x00,0x00,0x00,0x00,0x00,0x00,0x00,0x00,
  0x00,0x00,0x00,0x00,0x00,0x00,0x00,0x00,0x00,0x00,0x00,0x00,0x00,0x00,0x00,0x00,
  0x00,0x00,0x00,0x00,0x00,0x00,0x00,0x00,0x00,0x00,0x00,0x00,0x00,0x00,0x00,0x00,
  0x00,0x00,0x00,0x00,0x00,0x00,0x00,0x00,0x00,0x00,0x00,0x00,0x00,0x00,0x00,0x00,
  0x00,0x00,0x00,0x00,0x00,0x00,0x00,0x00,0x00,0x00,0x00,0x00,0x00,0x00,0x00,0x00,
  0x00,0x00,0x00,0x00,0x00,0x00,0x00,0x00,0x00,0x00,0x00,0x00,0x00,0x00,0x00,0x00,
  0x00,0x00,0x00,0x00,0x00,0x00,0x00,0x00,0x00,0x00,0x00,0x00,0x00,0x00,0x00,0x00,
  0x00,0x00,0x00,0x00,0x00,0x00,0x00,0x00,0x00,0x00,0x00,0x00,0x00,0x00,0x00,0x00,
  0x00,0x00,0x00,0x00,0x00,0x00,0x00,0x00,0x00,0x00,0x00,0x00,0x00,0x00,0x00,0x00,
  0x00,0x00,0x00,0x00,0x00,0x00,0x00,0x00,0x00,0x00,0x00,0x00,0x00,0x00,0x00,0x00,
  0x00,0x00,0x00,0x00,0x00,0x00,0x00,0x00,0x00,0x00,0x00,0x00,0x00,0x00,0x00,0x00,
  0x00,0x00,0x00,0x00,0x00,0x00,0x00,0x00,0x00,0x00,0x00,0x00,0x00,0x00,0x00,0x00,
  0x00,0x00,0x00,0x00,0x00,0x00,0x00,0x00,0x00,0x00,0x00,0x00,0x00,0x00,0x00,0x00,
  0x00,0x00,0x00,0x00,0x00,0x00,0x00,0x00,0x00,0x00,0x00,0x00,0x00,0x00,0x00,0x00,
  0x00,0x00,0x00,0x00,0x00,0x00,0x00,0x00,0x00,0x00,0x00,0x00,0x00,0x00,0x00,0x00,
  0x00,0x00,0x00,0x00,0x00,0x00,0x00,0x00,0x00,0x00,0x00,0x00,0x00,0x00,0x00,0x00,
  0x00,0x00,0x00,0x00,0x00,0x00,0x00,0x00,0x00,0x00,0x00,0x00,0x00,0x00,0x00,0x00,
  0x00,0x00,0x00,0x00,0x00,0x00,0x00,0x00,0x00,0x00,0x00,0x00,0x00,0x00,0x00,0x00,
  0x00,0x00,0x00,0x00,0x00,0x00,0x00,0x00,0x00,0x00,0x00,0x00,0x00,0x00,0x00,0x00,
  0x00,0x00,0x00,0x00,0x00,0x00,0x00,0x00,0x00,0x00,0x00,0x00,0x00,0x00,0x00,0x00,
  0x00,0x00,0x00,0x00,0x00,0x00,0x00,0x00,0x00,0x00,0x00,0x00,0x00,0x00,0x00,0x00,
  0x00,0x00,0x00,0x00,0x00,0x00,0x00,0x00,0x00,0x00,0x00,0x00,0x00,0x00,0x00,0x00,
  0x00,0x00,0x00,0x00,0x00,0x00,0x00,0x00,0x00,0x00,0x00,0x00,0x00,0x00,0x00,0x00,
  0x00,0x00,0x00,0x00,0x00,0x00,0x00,0x00,0x00,0x00,0x00,0x00,0x00,0x00,0x00,0x00,
  0x00,0x00,0x00,0x00,0x00,0x00,0x00,0x00,0x00,0x00,0x00,0x00,0x00,0x00,0x00,0x00,
  0x00,0x00,0x00,0x00,0x00,0x00,0x00,0x00,0x00,0x00,0x00,0x00,0x00,0x00,0x00,0x00,
  0x00,0x00,0x00,0x00,0x00,0x00,0x00,0x00,0x00,0x00,0x00,0x00,0x00,0x00,0x00,0x00,
  0x00,0x00,0x00,0x00,0x00,0x00,0x00,0x00,0x00,0x00,0x00,0x00,0x00,0x00,0x00,0x00,
  0x00,0x00,0x00,0x00,0x00,0x00,0x00,0x00,0x00,0x00,0x00,0x00,0x00,0x00,0x00,0x00,
  0x00,0x00,0x00,0x00,0x00,0x00,0x00,0x00,0x00,0x00,0x00,0x00,0x00,0x00,0x00,0x00,
  0x00,0x00,0x00,0x00,0x00,0x00,0x00,0x00,0x00,0x00,0x00,0x00,0x00,0x00,0x00,0x00,
  0x00,0x00,0x00,0x00,0x00,0x00,0x00,0x00,0x00,0x00,0x00,0x00,0x00,0x00,0x00,0x00,
  0x00,0x00,0x00,0x00,0x00,0x00,0x00,0x00,0x00,0x00,0x00,0x00,0x00,0x00,0x00,0x00,
  0x00,0x00,0x00,0x00,0x00,0x00,0x00,0x00,0x00,0x00,0x00,0x00,0x00,0x00,0x00,0x00,
  0x00,0x00,0x00,0x00,0x00,0x00,0x00,0x00,0x00,0x00,0x00,0x00,0x00,0x00,0x00,0x00,
  0x00,0x00,0x00,0x00,0x00,0x00,0x00,0x00,0x00,0x00,0x00,0x00,0x00,0x00,0x00,0x00,
  0x00,0x00,0x00,0x00,0x00,0x00,0x00,0x00,0x00,0x00,0x00,0x00,0x00,0x00,0x00,0x00,
  0x00,0x00,0x00,0x00,0x00,0x00,0x00,0x00,0x00,0x00,0x00,0x00,0x00,0x00,0x00,0x00,
  0x00,0x00,0x00,0x00,0x00,0x00,0x00,0x00,0x00,0x00,0x00,0x00,0x00,0x00,0x00,0x00,
  0x00,0x00,0x00,0x00,0x00,0x00,0x00,0x00,0x00,0x00,0x00,0x00,0x00,0x00,0x00,0x00,
  0x00,0x00,0x00,0x00,0x00,0x00,0x00,0x00,0x00,0x00,0x00,0x00,0x00,0x00,0x00,0x00,
  0x00,0x00,0x00,0x00,0x00,0x00,0x00,0x00,0x00,0x00,0x00,0x00,0x00,0x00,0x00,0x00,
  0x00,0x00,0x00,0x00,0x00,0x00,0x00,0x00,0x00,0x00,0x00,0x00,0x00,0x00,0x00,0x00,
  0x00,0x00,0x00,0x00,0x00,0x00,0x00,0x00,0x00,0x00,0x00,0x00,0x00,0x00,0x00,0x00,
  0x00,0x00,0x00,0x00,0x00,0x00,0x00,0x00,0x00,0x00,0x00,0x00,0x00,0x00,0x00,0x00,
  0x00,0x00,0x00,0x00,0x00,0x00,0x00,0x00,0x00,0x00,0x00,0x00,0x00,0x00,0x00,0x00,
  0x00,0x00,0x00,0x00,0x00,0x00,0x00,0x00,0x00,0x00,0x00,0x00,0x00,0x00,0x00,0x00,
  0x00,0x00,0x00,0x00,0x00,0x00,0x00,0x00,0x00,0x00,0x00,0x00,0x00,0x00,0x00,0x00,
  0x00,0x00,0x00,0x00,0x00,0x00,0x00,0x00,0x00,0x00,0x00,0x00,0x00,0x00,0x00,0x00,
  0x00,0x00,0x00,0x00,0x00,0x00,0x00,0x00,0x00,0x00,0x00,0x00,0x00,0x00,0x00,0x00,
  0x00,0x00,0x00,0x00,0x00,0x00,0x00,0x00,0x00,0x00,0x00,0x00,0x00,0x00,0x00,0x00,
  0x00,0x00,0x00,0x00,0x00,0x00,0x00,0x00,0x00,0x00,0x00,0x00,0x00,0x00,0x00,0x00,
  0x00,0x00,0x00,0x00,0x00,0x00,0x00,0x00,0x00,0x00,0x00,0x01,0x01,0x01,0x01,0x01,
  0x01,0x01,0x01,0x01,0x01,0x01,0x01,0x01,0x00,0x00,0x00,0x00,0x00,0x00,0x00,0x00,
  0x00,0x00,0x00,0x00,0x00,0x00,0x00,0x00,0x00,0x00,0x00,0x00,0x00,0x00,0x00,0x00,
  0x00,0x00,0x00,0x00,0x00,0x00,0x00,0x00,0x00,0x00,0x00,0x00,0x00,0x00,0x00,0x00,
  0x00,0x00,0x00,0x00,0x00,0x00,0x00,0x00,0x01,0x01,0x01,0x01,0x01,0x01,0x01,0x01,
  0x01,0x01,0x01,0x01,0x01,0x00,0x00,0x00,0x00,0x00,0x00,0x00,0x00,0x00,0x00,0x00,
  0x00,0x00,0x00,0x00,0x00,0x00,0x00,0x00,0x00,0x00,0x00,0x00,0x00,0x00,0x00,0x00,
  0x00,0x00,0x00,0x00,0x00,0x00,0x00,0x00,0x00,0x00,0x00,0x00,0x00,0x00,0x00,0x00,
  0x00,0x00,0x00,0x00,0x00,0x00,0x00,0x00,0x00,0x00,0x00,0x00,0x00,0x00,0x00,0x00,
  0x00,0x00,0x00,0x00,0x00,0x00,0x00,0x00,0x00,0x00,0x00,0x00,0x00,0x00,0x00,0x00,
  0x00,0x00,0x00,0x00,0x00,0x00,0x00,0x00,0x00,0x00,0x00,0x00,0x00,0x00,0x00,0x00,
  0x00,0x00,0x00,0x00,0x00,0x00,0x00,0x00,0x00,0x00,0x00,0x00,0x00,0x00,0x00,0x00,
  0x00,0x00,0x00,0x00,0x00,0x00,0x00,0x00,0x00,0x00,0x00,0x05,0x08,0x08,0x08,0x09,
  0x09,0x08,0x08,0x09,0x09,0x08,0x08,0x05,0x00,0x00,0x00,0x00,0x00,0x00,0x00,0x00,
  0x00,0x00,0x00,0x00,0x00,0x00,0x00,0x00,0x00,0x00,0x00,0x00,0x00,0x00,0x00,0x00,
  0x00,0x00,0x00,0x00,0x00,0x00,0x00,0x00,0x00,0x00,0x00,0x00,0x00,0x00,0x00,0x00,
  0x00,0x00,0x00,0x00,0x00,0x00,0x00,0x00,0x04,0x08,0x08,0x08,0x08,0x08,0x08,0x08,
  0x09,0x09,0x08,0x08,0x05,0x00,0x00,0x00,0x00,0x00,0x00,0x00,0x00,0x00,0x00,0x00,
  0x00,0x00,0x00,0x00,0x00,0x00,0x00,0x00,0x00,0x01,0x00,0xa6,0xe0,0xdb,0xde,0xdf,
  0xdf,0xde,0xde,0xde,0xde,0xdb,0xe0,0x97,0x00,0x02,0x00,0x00,0x00,0x00,0x00,0x00,
  0x00,0x00,0x00,0x00,0x00,0x00,0x00,0x00,0x00,0x00,0x00,0x00,0x00,0x00,0x00,0x00,
  0x00,0x00,0x00,0x00,0x00,0x00,0x00,0x00,0x00,0x00,0x00,0x00,0x00,0x00,0x00,0x00,
  0x00,0x00,0x00,0x00,0x00,0x00,0x02,0x00,0x9a,0xe0,0xdb,0xdd,0xdd,0xde,0xde,0xde,
  0xde,0xde,0xdb,0xe0,0xa4,0x00,0x01,0x00,0x00,0x00,0x00,0x00,0x00,0x00,0x00,0x00,
  0x00,0x00,0x00,0x00,0x00,0x00,0x00,0x00,0x00,0x01,0x00,0xc8,0xff,0xff,0xff,0xff,
  0xff,0xff,0xff,0xff,0xff,0xff,0xff,0xb9,0x03,0x05,0x03,0x01,0x00,0x00,0x00,0x00,
  0x00,0x00,0x00,0x00,0x00,0x00,0x00,0x00,0x00,0x00,0x00,0x00,0x00,0x00,0x00,0x00,
  0x00,0x00,0x00,0x00,0x00,0x00,0x00,0x00,0x00,0x00,0x00,0x00,0x00,0x00,0x00,0x00,
  0x00,0x00,0x00,0x00,0x01,0x03,0x05,0x03,0xbb,0xff,0xff,0xff,0xff,0xff,0xff,0xff,
  0xff,0xff,0xff,0xff,0xc9,0x00,0x01,0x00,0x00,0x00,0x00,0x00,0x00,0x00,0x00,0x00,
  0x00,0x00,0x00,0x00,0x00,0x00,0x00,0x00,0x00,0x01,0x00,0xc3,0xfd,0xf8,0xfc,0xfc,
  0xfc,0xfc,0xfc,0xfb,0xfb,0xf8,0xfd,0xb3,0x00,0x00,0x00,0x00,0x00,0x00,0x00,0x00,
  0x00,0x00,0x00,0x00,0x00,0x00,0x00,0x00,0x00,0x00,0x00,0x00,0x00,0x00,0x00,0x00,
  0x00,0x00,0x00,0x00,0x00,0x00,0x00,0x00,0x00,0x00,0x00,0x00,0x00,0x00,0x00,0x00,
  0x00,0x00,0x00,0x00,0x00,0x00,0x00,0x00,0xb2,0xfd,0xf8,0xfb,0xfc,0xfc,0xfc,0xfb,
  0xfb,0xfb,0xf8,0xfd,0xc4,0x00,0x01,0x00,0x00,0x00,0x00,0x00,0x00,0x00,0x00,0x00,
  0x00,0x00,0x00,0x00,0x00,0x00,0x00,0x00,0x00,0x01,0x00,0xc5,0xff,0xfa,0xfe,0xfe,
  0xfe,0xfe,0xfe,0xfe,0xfd,0xfb,0xfe,0xd0,0x53,0x53,0x56,0x18,0x00,0x01,0x00,0x00,
  0x00,0x00,0x00,0x00,0x00,0x00,0x00,0x00,0x00,0x00,0x00,0x00,0x00,0x00,0x00,0x00,
  0x00,0x00,0x00,0x00,0x00,0x00,0x00,0x00,0x00,0x00,0x00,0x00,0x00,0x00,0x00,0x00,
  0x00,0x00,0x01,0x00,0x17,0x50,0x50,0x50,0xd2,0xff,0xfb,0xfe,0xfe,0xfe,0xfe,0xfe,
  0xfd,0xfd,0xfa,0xff,0xc3,0x00,0x01,0x00,0x00,0x00,0x00,0x00,0x00,0x00,0x00,0x00,
  0x00,0x00,0x00,0x00,0x00,0x00,0x00,0x00,0x00,0x01,0x00,0xc7,0xff,0xfb,0xfe,0xfe,
  0xfe,0xfe,0xfe,0xfe,0xfe,0xfd,0xfd,0xff,0xff,0xff,0xff,0x4f,0x02,0x05,0x01,0x00,
  0x00,0x00,0x00,0x00,0x00,0x00,0x00,0x00,0x00,0x00,0x00,0x00,0x00,0x00,0x00,0x00,
  0x00,0x00,0x00,0x00,0x00,0x00,0x00,0x00,0x00,0x00,0x00,0x00,0x00,0x00,0x00,0x00,
  0x00,0x01,0x05,0x02,0x54,0xff,0xff,0xff,0xff,0xfd,0xfe,0xfe,0xfe,0xfe,0xfe,0xfe,
  0xfe,0xfd,0xfa,0xff,0xc4,0x00,0x01,0x00,0x00,0x00,0x00,0x00,0x00,0x00,0x00,0x00,
  0x00,0x00,0x00,0x00,0x00,0x00,0x00,0x00,0x00,0x00,0x00,0xc9,0xff,0xfb,0xfe,0xfe,
  0xfe,0xfe,0xfe,0xfe,0xfe,0xfe,0xfd,0xfc,0xfa,0xf7,0xfc,0x48,0x00,0x00,0x00,0x00,
  0x00,0x00,0x00,0x00,0x00,0x00,0x00,0x00,0x00,0x00,0x00,0x00,0x00,0x00,0x00,0x00,
  0x00,0x00,0x00,0x00,0x00,0x00,0x00,0x00,0x00,0x00,0x00,0x00,0x00,0x00,0x00,0x00,
  0x00,0x00,0x00,0x00,0x4d,0xfd,0xf7,0xfa,0xfc,0xfd,0xfe,0xfe,0xfe,0xfe,0xfe,0xfe,
  0xfe,0xfd,0xfa,0xff,0xc6,0x00,0x01,0x00,0x00,0x00,0x00,0x00,0x00,0x00,0x00,0x00,
  0x00,0x00,0x00,0x00,0x00,0x00,0x00,0x00,0x00,0x00,0x00,0xc8,0xff,0xfb,0xfd,0xfe,
  0xfe,0xfe,0xfe,0xfe,0xfe,0xfe,0xfe,0xfe,0xfd,0xfb,0xff,0x68,0x21,0x27,0x1a,0x00,
  0x00,0x00,0x00,0x00,0x00,0x00,0x00,0x00,0x00,0x00,0x00,0x00,0x00,0x00,0x00,0x00,
  0x00,0x00,0x00,0x00,0x00,0x00,0x00,0x00,0x00,0x00,0x00,0x00,0x00,0x00,0x00,0x00,
  0x00,0x1b,0x26,0x1e,0x6b,0xff,0xfa,0xfd,0xfd,0xfe,0xfe,0xfe,0xfe,0xfe,0xfe,0xfe,
  0xfe,0xfe,0xfa,0xff,0xc7,0x00,0x01,0x00,0x00,0x00,0x00,0x00,0x00,0x00,0x00,0x00,
  0x00,0x00,0x00,0x00,0x00,0x00,0x00,0x00,0x00,0x00,0x00,0xc8,0xff,0xfb,0xfd,0xfe,
  0xfe,0xfe,0xfe,0xfe,0xfe,0xfe,0xfe,0xfe,0xfd,0xfd,0xfd,0xf8,0xf2,0xf8,0xc7,0x03,
  0x01,0x02,0x01,0x01,0x01,0x01,0x01,0x00,0x00,0x00,0x00,0x00,0x00,0x00,0x00,0x00,
  0x00,0x00,0x00,0x00,0x00,0x00,0x00,0x00,0x00,0x01,0x01,0x01,0x01,0x01,0x02,0x01,
  0x01,0xc4,0xf7,0xf0,0xf8,0xfd,0xfe,0xfe,0xfe,0xfe,0xfe,0xfe,0xfe,0xfe,0xfe,0xfd,
  0xfe,0xfd,0xfa,0xff,0xc5,0x00,0x01,0x00,0x00,0x00,0x00,0x00,0x00,0x00,0x00,0x00,
  0x00,0x00,0x00,0x00,0x00,0x00,0x00,0x00,0x00,0x00,0x00,0xc8,0xff,0xfb,0xfd,0xfe,
  0xfe,0xfe,0xfe,0xfe,0xfe,0xfe,0xfe,0xfe,0xfe,0xfd,0xfd,0xfe,0xfc,0xff,0xd5,0x00,
  0x00,0x00,0x00,0x00,0x00,0x00,0x00,0x00,0x00,0x00,0x00,0x00,0x00,0x00,0x00,0x00,
  0x00,0x00,0x00,0x00,0x00,0x00,0x00,0x00,0x00,0x00,0x00,0x00,0x00,0x00,0x00,0x00,
  0x00,0xcf,0xff,0xfd,0xfe,0xfd,0xfe,0xfe,0xfe,0xfe,0xfe,0xfe,0xfe,0xfe,0xfd,0xfd,
  0xfe,0xfd,0xfa,0xff,0xc5,0x00,0x01,0x00,0x00,0x00,0x00,0x00,0x00,0x00,0x00,0x00,
  0x00,0x00,0x00,0x00,0x00,0x00,0x00,0x00,0x00,0x00,0x00,0xc6,0xfd,0xf8,0xfd,0xfe,
  0xfe,0xfe,0xfe,0xfe,0xfe,0xfe,0xfe,0xfe,0xfe,0xfe,0xfd,0xfc,0xfa,0xfe,0xdb,0x21,
  0x19,0x1a,0x1a,0x1a,0x19,0x1a,0x13,0x00,0x00,0x00,0x00,0x00,0x00,0x00,0x00,0x00,
  0x00,0x00,0x00,0x00,0x00,0x00,0x00,0x00,0x00,0x11,0x18,0x18,0x19,0x19,0x1a,0x19,
  0x1d,0xd6,0xfe,0xfa,0xfd,0xfe,0xfe,0xfe,0xfe,0xfe,0xfe,0xfe,0xfe,0xfe,0xfe,0xfe,
  0xfd,0xfd,0xf8,0xfd,0xc5,0x00,0x01,0x00,0x00,0x00,0x00,0x00,0x00,0x00,0x00,0x00,
  0x00,0x00,0x00,0x00,0x00,0x00,0x00,0x00,0x00,0x01,0x00,0xcd,0xff,0xff,0xfd,0xfe,
  0xfe,0xfe,0xfe,0xfe,0xfe,0xfe,0xfe,0xfe,0xfe,0xfe,0xfe,0xfd,0xfd,0xfd,0xfc,0xf1,
  0xef,0xef,0xef,0xef,0xec,0xf3,0xbb,0x00,0x01,0x00,0x00,0x00,0x00,0x00,0x00,0x00,
  0x00,0x00,0x00,0x00,0x00,0x00,0x00,0x01,0x00,0xb5,0xf1,0xeb,0xef,0xef,0xef,0xef,
  0xf0,0xfb,0xfd,0xfe,0xfe,0xfe,0xfe,0xfe,0xfe,0xfe,0xfe,0xfe,0xfe,0xfe,0xfe,0xfe,
  0xfd,0xfd,0xff,0xff,0xce,0x00,0x01,0x00,0x00,0x00,0x00,0x00,0x00,0x00,0x00,0x00,
  0x00,0x00,0x00,0x00,0x00,0x00,0x00,0x00,0x00,0x01,0x00,0x9a,0xcd,0xd7,0xfc,0xfd,
  0xfe,0xfe,0xfe,0xfe,0xfe,0xfe,0xfe,0xfe,0xfe,0xfe,0xfe,0xfe,0xfd,0xfd,0xfd,0xff,
  0xff,0xff,0xff,0xff,0xfd,0xff,0xca,0x03,0x03,0x03,0x03,0x03,0x03,0x03,0x03,0x03,
  0x03,0x03,0x03,0x03,0x03,0x03,0x03,0x03,0x03,0xcc,0xff,0xfe,0xff,0xff,0xff,0xff,
  0xff,0xfd,0xfd,0xfe,0xfe,0xfe,0xfe,0xfe,0xfe,0xfe,0xfe,0xfe,0xfe,0xfe,0xfe,0xfd,
  0xfd,0xfb,0xd5,0xd0,0x99,0x00,0x01,0x00,0x00,0x00,0x00,0x00,0x00,0x00,0x00,0x00,
  0x00,0x00,0x00,0x00,0x00,0x00,0x00,0x00,0x00,0x00,0x00,0x00,0x00,0x14,0xe6,0xff,
  0xfc,0xfe,0xfe,0xfe,0xfe,0xfe,0xfe,0xfe,0xfe,0xfe,0xfe,0xfe,0xfd,0xfd,0xfd,0xfc,
  0xfc,0xfc,0xfc,0xfc,0xfa,0xfe,0xc7,0x00,0x00,0x00,0x00,0x00,0x00,0x00,0x00,0x00,
  0x00,0x00,0x00,0x00,0x00,0x00,0x00,0x00,0x00,0xc7,0xfe,0xfa,0xfc,0xfc,0xfc,0xfc,
  0xfd,0xfd,0xfd,0xfe,0xfe,0xfe,0xfe,0xfe,0xfe,0xfe,0xfe,0xfe,0xfe,0xfe,0xfe,0xfc,
  0xff,0xe5,0x11,0x00,0x00,0x00,0x00,0x00,0x00,0x00,0x00,0x00,0x00,0x00,0x00,0x00,
  0x00,0x00,0x00,0x00,0x00,0x00,0x00,0x00,0x00,0x00,0x00,0x01,0x00,0x0a,0xe0,0xff,
  0xfc,0xfe,0xfe,0xfe,0xfe,0xfe,0xfe,0xfe,0xfe,0xfe,0xfe,0xfe,0xfe,0xfd,0xfd,0xfe,
  0xfe,0xfe,0xfd,0xfd,0xfd,0xfe,0xec,0x9f,0x9d,0x9e,0x9d,0x9d,0x9e,0xa2,0x9f,0x9d,
  0x9e,0x9e,0x9d,0x9b,0x9a,0x9b,0x9c,0x99,0x99,0xea,0xfe,0xfd,0xfe,0xfe,0xfe,0xfe,
  0xfe,0xfe,0xfe,0xfe,0xfe,0xfe,0xfe,0xfe,0xfe,0xfe,0xfd,0xfe,0xfe,0xfe,0xfe,0xfb,
  0xff,0xdf,0x0a,0x00,0x01,0x00,0x00,0x00,0x00,0x00,0x00,0x00,0x00,0x00,0x00,0x00,
  0x00,0x00,0x00,0x00,0x00,0x00,0x00,0x00,0x00,0x00,0x00,0x01,0x00,0x0b,0xdb,0xfb,
  0xf8,0xfd,0xfd,0xfe,0xfe,0xfe,0xfe,0xfe,0xfe,0xfe,0xfe,0xfe,0xfe,0xfe,0xfe,0xfe,
  0xfe,0xfe,0xfe,0xfe,0xfe,0xfd,0xff,0xff,0xff,0xff,0xff,0xff,0xff,0xff,0xff,0xff,
  0xff,0xff,0xff,0xff,0xff,0xff,0xff,0xff,0xff,0xff,0xfd,0xfe,0xfe,0xfe,0xfe,0xfe,
  0xfe,0xfe,0xfe,0xfe,0xfe,0xfe,0xfe,0xfe,0xfe,0xfd,0xfe,0xfd,0xfd,0xfe,0xfe,0xf8,
  0xfb,0xdd,0x0c,0x01,0x01,0x00,0x00,0x00,0x00,0x00,0x00,0x00,0x00,0x00,0x00,0x00,
  0x00,0x00,0x00,0x00,0x00,0x00,0x00,0x00,0x00,0x00,0x00,0x01,0x00,0x0b,0xec,0xff,
  0xff,0xfe,0xfd,0xfd,0xfe,0xfe,0xfe,0xfe,0xfe,0xfe,0xfe,0xfe,0xfe,0xfe,0xfe,0xfe,
  0xfe,0xfe,0xfe,0xfe,0xfe,0xfd,0xfc,0xfa,0xfa,0xfa,0xfa,0xf9,0xfa,0xfa,0xfa,0xfa,
  0xfa,0xfa,0xfa,0xfa,0xfa,0xfa,0xfa,0xfa,0xf9,0xfc,0xfe,0xfe,0xfe,0xfe,0xfe,0xfe,
  0xfe,0xfe,0xfe,0xfe,0xfe,0xfe,0xfe,0xfe,0xfe,0xfe,0xfe,0xfd,0xfd,0xfe,0xff,0xff,
  0xff,0xeb,0x0b,0x00,0x01,0x00,0x00,0x00,0x00,0x00,0x00,0x00,0x00,0x00,0x00,0x00,
  0x00,0x00,0x00,0x00,0x00,0x00,0x00,0x00,0x00,0x00,0x00,0x00,0x00,0x04,0x5e,0x6c,
  0x77,0xf3,0xfe,0xfc,0xfe,0xfe,0xfe,0xfe,0xfe,0xfe,0xfe,0xfe,0xfe,0xfe,0xfe,0xfe,
  0xfe,0xfe,0xfe,0xfe,0xfe,0xfd,0xfd,0xfd,0xfd,0xfd,0xfd,0xfd,0xfd,0xfd,0xfd,0xfd,
  0xfd,0xfd,0xfe,0xfe,0xfe,0xfe,0xfe,0xfe,0xfe,0xfe,0xfe,0xfe,0xfe,0xfe,0xfe,0xfe,
  0xfe,0xfe,0xfe,0xfe,0xfe,0xfe,0xfe,0xfe,0xfe,0xfe,0xfe,0xfd,0xfd,0xfe,0xf5,0x7c,
  0x6d,0x5d,0x04,0x00,0x00,0x00,0x00,0x00,0x00,0x00,0x00,0x00,0x00,0x00,0x00,0x00,
  0x00,0x00,0x00,0x00,0x00,0x00,0x00,0x00,0x00,0x00,0x00,0x00,0x00,0x01,0x00,0x00,
  0x0a,0xec,0xff,0xfc,0xfe,0xfe,0xfe,0xfe,0xfe,0xfe,0xfe,0xfe,0xfe,0xfe,0xfe,0xfe,
  0xfe,0xfe,0xfe,0xfe,0xfe,0xfe,0xfd,0xfd,0xfd,0xfd,0xfd,0xfd,0xfd,0xfd,0xfd,0xfd,
  0xfd,0xfe,0xfe,0xfe,0xfe,0xfe,0xfe,0xfe,0xfe,0xfe,0xfe,0xfe,0xfe,0xfe,0xfe,0xfe,
  0xfe,0xfe,0xfe,0xfe,0xfe,0xfe,0xfe,0xfe,0xfe,0xfe,0xfe,0xfd,0xfc,0xff,0xec,0x09,
  0x00,0x00,0x00,0x00,0x00,0x00,0x00,0x00,0x00,0x00,0x00,0x00,0x00,0x00,0x00,0x00,
  0x00,0x00,0x00,0x00,0x00,0x00,0x00,0x00,0x00,0x00,0x00,0x00,0x00,0x00,0x00,0x00,
  0x0e,0xec,0xff,0xfc,0xfe,0xfe,0xfe,0xfe,0xfe,0xfe,0xfe,0xfe,0xfe,0xfe,0xfe,0xfe,
  0xfe,0xfe,0xfe,0xfe,0xfe,0xfe,0xfe,0xfe,0xfd,0xfd,0xfe,0xfe,0xfd,0xfe,0xfe,0xfd,
  0xfe,0xfe,0xfe,0xfe,0xfe,0xfe,0xfe,0xfe,0xfe,0xfe,0xfe,0xfe,0xfe,0xfe,0xfe,0xfe,
  0xfe,0xfe,0xfe,0xfe,0xfe,0xfe,0xfe,0xfe,0xfe,0xfe,0xfe,0xfe,0xfc,0xff,0xeb,0x0d,
  0x00,0x00,0x00,0x00,0x00,0x00,0x00,0x00,0x00,0x00,0x00,0x00,0x00,0x00,0x00,0x00,
  0x00,0x00,0x00,0x00,0x00,0x00,0x00,0x00,0x00,0x00,0x00,0x01,0x00,0x1d,0x3f,0x39,
  0x4d,0xf0,0xff,0xfd,0xfe,0xfe,0xfe,0xfe,0xfe,0xfe,0xfe,0xfe,0xfe,0xfe,0xfe,0xfe,
  0xfe,0xfe,0xfe,0xfe,0xfe,0xfe,0xfe,0xfe,0xfe,0xfe,0xfe,0xfe,0xfe,0xfe,0xfe,0xfe,
  0xfe,0xfe,0xfe,0xfe,0xfe,0xfe,0xfe,0xfe,0xfe,0xfe,0xfe,0xfe,0xfe,0xfe,0xfe,0xfe,
  0xfe,0xfe,0xfe,0xfe,0xfe,0xfe,0xfe,0xfe,0xfe,0xfe,0xfe,0xfe,0xfc,0xff,0xf0,0x50,
  0x39,0x39,0x17,0x00,0x01,0x00,0x00,0x00,0x00,0x00,0x00,0x00,0x00,0x00,0x00,0x00,
  0x00,0x00,0x00,0x00,0x00,0x00,0x00,0x00,0x00,0x00,0x00,0x04,0x00,0x7e,0xff,0xfd,
  0xff,0xfd,0xfd,0xfe,0xfe,0xfe,0xfe,0xfe,0xfe,0xfe,0xfe,0xfe,0xfe,0xfe,0xfe,0xfe,
  0xfe,0xfe,0xfe,0xfe,0xfe,0xfe,0xfe,0xfe,0xfe,0xfe,0xfe,0xfe,0xfe,0xfe,0xfe,0xfe,
  0xfe,0xfe,0xfe,0xfe,0xfe,0xfe,0xfe,0xfe,0xfe,0xfe,0xfe,0xfe,0xfe,0xfe,0xfe,0xfe,
  0xfe,0xfe,0xfe,0xfe,0xfe,0xfe,0xfe,0xfe,0xfe,0xfe,0xfe,0xfe,0xfe,0xfd,0xfd,0xff,
  0xfe,0xff,0x76,0x00,0x04,0x00,0x00,0x00,0x00,0x00,0x00,0x00,0x00,0x00,0x00,0x00,
  0x00,0x00,0x00,0x00,0x00,0x00,0x00,0x00,0x00,0x00,0x03,0x07,0x03,0x7d,0xfe,0xf8,
  0xfc,0xfd,0xfd,0xfe,0xfe,0xfe,0xfe,0xfe,0xfe,0xfe,0xfe,0xfe,0xfe,0xfe,0xfe,0xfe,
  0xfe,0xfe,0xfe,0xfe,0xfe,0xfe,0xfe,0xfe,0xfe,0xfe,0xfe,0xfe,0xfe,0xfe,0xfe,0xfe,
  0xfe,0xfe,0xfe,0xfe,0xfe,0xfe,0xfe,0xfe,0xfe,0xfe,0xfe,0xfe,0xfe,0xfe,0xfe,0xfe,
  0xfe,0xfe,0xfe,0xfe,0xfe,0xfe,0xfe,0xfe,0xfe,0xfe,0xfe,0xfe,0xfe,0xfd,0xfd,0xfc,
  0xf8,0xfe,0x79,0x03,0x07,0x03,0x00,0x00,0x00,0x00,0x00,0x00,0x00,0x00,0x00,0x00,
  0x00,0x00,0x00,0x00,0x00,0x00,0x00,0x00,0x00,0x00,0x00,0x00,0x00,0x73,0xff,0xf9,
  0xfd,0xfe,0xfe,0xfe,0xfe,0xfe,0xfe,0xfe,0xfe,0xfe,0xfe,0xfe,0xfe,0xfe,0xfe,0xfe,
  0xfe,0xfe,0xfe,0xfe,0xfe,0xfe,0xfe,0xfe,0xfe,0xfe,0xfe,0xfe,0xfe,0xfe,0xfe,0xfe,
  0xfe,0xfe,0xfe,0xfe,0xfe,0xfe,0xfe,0xfe,0xfe,0xfe,0xfe,0xfe,0xfe,0xfe,0xfe,0xfe,
  0xfe,0xfe,0xfe,0xfe,0xfe,0xfe,0xfe,0xfe,0xfe,0xfe,0xfe,0xfe,0xfe,0xfe,0xfd,0xfd,
  0xf9,0xff,0x72,0x00,0x00,0x00,0x00,0x00,0x00,0x00,0x00,0x00,0x00,0x00,0x00,0x00,
  0x00,0x00,0x00,0x00,0x00,0x00,0x00,0x00,0x00,0x08,0x3c,0x41,0x3b,0x9e,0xff,0xfa,
  0xfe,0xfe,0xfe,0xfe,0xfe,0xfe,0xfe,0xfe,0xfe,0xfe,0xfe,0xfe,0xfe,0xfe,0xfe,0xfe,
  0xfe,0xfe,0xfe,0xfe,0xfe,0xfe,0xfe,0xfe,0xfe,0xfe,0xfe,0xfe,0xfe,0xfe,0xfe,0xfe,
  0xfe,0xfe,0xfe,0xfe,0xfe,0xfe,0xfe,0xfe,0xfe,0xfe,0xfe,0xfe,0xfe,0xfe,0xfe,0xfe,
  0xfe,0xfe,0xfe,0xfe,0xfe,0xfe,0xfe,0xfe,0xfe,0xfe,0xfe,0xfe,0xfe,0xfe,0xfe,0xfe,
  0xfa,0xff,0x9c,0x3a,0x3e,0x3b,0x0a,0x00,0x00,0x00,0x00,0x00,0x00,0x00,0x00,0x00,
  0x00,0x00,0x00,0x00,0x00,0x00,0x00,0x02,0x00,0x29,0xff,0xff,0xff,0xff,0xfd,0xfd,
  0xfe,0xfe,0xfe,0xfe,0xfe,0xfe,0xfe,0xfe,0xfe,0xfe,0xfe,0xfe,0xfe,0xfe,0xfe,0xfe,
  0xfe,0xfe,0xfe,0xfe,0xfe,0xfe,0xfe,0xfe,0xfe,0xfe,0xfe,0xfe,0xfe,0xfe,0xfe,0xfe,
  0xfe,0xfe,0xfe,0xfe,0xfe,0xfe,0xfe,0xfe,0xfe,0xfe,0xfe,0xfe,0xfe,0xfe,0xfe,0xfe,
  0xfe,0xfe,0xfe,0xfe,0xfe,0xfe,0xfe,0xfe,0xfe,0xfe,0xfe,0xfe,0xfe,0xfe,0xfe,0xfe,
  0xfe,0xfd,0xff,0xff,0xff,0xff,0x29,0x00,0x02,0x00,0x00,0x00,0x00,0x00,0x00,0x00,
  0x00,0x00,0x00,0x00,0x00,0x00,0x02,0x04,0x02,0x2f,0xfc,0xfb,0xfb,0xfc,0xfd,0xfe,
  0xfe,0xfe,0xfe,0xfe,0xfe,0xfe,0xfe,0xfe,0xfe,0xfe,0xfe,0xfe,0xfe,0xfe,0xfe,0xfe,
  0xfe,0xfe,0xfe,0xfe,0xfe,0xfe,0xfe,0xfe,0xfe,0xfe,0xfe,0xfe,0xfe,0xfe,0xfe,0xfe,
  0xfe,0xfe,0xfe,0xfe,0xfe,0xfe,0xfe,0xfe,0xfe,0xfe,0xfe,0xfe,0xfe,0xfe,0xfe,0xfe,
  0xfe,0xfe,0xfe,0xfe,0xfe,0xfe,0xfe,0xfe,0xfe,0xfe,0xfe,0xfe,0xfe,0xfe,0xfe,0xfe,
  0xfe,0xfd,0xfc,0xfb,0xfc,0xfa,0x2a,0x02,0x04,0x02,0x00,0x00,0x00,0x00,0x00,0x00,
  0x00,0x00,0x00,0x00,0x00,0x00,0x00,0x00,0x00,0x26,0xff,0xfd,0xfd,0xfd,0xfe,0xfe,
  0xfe,0xfe,0xfe,0xfe,0xfe,0xfe,0xfe,0xfe,0xfe,0xfe,0xfe,0xfe,0xfe,0xfe,0xfe,0xfe,
  0xfe,0xfe,0xfe,0xfe,0xfe,0xfe,0xfe,0xfe,0xfe,0xfe,0xfe,0xfe,0xfe,0xfe,0xfe,0xfe,
  0xfe,0xfe,0xfe,0xfe,0xfe,0xfe,0xfe,0xfe,0xfe,0xfe,0xfe,0xfe,0xfe,0xfe,0xfe,0xfe,
  0xfe,0xfe,0xfe,0xfe,0xfe,0xfe,0xfe,0xfe,0xfe,0xfe,0xfe,0xfe,0xfe,0xfe,0xfe,0xfe,
  0xfe,0xfe,0xfd,0xfd,0xfd,0xfd,0x21,0x00,0x00,0x00,0x00,0x00,0x00,0x00,0x00,0x00,
  0x00,0x00,0x00,0x00,0x00,0x00,0x1e,0x32,0x30,0x5b,0xff,0xfd,0xfd,0xfe,0xfe,0xfe,
  0xfe,0xfe,0xfe,0xfe,0xfe,0xfe,0xfe,0xfe,0xfe,0xfe,0xfe,0xfe,0xfe,0xfe,0xfe,0xfe,
  0xfe,0xfe,0xfe,0xfe,0xfd,0xfd,0xfe,0xfe,0xfe,0xfe,0xfe,0xfe,0xfe,0xfe,0xfe,0xfe,
  0xfe,0xfe,0xfe,0xfe,0xfe,0xfe,0xfe,0xfe,0xfe,0xfe,0xfe,0xfe,0xfe,0xfe,0xfe,0xfe,
  0xfe,0xfe,0xfe,0xfe,0xfe,0xfe,0xfe,0xfd,0xfd,0xfe,0xfe,0xfe,0xfe,0xfe,0xfe,0xfe,
  0xfe,0xfe,0xfd,0xfd,0xfd,0xfe,0x5d,0x33,0x34,0x23,0x00,0x00,0x00,0x00,0x00,0x00,
  0x00,0x00,0x00,0x00,0x01,0x00,0xbb,0xff,0xfc,0xff,0xfd,0xfd,0xfd,0xfe,0xfe,0xfe,
  0xfe,0xfe,0xfe,0xfe,0xfe,0xfe,0xfe,0xfe,0xfe,0xfe,0xfe,0xfe,0xfe,0xfe,0xfe,0xfe,
  0xfe,0xfe,0xfe,0xfe,0xfd,0xfd,0xfe,0xfe,0xfe,0xfe,0xfe,0xfe,0xfe,0xfe,0xfe,0xfe,
  0xfe,0xfe,0xfe,0xfe,0xfe,0xfe,0xfe,0xfe,0xfe,0xfe,0xfe,0xfe,0xfe,0xfe,0xfe,0xfe,
  0xfe,0xfe,0xfe,0xfe,0xfe,0xfe,0xfe,0xfd,0xfd,0xfd,0xfe,0xfe,0xfe,0xfe,0xfe,0xfe,
  0xfe,0xfe,0xfe,0xfe,0xfe,0xfe,0xff,0xff,0xff,0xc6,0x00,0x01,0x00,0x00,0x00,0x00,
  0x00,0x00,0x01,0x03,0x03,0x02,0xc1,0xff,0xfa,0xfc,0xfd,0xfd,0xfd,0xfe,0xfe,0xfe,
  0xfe,0xfe,0xfe,0xfe,0xfe,0xfe,0xfe,0xfe,0xfe,0xfe,0xfe,0xfe,0xfe,0xfe,0xfe,0xfe,
  0xfe,0xfe,0xfe,0xfe,0xfe,0xfd,0xfe,0xfe,0xfe,0xfe,0xfe,0xfe,0xfe,0xfe,0xfe,0xfe,
  0xfe,0xfe,0xfe,0xfe,0xfe,0xfe,0xfe,0xfe,0xfe,0xfe,0xfe,0xfe,0xfe,0xfe,0xfe,0xfe,
  0xfe,0xfe,0xfe,0xfe,0xfe,0xfe,0xfe,0xfd,0xfd,0xfd,0xfd,0xfe,0xfe,0xfe,0xfe,0xfe,
  0xfe,0xfe,0xfe,0xfe,0xfe,0xfe,0xfd,0xfb,0xff,0xc8,0x02,0x02,0x03,0x01,0x00,0x00,
  0x00,0x00,0x00,0x00,0x00,0x00,0xc0,0xff,0xf9,0xfd,0xfe,0xfe,0xfe,0xfe,0xfe,0xfe,
  0xfe,0xfe,0xfe,0xfe,0xfe,0xfd,0xfe,0xfe,0xfe,0xfe,0xfe,0xfe,0xfe,0xfe,0xfe,0xfe,
  0xfe,0xfe,0xfe,0xfe,0xfe,0xfd,0xfd,0xfe,0xfe,0xfe,0xfe,0xfe,0xfe,0xfe,0xfe,0xfe,
  0xfe,0xfe,0xfe,0xfe,0xfe,0xfe,0xfe,0xfe,0xfe,0xfe,0xfe,0xfe,0xfe,0xfe,0xfe,0xfe,
  0xfe,0xfe,0xfe,0xfe,0xfe,0xfd,0xfd,0xfd,0xfd,0xfd,0xfd,0xfe,0xfe,0xfe,0xfe,0xfe,
  0xfe,0xfe,0xfe,0xfe,0xfe,0xfd,0xfd,0xfb,0xff,0xc5,0x00,0x00,0x00,0x00,0x00,0x00,
  0x03,0x00,0x3e,0xb4,0xb3,0xb8,0xf0,0xfe,0xfd,0xfd,0xfe,0xfe,0xfe,0xfe,0xfe,0xfe,
  0xfe,0xfe,0xfe,0xfe,0xfe,0xfd,0xfe,0xfe,0xfe,0xfe,0xfe,0xfe,0xfe,0xfe,0xfe,0xfe,
  0xfe,0xfe,0xfe,0xfe,0xfe,0xfe,0xfe,0xfe,0xfe,0xfe,0xfe,0xfe,0xfe,0xfe,0xfe,0xfe,
  0xfe,0xfe,0xfe,0xfe,0xfe,0xfe,0xfe,0xfe,0xfe,0xfd,0xfd,0xfd,0xfe,0xfe,0xfe,0xfe,
  0xfe,0xfe,0xfe,0xfe,0xfe,0xfd,0xfd,0xfd,0xfd,0xfd,0xfe,0xfe,0xfe,0xfe,0xfe,0xfe,
  0xfe,0xfe,0xfe,0xfe,0xfe,0xfe,0xfe,0xfe,0xfe,0xf1,0xbb,0xb3,0xb5,0x3d,0x00,0x03,
  0x04,0x00,0x5c,0xff,0xff,0xff,0xff,0xfe,0xfe,0xfe,0xfe,0xfe,0xfe,0xfe,0xfe,0xfe,
  0xfe,0xfe,0xfe,0xfe,0xfe,0xfe,0xfe,0xfe,0xfe,0xfe,0xfe,0xfe,0xfe,0xfe,0xfe,0xfe,
  0xfe,0xfe,0xfe,0xfe,0xfe,0xfe,0xfe,0xfe,0xfe,0xfe,0xfe,0xfe,0xfe,0xfe,0xfe,0xfe,
  0xfe,0xfe,0xfe,0xfe,0xfe,0xfd,0xfe,0xfe,0xfe,0xfd,0xfd,0xfd,0xfe,0xfe,0xfe,0xfe,
  0xfe,0xfe,0xfe,0xfe,0xfe,0xfd,0xfd,0xfd,0xfd,0xfd,0xfe,0xfe,0xfe,0xfe,0xfe,0xfe,
  0xfe,0xfe,0xfe,0xfe,0xfe,0xfe,0xfe,0xfe,0xfe,0xff,0xff,0xff,0xff,0x5f,0x00,0x04,
  0x04,0x00,0x52,0xfc,0xf7,0xfb,0xfd,0xfe,0xfe,0xfe,0xfe,0xfe,0xfe,0xfe,0xfe,0xfe,
  0xfe,0xfe,0xfd,0xfd,0xfe,0xfe,0xfe,0xfe,0xfe,0xfe,0xfe,0xfe,0xfe,0xfe,0xfe,0xfe,
  0xfe,0xfe,0xfe,0xfe,0xfe,0xfe,0xfe,0xfe,0xfe,0xfe,0xfe,0xfe,0xfe,0xfe,0xfe,0xfe,
  0xfe,0xfe,0xfe,0xfe,0xfe,0xfd,0xfe,0xfe,0xfe,0xfd,0xfd,0xfd,0xfe,0xfe,0xfe,0xfe,
  0xfe,0xfe,0xfe,0xfe,0xfe,0xfe,0xfd,0xfd,0xfd,0xfe,0xfe,0xfe,0xfe,0xfe,0xfe,0xfe,
  0xfe,0xfe,0xfe,0xfe,0xfd,0xfd,0xfe,0xfe,0xfe,0xfd,0xfa,0xf7,0xfc,0x56,0x00,0x04,
  0x04,0x00,0x56,0xff,0xfb,0xfe,0xfe,0xfe,0xfe,0xfe,0xfd,0xfe,0xfe,0xfe,0xfe,0xfe,
  0xfe,0xfe,0xfd,0xfe,0xfe,0xfe,0xfe,0xfe,0xfe,0xfe,0xfe,0xfe,0xfe,0xfe,0xfe,0xfe,
  0xfe,0xfe,0xfe,0xfd,0xfd,0xfd,0xfd,0xfd,0xfd,0xfe,0xfe,0xfe,0xfe,0xfe,0xfe,0xfe,
  0xfe,0xfe,0xfe,0xfe,0xfe,0xfe,0xfe,0xfe,0xfe,0xfd,0xfd,0xfd,0xfe,0xfe,0xfe,0xfe,
  0xfe,0xfe,0xfe,0xfe,0xfe,0xfe,0xfd,0xfd,0xfd,0xfe,0xfe,0xfe,0xfe,0xfe,0xfe,0xfe,
  0xfe,0xfe,0xfe,0xfd,0xfd,0xfd,0xfe,0xfe,0xfe,0xfe,0xfd,0xfa,0xff,0x57,0x00,0x04,
  0x04,0x00,0x58,0xff,0xfb,0xfe,0xfe,0xfe,0xfe,0xfd,0xfd,0xfe,0xfe,0xfe,0xfe,0xfe,
  0xfe,0xfe,0xfe,0xfe,0xfe,0xfe,0xfe,0xfe,0xfe,0xfe,0xfe,0xfe,0xfe,0xfe,0xfe,0xfe,
  0xfe,0xfe,0xfe,0xfd,0xfd,0xfd,0xfd,0xfd,0xfd,0xfe,0xfe,0xfe,0xfe,0xfe,0xfe,0xfe,
  0xfe,0xfe,0xfe,0xfe,0xfe,0xfe,0xfe,0xfe,0xfe,0xfd,0xfd,0xfd,0xfe,0xfe,0xfe,0xfe,
  0xfe,0xfe,0xfe,0xfe,0xfe,0xfe,0xfd,0xfd,0xfe,0xfe,0xfe,0xfe,0xfe,0xfe,0xfe,0xfe,
  0xfe,0xfe,0xfe,0xfd,0xfd,0xfd,0xfe,0xfe,0xfe,0xfe,0xfd,0xfa,0xff,0x58,0x00,0x04,
  0x04,0x00,0x56,0xff,0xfb,0xfe,0xfe,0xfe,0xfe,0xfd,0xfd,0xfe,0xfe,0xfe,0xfe,0xfe,
  0xfe,0xfe,0xfe,0xfe,0xfd,0xfd,0xfe,0xfe,0xfe,0xfe,0xfe,0xfe,0xfe,0xfe,0xfe,0xfe,
  0xfe,0xfe,0xfe,0xfd,0xfd,0xfd,0xfd,0xfd,0xfd,0xfd,0xfe,0xfe,0xfe,0xfe,0xfe,0xfe,
  0xfe,0xfe,0xfe,0xfe,0xfe,0xfe,0xfe,0xfe,0xfd,0xfd,0xfd,0xfd,0xfd,0xfe,0xfd,0xfd,
  0xfd,0xfd,0xfd,0xfe,0xfe,0xfe,0xfe,0xfe,0xfe,0xfe,0xfe,0xfe,0xfe,0xfe,0xfe,0xfe,
  0xfe,0xfe,0xfe,0xfd,0xfd,0xfd,0xfe,0xfe,0xfe,0xfe,0xfd,0xfa,0xff,0x59,0x00,0x04,
  0x04,0x00,0x57,0xff,0xfa,0xfe,0xfe,0xfe,0xfe,0xfd,0xfe,0xfe,0xfe,0xfe,0xfe,0xfe,
  0xfe,0xfe,0xfe,0xfd,0xfd,0xfe,0xfe,0xfe,0xfe,0xfe,0xfe,0xfe,0xfe,0xfe,0xfe,0xfe,
  0xfe,0xfe,0xfe,0xfd,0xfd,0xfd,0xfd,0xfd,0xfd,0xfd,0xfe,0xfe,0xfe,0xfe,0xfe,0xfe,
  0xfe,0xfe,0xfd,0xfe,0xfe,0xfe,0xfe,0xfe,0xfd,0xfd,0xfd,0xfd,0xfd,0xfe,0xfd,0xfd,
  0xfd,0xfd,0xfd,0xfe,0xfe,0xfe,0xfe,0xfe,0xfe,0xfe,0xfe,0xfe,0xfe,0xfe,0xfe,0xfe,
  0xfe,0xfe,0xfe,0xfd,0xfd,0xfe,0xfe,0xfe,0xfe,0xfe,0xfe,0xfa,0xff,0x59,0x00,0x04,
  0x04,0x00,0x58,0xff,0xfa,0xfe,0xfe,0xfe,0xfe,0xfe,0xfe,0xfe,0xfe,0xfe,0xfe,0xfe,
  0xfe,0xfe,0xfe,0xfe,0xfe,0xfe,0xfe,0xfe,0xfe,0xfe,0xfe,0xfe,0xfe,0xfe,0xfe,0xfe,
  0xfe,0xfe,0xfe,0xfe,0xfe,0xfd,0xfd,0xfd,0xfd,0xfd,0xfd,0xfe,0xfe,0xfe,0xfe,0xfe,
  0xfd,0xfd,0xfd,0xfe,0xfe,0xfe,0xfe,0xfe,0xfd,0xfd,0xfd,0xfe,0xfe,0xfe,0xfe,0xfe,
  0xfd,0xfe,0xfe,0xfe,0xfe,0xfe,0xfe,0xfe,0xfe,0xfe,0xfe,0xfe,0xfe,0xfe,0xfe,0xfe,
  0xfe,0xfe,0xfe,0xfd,0xfd,0xfe,0xfe,0xfe,0xfe,0xfe,0xfe,0xfb,0xff,0x5b,0x00,0x04,
  0x04,0x00,0x58,0xff,0xfa,0xfe,0xfe,0xfe,0xfe,0xfe,0xfe,0xfe,0xfe,0xfe,0xfe,0xfe,
  0xfe,0xfe,0xfe,0xfe,0xfe,0xfe,0xfe,0xfe,0xfe,0xfe,0xfe,0xfe,0xfe,0xfe,0xfe,0xfe,
  0xfe,0xfe,0xfe,0xfe,0xfe,0xfd,0xfd,0xfd,0xfd,0xfd,0xfd,0xfd,0xfd,0xfe,0xfe,0xfe,
  0xfd,0xfd,0xfd,0xfe,0xfe,0xfe,0xfe,0xfe,0xfe,0xfe,0xfe,0xfe,0xfe,0xfe,0xfe,0xfe,
  0xfd,0xfd,0xfe,0xfe,0xfe,0xfe,0xfe,0xfe,0xfe,0xfe,0xfe,0xfe,0xfe,0xfe,0xfe,0xfe,
  0xfe,0xfe,0xfe,0xfd,0xfd,0xfe,0xfe,0xfe,0xfe,0xfe,0xfe,0xfb,0xff,0x59,0x00,0x04,
  0x04,0x00,0x57,0xff,0xfb,0xfe,0xfe,0xfe,0xfe,0xfe,0xfe,0xfe,0xfe,0xfe,0xfe,0xfe,
  0xfe,0xfe,0xfe,0xfe,0xfe,0xfe,0xfe,0xfe,0xfe,0xfe,0xfe,0xfe,0xfe,0xfe,0xfe,0xfe,
  0xfe,0xfe,0xfe,0xfe,0xfe,0xfd,0xfd,0xfd,0xfd,0xfd,0xfd,0xfd,0xfd,0xfe,0xfd,0xfd,
  0xfd,0xfd,0xfd,0xfe,0xfe,0xfe,0xfe,0xfe,0xfe,0xfe,0xfe,0xfe,0xfe,0xfe,0xfe,0xfe,
  0xfd,0xfd,0xfe,0xfe,0xfe,0xfe,0xfe,0xfe,0xfe,0xfe,0xfe,0xfe,0xfe,0xfe,0xfe,0xfe,
  0xfe,0xfe,0xfe,0xfd,0xfd,0xfe,0xfe,0xfe,0xfe,0xfe,0xfe,0xfa,0xff,0x58,0x00,0x04,
  0x04,0x00,0x55,0xff,0xfa,0xfe,0xfe,0xfe,0xfe,0xfe,0xfe,0xfe,0xfe,0xfe,0xfe,0xfe,
  0xfe,0xfe,0xfe,0xfe,0xfe,0xfe,0xfe,0xfe,0xfe,0xfe,0xfe,0xfe,0xfe,0xfe,0xfe,0xfe,
  0xfe,0xfe,0xfe,0xfe,0xfe,0xfe,0xfd,0xfd,0xfd,0xfd,0xfd,0xfd,0xfd,0xfd,0xfd,0xfd,
  0xfd,0xfd,0xfd,0xfd,0xfe,0xfe,0xfe,0xfe,0xfd,0xfe,0xfe,0xfe,0xfe,0xfe,0xfe,0xfe,
  0xfe,0xfe,0xfe,0xfe,0xfe,0xfe,0xfe,0xfe,0xfe,0xfe,0xfe,0xfe,0xfe,0xfe,0xfe,0xfe,
  0xfe,0xfe,0xfe,0xfd,0xfe,0xfe,0xfe,0xfe,0xfe,0xfe,0xfd,0xfa,0xff,0x5a,0x00,0x04,
  0x04,0x00,0x54,0xff,0xfa,0xfe,0xfe,0xfe,0xfe,0xfe,0xfe,0xfe,0xfe,0xfe,0xfe,0xfe,
  0xfe,0xfe,0xfe,0xfe,0xfe,0xfe,0xfe,0xfe,0xfe,0xfe,0xfe,0xfe,0xfe,0xfe,0xfe,0xfe,
  0xfe,0xfd,0xfd,0xfe,0xfe,0xfe,0xfe,0xfe,0xfd,0xfd,0xfd,0xfd,0xfd,0xfd,0xfd,0xfd,
  0xfd,0xfd,0xfd,0xfd,0xfe,0xfe,0xfd,0xfd,0xfd,0xfd,0xfe,0xfe,0xfe,0xfe,0xfe,0xfe,
  0xfe,0xfe,0xfe,0xfe,0xfe,0xfe,0xfe,0xfe,0xfe,0xfe,0xfe,0xfe,0xfe,0xfe,0xfe,0xfe,
  0xfe,0xfe,0xfe,0xfd,0xfe,0xfe,0xfe,0xfe,0xfe,0xfe,0xfd,0xfa,0xff,0x5a,0x00,0x04,
  0x04,0x00,0x55,0xff,0xfa,0xfe,0xfe,0xfe,0xfe,0xfe,0xfe,0xfe,0xfe,0xfe,0xfe,0xfe,
  0xfe,0xfe,0xfe,0xfe,0xfe,0xfe,0xfe,0xfe,0xfd,0xfd,0xfe,0xfe,0xfe,0xfe,0xfe,0xfe,
  0xfe,0xfd,0xfd,0xfe,0xfe,0xfe,0xfe,0xfe,0xfd,0xfd,0xfd,0xfd,0xfd,0xfd,0xfd,0xfd,
  0xfe,0xfe,0xfd,0xfe,0xfe,0xfe,0xfd,0xfd,0xfd,0xfd,0xfd,0xfd,0xfd,0xfe,0xfe,0xfe,
  0xfe,0xfe,0xfe,0xfe,0xfe,0xfe,0xfe,0xfd,0xfe,0xfe,0xfe,0xfe,0xfe,0xfe,0xfe,0xfe,
  0xfe,0xfe,0xfe,0xfd,0xfe,0xfe,0xfe,0xfe,0xfe,0xfe,0xfd,0xfa,0xff,0x59,0x00,0x04,
  0x04,0x00,0x56,0xff,0xfa,0xfe,0xfe,0xfe,0xfe,0xfe,0xfe,0xfe,0xfe,0xfe,0xfe,0xfe,
  0xfe,0xfe,0xfe,0xfe,0xfe,0xfe,0xfe,0xfe,0xfe,0xfe,0xfe,0xfe,0xfe,0xfe,0xfe,0xfe,
  0xfe,0xfe,0xfe,0xfe,0xfe,0xfe,0xfe,0xfe,0xfe,0xfd,0xfe,0xfe,0xfe,0xfd,0xfd,0xfe,
  0xfe,0xfe,0xfe,0xfe,0xfe,0xfe,0xfd,0xfd,0xfd,0xfd,0xfd,0xfd,0xfe,0xfe,0xfe,0xfe,
  0xfe,0xfe,0xfe,0xfe,0xfe,0xfe,0xfe,0xfe,0xfe,0xfe,0xfe,0xfe,0xfe,0xfe,0xfe,0xfe,
  0xfe,0xfe,0xfe,0xfe,0xfe,0xfe,0xfe,0xfe,0xfe,0xfe,0xfd,0xfa,0xff,0x57,0x00,0x04,
  0x04,0x00,0x55,0xfb,0xf7,0xfa,0xfd,0xfe,0xfe,0xfe,0xfd,0xfe,0xfe,0xfe,0xfe,0xfe,
  0xfe,0xfe,0xfe,0xfe,0xfe,0xfd,0xfd,0xfd,0xfe,0xfe,0xfe,0xfe,0xfe,0xfe,0xfe,0xfe,
  0xfe,0xfe,0xfe,0xfe,0xfe,0xfd,0xfe,0xfe,0xfe,0xfd,0xfe,0xfe,0xfe,0xfe,0xfe,0xfe,
  0xfe,0xfe,0xfd,0xfe,0xfe,0xfe,0xfe,0xfe,0xfd,0xfd,0xfd,0xfd,0xfd,0xfe,0xfe,0xfe,
  0xfe,0xfe,0xfe,0xfe,0xfe,0xfe,0xfe,0xfe,0xfe,0xfe,0xfe,0xfe,0xfe,0xfe,0xfe,0xfe,
  0xfe,0xfe,0xfe,0xfe,0xfe,0xfe,0xfe,0xfe,0xfe,0xfd,0xf9,0xf6,0xfb,0x56,0x00,0x04,
  0x04,0x00,0x59,0xff,0xff,0xff,0xff,0xfe,0xfe,0xfe,0xfd,0xfe,0xfe,0xfe,0xfe,0xfe,
  0xfe,0xfe,0xfe,0xfe,0xfe,0xfd,0xfd,0xfd,0xfe,0xfe,0xfe,0xfe,0xfe,0xfe,0xfe,0xfe,
  0xfe,0xfe,0xfe,0xfe,0xfe,0xfd,0xfd,0xfe,0xfe,0xfe,0xfe,0xfe,0xfe,0xfe,0xfe,0xfe,
  0xfe,0xfd,0xfd,0xfd,0xfe,0xfe,0xfe,0xfe,0xfd,0xfd,0xfd,0xfd,0xfd,0xfe,0xfe,0xfe,
  0xfe,0xfe,0xfe,0xfe,0xfe,0xfe,0xfe,0xfd,0xfd,0xfd,0xfe,0xfe,0xfe,0xfe,0xfe,0xfe,
  0xfe,0xfe,0xfe,0xfe,0xfe,0xfe,0xfe,0xfe,0xfe,0xff,0xff,0xff,0xff,0x59,0x00,0x04,
  0x02,0x00,0x26,0x78,0x76,0x7d,0xe3,0xff,0xfd,0xfe,0xfe,0xfe,0xfe,0xfe,0xfe,0xfe,
  0xfe,0xfe,0xfe,0xfe,0xfe,0xfd,0xfd,0xfd,0xfd,0xfd,0xfe,0xfe,0xfe,0xfe,0xfe,0xfe,
  0xfe,0xfe,0xfe,0xfe,0xfe,0xfe,0xfe,0xfe,0xfe,0xfe,0xfd,0xfe,0xfe,0xfe,0xfe,0xfe,
  0xfe,0xfd,0xfd,0xfd,0xfd,0xfd,0xfe,0xfe,0xfd,0xfd,0xfd,0xfd,0xfd,0xfe,0xfe,0xfe,
  0xfe,0xfe,0xfe,0xfe,0xfe,0xfe,0xfd,0xfd,0xfd,0xfd,0xfd,0xfe,0xfe,0xfe,0xfe,0xfe,
  0xfe,0xfe,0xfe,0xfd,0xfd,0xfe,0xfe,0xfd,0xff,0xe7,0x80,0x77,0x71,0x20,0x00,0x01,
  0x00,0x00,0x00,0x00,0x00,0x00,0xc2,0xfc,0xf9,0xfc,0xfe,0xfe,0xfe,0xfe,0xfe,0xfe,
  0xfe,0xfe,0xfe,0xfe,0xfe,0xfe,0xfd,0xfd,0xfd,0xfd,0xfe,0xfe,0xfe,0xfe,0xfe,0xfe,
  0xfe,0xfe,0xfe,0xfe,0xfe,0xfe,0xfe,0xfe,0xfe,0xfe,0xfd,0xfd,0xfe,0xfe,0xfe,0xfe,
  0xfe,0xfe,0xfd,0xfd,0xfd,0xfd,0xfd,0xfd,0xfd,0xfd,0xfd,0xfd,0xfd,0xfe,0xfe,0xfe,
  0xfe,0xfe,0xfe,0xfe,0xfe,0xfe,0xfd,0xfd,0xfd,0xfd,0xfd,0xfd,0xfe,0xfe,0xfe,0xfe,
  0xfe,0xfe,0xfd,0xfd,0xfd,0xfd,0xfb,0xf8,0xfc,0xc7,0x00,0x00,0x00,0x00,0x00,0x00,
  0x00,0x00,0x01,0x04,0x05,0x04,0xd1,0xff,0xff,0xff,0xfe,0xfe,0xfe,0xfe,0xfe,0xfe,
  0xfe,0xfe,0xfe,0xfe,0xfe,0xfe,0xfe,0xfe,0xfd,0xfd,0xfe,0xfe,0xfe,0xfe,0xfe,0xfe,
  0xfe,0xfe,0xfe,0xfe,0xfe,0xfe,0xfe,0xfe,0xfe,0xfe,0xfe,0xfd,0xfd,0xfe,0xfe,0xfe,
  0xfe,0xfe,0xfd,0xfd,0xfd,0xfd,0xfd,0xfd,0xfd,0xfd,0xfd,0xfd,0xfe,0xfe,0xfe,0xfe,
  0xfe,0xfe,0xfe,0xfe,0xfe,0xfe,0xfd,0xfd,0xfd,0xfd,0xfd,0xfd,0xfe,0xfe,0xfe,0xfe,
  0xfe,0xfe,0xfd,0xfd,0xfd,0xfd,0xff,0xff,0xff,0xd5,0x04,0x04,0x04,0x01,0x00,0x00,
  0x00,0x00,0x00,0x00,0x01,0x00,0x88,0xb8,0xb6,0xce,0xfe,0xfd,0xfe,0xfe,0xfe,0xfe,
  0xfe,0xfe,0xfe,0xfe,0xfe,0xfe,0xfe,0xfe,0xfd,0xfd,0xfe,0xfe,0xfe,0xfe,0xfe,0xfe,
  0xfe,0xfe,0xfe,0xfe,0xfe,0xfe,0xfe,0xfe,0xfe,0xfe,0xfe,0xfe,0xfe,0xfe,0xfe,0xfe,
  0xfe,0xfe,0xfd,0xfd,0xfd,0xfd,0xfd,0xfd,0xfd,0xfd,0xfd,0xfe,0xfe,0xfe,0xfe,0xfe,
  0xfe,0xfe,0xfe,0xfe,0xfe,0xfe,0xfe,0xfd,0xfd,0xfe,0xfe,0xfe,0xfe,0xfe,0xfe,0xfe,
  0xfe,0xfe,0xfd,0xfd,0xfd,0xfd,0xc9,0xbe,0xc6,0x8c,0x00,0x01,0x00,0x00,0x00,0x00,
  0x00,0x00,0x00,0x00,0x00,0x00,0x00,0x00,0x00,0x31,0xff,0xfc,0xfd,0xfd,0xfe,0xfe,
  0xfe,0xfe,0xfe,0xfe,0xfe,0xfe,0xfe,0xfd,0xfd,0xfd,0xfe,0xfe,0xfe,0xfe,0xfe,0xfe,
  0xfe,0xfe,0xfe,0xfe,0xfe,0xfe,0xfe,0xfe,0xfe,0xfe,0xfe,0xfe,0xfe,0xfe,0xfe,0xfe,
  0xfe,0xfe,0xfd,0xfd,0xfe,0xfe,0xfe,0xfd,0xfd,0xfe,0xfe,0xfe,0xfe,0xfe,0xfe,0xfe,
  0xfe,0xfe,0xfe,0xfe,0xfe,0xfe,0xfe,0xfe,0xfe,0xfe,0xfe,0xfe,0xfe,0xfe,0xfe,0xfe,
  0xfe,0xfd,0xfd,0xfd,0xfd,0xfe,0x26,0x00,0x00,0x00,0x00,0x00,0x00,0x00,0x00,0x00,
  0x00,0x00,0x00,0x00,0x00,0x00,0x02,0x04,0x02,0x32,0xfc,0xfb,0xfa,0xfc,0xfd,0xfe,
  0xfe,0xfe,0xfe,0xfe,0xfe,0xfe,0xfe,0xfe,0xfe,0xfe,0xfe,0xfe,0xfe,0xfe,0xfe,0xfe,
  0xfe,0xfe,0xfe,0xfe,0xfe,0xfe,0xfe,0xfe,0xfe,0xfe,0xfe,0xfe,0xfe,0xfe,0xfe,0xfe,
  0xfe,0xfe,0xfe,0xfe,0xfe,0xfe,0xfe,0xfe,0xfe,0xfe,0xfe,0xfd,0xfe,0xfe,0xfe,0xfe,
  0xfe,0xfe,0xfe,0xfe,0xfe,0xfe,0xfe,0xfe,0xfe,0xfe,0xfe,0xfe,0xfe,0xfe,0xfe,0xfe,
  0xfe,0xfd,0xfc,0xf9,0xfb,0xfb,0x2b,0x01,0x03,0x01,0x00,0x00,0x00,0x00,0x00,0x00,
  0x00,0x00,0x00,0x00,0x00,0x00,0x00,0x02,0x00,0x31,0xff,0xff,0xff,0xff,0xfd,0xfd,
  0xfe,0xfe,0xfe,0xfe,0xfe,0xfe,0xfe,0xfe,0xfe,0xfe,0xfe,0xfe,0xfe,0xfe,0xfe,0xfe,
  0xfe,0xfe,0xfe,0xfe,0xfe,0xfe,0xfe,0xfe,0xfe,0xfe,0xfe,0xfe,0xfe,0xfe,0xfe,0xfe,
  0xfe,0xfe,0xfd,0xfe,0xfe,0xfe,0xfe,0xfe,0xfe,0xfe,0xfd,0xfd,0xfe,0xfe,0xfe,0xfe,
  0xfe,0xfe,0xfe,0xfe,0xfe,0xfe,0xfe,0xfe,0xfe,0xfe,0xfe,0xfe,0xfe,0xfe,0xfe,0xfe,
  0xfe,0xfd,0xff,0xff,0xff,0xff,0x2c,0x00,0x02,0x00,0x00,0x00,0x00,0x00,0x00,0x00,
  0x00,0x00,0x00,0x00,0x00,0x00,0x00,0x02,0x00,0x21,0xc4,0xc8,0xc6,0xdf,0xfe,0xfc,
  0xfe,0xfe,0xfe,0xfe,0xfe,0xfe,0xfe,0xfe,0xfe,0xfe,0xfe,0xfe,0xfe,0xfe,0xfe,0xfe,
  0xfe,0xfe,0xfe,0xfe,0xfe,0xfe,0xfe,0xfe,0xfe,0xfe,0xfe,0xfe,0xfe,0xfe,0xfe,0xfe,
  0xfe,0xfd,0xfd,0xfe,0xfe,0xfe,0xfe,0xfe,0xfe,0xfe,0xfe,0xfe,0xfe,0xfe,0xfe,0xfe,
  0xfe,0xfe,0xfe,0xfe,0xfe,0xfe,0xfe,0xfe,0xfe,0xfe,0xfe,0xfe,0xfe,0xfe,0xfe,0xfe,
  0xfd,0xfe,0xde,0xc5,0xc6,0xc5,0x21,0x00,0x02,0x00,0x00,0x00,0x00,0x00,0x00,0x00,
  0x00,0x00,0x00,0x00,0x00,0x00,0x00,0x00,0x00,0x00,0x00,0x01,0x00,0x69,0xff,0xfa,
  0xfe,0xfe,0xfe,0xfe,0xfe,0xfe,0xfe,0xfe,0xfe,0xfe,0xfe,0xfe,0xfe,0xfe,0xfe,0xfe,
  0xfe,0xfe,0xfe,0xfe,0xfe,0xfe,0xfe,0xfe,0xfe,0xfe,0xfe,0xfe,0xfe,0xfe,0xfe,0xfe,
  0xfe,0xfe,0xfe,0xfe,0xfe,0xfe,0xfe,0xfe,0xfe,0xfe,0xfe,0xfe,0xfe,0xfe,0xfe,0xfe,
  0xfe,0xfe,0xfe,0xfe,0xfe,0xfe,0xfe,0xfe,0xfe,0xfe,0xfe,0xfe,0xfe,0xfe,0xfe,0xfd,
  0xfa,0xff,0x5e,0x00,0x00,0x00,0x00,0x00,0x00,0x00,0x00,0x00,0x00,0x00,0x00,0x00,
  0x00,0x00,0x00,0x00,0x00,0x00,0x00,0x00,0x00,0x00,0x01,0x05,0x01,0x6c,0xff,0xfa,
  0xfe,0xfe,0xfe,0xfe,0xfe,0xfe,0xfe,0xfe,0xfe,0xfe,0xfe,0xfe,0xfe,0xfe,0xfe,0xfe,
  0xfe,0xfe,0xfe,0xfe,0xfe,0xfe,0xfe,0xfe,0xfe,0xfe,0xfe,0xfe,0xfe,0xfe,0xfe,0xfe,
  0xfe,0xfe,0xfe,0xfe,0xfe,0xfe,0xfe,0xfe,0xfe,0xfe,0xfe,0xfe,0xfe,0xfe,0xfe,0xfe,
  0xfe,0xfe,0xfe,0xfe,0xfe,0xfe,0xfe,0xfe,0xfe,0xfe,0xfe,0xfe,0xfe,0xfe,0xfd,0xfd,
  0xf9,0xff,0x5e,0x01,0x05,0x01,0x00,0x00,0x00,0x00,0x00,0x00,0x00,0x00,0x00,0x00,
  0x00,0x00,0x00,0x00,0x00,0x00,0x00,0x00,0x00,0x00,0x00,0x04,0x00,0x71,0xff,0xfa,
  0xfe,0xfe,0xfe,0xfe,0xfe,0xfe,0xfe,0xfe,0xfe,0xfe,0xfe,0xfe,0xfe,0xfe,0xfe,0xfe,
  0xfe,0xfe,0xfe,0xfe,0xfe,0xfe,0xfe,0xfe,0xfe,0xfe,0xfe,0xfe,0xfe,0xfe,0xfe,0xfe,
  0xfe,0xfe,0xfe,0xfe,0xfe,0xfe,0xfe,0xfe,0xfe,0xfe,0xfe,0xfe,0xfe,0xfe,0xfe,0xfe,
  0xfe,0xfe,0xfe,0xfe,0xfe,0xfe,0xfe,0xfe,0xfe,0xfe,0xfe,0xfe,0xfd,0xfd,0xfe,0xfd,
  0xfb,0xff,0x5d,0x00,0x04,0x00,0x00,0x00,0x00,0x00,0x00,0x00,0x00,0x00,0x00,0x00,
  0x00,0x00,0x00,0x00,0x00,0x00,0x00,0x00,0x00,0x00,0x00,0x04,0x00,0x72,0xff,0xfb,
  0xff,0xff,0xfe,0xfe,0xfe,0xfe,0xfe,0xfe,0xfe,0xfe,0xfe,0xfe,0xfe,0xfe,0xfe,0xfe,
  0xfe,0xfe,0xfe,0xfe,0xfe,0xfe,0xfe,0xfe,0xfe,0xfe,0xfe,0xfe,0xfe,0xfe,0xfe,0xfe,
  0xfe,0xfe,0xfe,0xfe,0xfe,0xfe,0xfe,0xfe,0xfe,0xfe,0xfe,0xfe,0xfe,0xfe,0xfe,0xfe,
  0xfe,0xfe,0xfe,0xfe,0xfe,0xfe,0xfe,0xfe,0xfe,0xfe,0xfe,0xfd,0xfd,0xfd,0xff,0xff,
  0xf9,0xff,0x5f,0x00,0x04,0x00,0x00,0x00,0x00,0x00,0x00,0x00,0x00,0x00,0x00,0x00,
  0x00,0x00,0x00,0x00,0x00,0x00,0x00,0x00,0x00,0x00,0x00,0x01,0x00,0x15,0x32,0x2d,
  0x44,0xf1,0xff,0xfd,0xfe,0xfe,0xfe,0xfe,0xfe,0xfe,0xfe,0xfe,0xfe,0xfe,0xfe,0xfe,
  0xfe,0xfe,0xfe,0xfe,0xfe,0xfe,0xfe,0xfe,0xfe,0xfe,0xfe,0xfe,0xfe,0xfe,0xfe,0xfe,
  0xfe,0xfe,0xfe,0xfe,0xfe,0xfe,0xfe,0xfe,0xfe,0xfe,0xfe,0xfe,0xfe,0xfe,0xfe,0xfe,
  0xfe,0xfe,0xfe,0xfe,0xfe,0xfe,0xfe,0xfe,0xfe,0xfe,0xfe,0xfd,0xfc,0xfe,0xf1,0x43,
  0x2a,0x30,0x13,0x00,0x01,0x00,0x00,0x00,0x00,0x00,0x00,0x00,0x00,0x00,0x00,0x00,
  0x00,0x00,0x00,0x00,0x00,0x00,0x00,0x00,0x00,0x00,0x00,0x00,0x00,0x00,0x00,0x00,
  0x08,0xe5,0xfd,0xf9,0xfc,0xfd,0xfd,0xfd,0xfe,0xfe,0xfe,0xfe,0xfe,0xfe,0xfe,0xfe,
  0xfe,0xfe,0xfe,0xfe,0xfe,0xfe,0xfe,0xfe,0xfe,0xfe,0xfe,0xfe,0xfe,0xfe,0xfe,0xfe,
  0xfe,0xfe,0xfe,0xfe,0xfe,0xfe,0xfe,0xfe,0xfe,0xfe,0xfe,0xfe,0xfe,0xfe,0xfe,0xfe,
  0xfe,0xfe,0xfe,0xfe,0xfe,0xfe,0xfe,0xfe,0xfd,0xfd,0xfd,0xfb,0xf9,0xfd,0xe8,0x0a,
  0x00,0x00,0x00,0x00,0x00,0x00,0x00,0x00,0x00,0x00,0x00,0x00,0x00,0x00,0x00,0x00,
  0x00,0x00,0x00,0x00,0x00,0x00,0x00,0x00,0x00,0x00,0x00,0x00,0x00,0x01,0x03,0x02,
  0x13,0xf0,0xff,0xff,0xff,0xfd,0xfd,0xfd,0xfd,0xfe,0xfe,0xfe,0xfe,0xfe,0xfe,0xfe,
  0xfe,0xfe,0xfe,0xfe,0xfe,0xfe,0xfe,0xfe,0xfe,0xfe,0xfe,0xfe,0xfe,0xfe,0xfe,0xfe,
  0xfe,0xfe,0xfe,0xfe,0xfe,0xfe,0xfe,0xfe,0xfe,0xfe,0xfe,0xfe,0xfe,0xfe,0xfe,0xfe,
  0xfe,0xfe,0xfe,0xfe,0xfe,0xfe,0xfd,0xfd,0xfd,0xfd,0xfd,0xff,0xff,0xff,0xf2,0x15,
  0x02,0x03,0x01,0x00,0x00,0x00,0x00,0x00,0x00,0x00,0x00,0x00,0x00,0x00,0x00,0x00,
  0x00,0x00,0x00,0x00,0x00,0x00,0x00,0x00,0x00,0x00,0x00,0x00,0x00,0x00,0x00,0x00,
  0x05,0x45,0x50,0x4e,0xa0,0xff,0xfb,0xfd,0xfd,0xfd,0xfe,0xfe,0xfe,0xfe,0xfe,0xfe,
  0xfe,0xfe,0xfe,0xfe,0xfe,0xfe,0xfe,0xfe,0xfe,0xfe,0xfe,0xfe,0xfe,0xfe,0xfe,0xfe,
  0xfe,0xfe,0xfe,0xfe,0xfe,0xfe,0xfe,0xfe,0xfe,0xfe,0xfe,0xfe,0xfe,0xfe,0xfe,0xfe,
  0xfe,0xfe,0xfe,0xfe,0xfe,0xfd,0xfd,0xfd,0xfd,0xfb,0xff,0x98,0x4b,0x4e,0x43,0x05,
  0x00,0x00,0x00,0x00,0x00,0x00,0x00,0x00,0x00,0x00,0x00,0x00,0x00,0x00,0x00,0x00,
  0x00,0x00,0x00,0x00,0x00,0x00,0x00,0x00,0x00,0x00,0x00,0x00,0x00,0x00,0x00,0x00,
  0x00,0x00,0x00,0x00,0x57,0xfc,0xf6,0xfa,0xfa,0xfa,0xfb,0xfa,0xfb,0xfe,0xfe,0xfe,
  0xfe,0xfe,0xfe,0xfe,0xfe,0xfe,0xfe,0xfe,0xfe,0xfe,0xfe,0xfe,0xfe,0xfe,0xfe,0xfe,
  0xfe,0xfe,0xfe,0xfe,0xfe,0xfe,0xfe,0xfe,0xfe,0xfe,0xfe,0xfe,0xfe,0xfe,0xfe,0xfe,
  0xfe,0xfe,0xfe,0xfb,0xfa,0xfa,0xfa,0xfa,0xfa,0xf6,0xfb,0x55,0x00,0x00,0x00,0x00,
  0x00,0x00,0x00,0x00,0x00,0x00,0x00,0x00,0x00,0x00,0x00,0x00,0x00,0x00,0x00,0x00,
  0x00,0x00,0x00,0x00,0x00,0x00,0x00,0x00,0x00,0x00,0x00,0x00,0x00,0x00,0x00,0x00,
  0x00,0x03,0x06,0x03,0x64,0xff,0xff,0xff,0xff,0xff,0xff,0xff,0xff,0xfe,0xfe,0xfe,
  0xfe,0xfe,0xfe,0xfe,0xfe,0xfe,0xfe,0xfe,0xfe,0xfe,0xfe,0xfe,0xfe,0xfe,0xfe,0xfe,
  0xfe,0xfe,0xfe,0xfe,0xfe,0xfe,0xfe,0xfe,0xfe,0xfe,0xfe,0xfe,0xfe,0xfe,0xfe,0xfe,
  0xfe,0xfe,0xfd,0xff,0xff,0xff,0xff,0xff,0xff,0xff,0xff,0x65,0x03,0x07,0x03,0x00,
  0x00,0x00,0x00,0x00,0x00,0x00,0x00,0x00,0x00,0x00,0x00,0x00,0x00,0x00,0x00,0x00,
  0x00,0x00,0x00,0x00,0x00,0x00,0x00,0x00,0x00,0x00,0x00,0x00,0x00,0x00,0x00,0x00,
  0x00,0x00,0x02,0x00,0x39,0xa9,0xa8,0xa9,0xa7,0xa5,0xa7,0xa1,0xba,0xfe,0xfd,0xfe,
  0xfe,0xfe,0xfe,0xfe,0xfe,0xfe,0xfe,0xfd,0xfe,0xfd,0xfd,0xfd,0xfd,0xfd,0xfd,0xfd,
  0xfd,0xfd,0xfd,0xfe,0xfe,0xfe,0xfe,0xfe,0xfe,0xfe,0xfe,0xfe,0xfe,0xfe,0xfe,0xfe,
  0xfe,0xfd,0xfe,0xbf,0xa8,0xaa,0xa8,0xa6,0xa2,0x9f,0xa6,0x3d,0x00,0x02,0x00,0x00,
  0x00,0x00,0x00,0x00,0x00,0x00,0x00,0x00,0x00,0x00,0x00,0x00,0x00,0x00,0x00,0x00,
  0x00,0x00,0x00,0x00,0x00,0x00,0x00,0x00,0x00,0x00,0x00,0x00,0x00,0x00,0x00,0x00,
  0x00,0x00,0x00,0x00,0x00,0x00,0x00,0x00,0x00,0x00,0x00,0x00,0x2f,0xff,0xfc,0xfe,
  0xfe,0xfe,0xfe,0xfe,0xfe,0xfe,0xfe,0xfd,0xfd,0xfa,0xf9,0xfa,0xf9,0xfa,0xfa,0xfa,
  0xfa,0xfa,0xfa,0xfa,0xfa,0xfa,0xfb,0xfe,0xfe,0xfe,0xfe,0xfe,0xfe,0xfe,0xfe,0xfe,
  0xfd,0xfc,0xff,0x34,0x00,0x00,0x00,0x00,0x00,0x00,0x00,0x00,0x00,0x00,0x00,0x00,
  0x00,0x00,0x00,0x00,0x00,0x00,0x00,0x00,0x00,0x00,0x00,0x00,0x00,0x00,0x00,0x00,
  0x00,0x00,0x00,0x00,0x00,0x00,0x00,0x00,0x00,0x00,0x00,0x00,0x00,0x00,0x00,0x00,
  0x00,0x00,0x00,0x00,0x01,0x03,0x03,0x03,0x03,0x03,0x06,0x03,0x3a,0xff,0xfc,0xfd,
  0xfe,0xfe,0xfe,0xfe,0xfe,0xfd,0xfd,0xfd,0xfd,0xff,0xff,0xff,0xff,0xff,0xff,0xff,
  0xff,0xff,0xff,0xff,0xff,0xff,0xff,0xfd,0xfe,0xfe,0xfe,0xfe,0xfe,0xfe,0xfe,0xfe,
  0xfd,0xfc,0xff,0x3d,0x03,0x06,0x03,0x03,0x03,0x03,0x03,0x01,0x00,0x00,0x00,0x00,
  0x00,0x00,0x00,0x00,0x00,0x00,0x00,0x00,0x00,0x00,0x00,0x00,0x00,0x00,0x00,0x00,
  0x00,0x00,0x00,0x00,0x00,0x00,0x00,0x00,0x00,0x00,0x00,0x00,0x00,0x00,0x00,0x00,
  0x00,0x00,0x00,0x00,0x00,0x00,0x00,0x00,0x00,0x00,0x03,0x00,0x38,0xfb,0xf8,0xfa,
  0xfe,0xfe,0xfe,0xfe,0xfe,0xfd,0xfc,0xf8,0xfb,0x90,0x62,0x65,0x63,0x61,0x5e,0x5c,
  0x5a,0x5d,0x62,0x64,0x67,0x61,0x98,0xfb,0xf7,0xfc,0xfe,0xfe,0xfe,0xfe,0xfe,0xfe,
  0xfa,0xf8,0xfb,0x3a,0x00,0x03,0x00,0x00,0x00,0x00,0x00,0x00,0x00,0x00,0x00,0x00,
  0x00,0x00,0x00,0x00,0x00,0x00,0x00,0x00,0x00,0x00,0x00,0x00,0x00,0x00,0x00,0x00,
  0x00,0x00,0x00,0x00,0x00,0x00,0x00,0x00,0x00,0x00,0x00,0x00,0x00,0x00,0x00,0x00,
  0x00,0x00,0x00,0x00,0x00,0x00,0x00,0x00,0x00,0x00,0x03,0x00,0x39,0xff,0xff,0xff,
  0xfe,0xfe,0xfe,0xfe,0xfe,0xfd,0xff,0xff,0xff,0x38,0x00,0x00,0x00,0x00,0x00,0x00,
  0x00,0x00,0x00,0x00,0x00,0x00,0x4c,0xff,0xff,0xff,0xfe,0xfe,0xfe,0xfe,0xfe,0xfe,
  0xff,0xff,0xff,0x3c,0x00,0x03,0x00,0x00,0x00,0x00,0x00,0x00,0x00,0x00,0x00,0x00,
  0x00,0x00,0x00,0x00,0x00,0x00,0x00,0x00,0x00,0x00,0x00,0x00,0x00,0x00,0x00,0x00,
  0x00,0x00,0x00,0x00,0x00,0x00,0x00,0x00,0x00,0x00,0x00,0x00,0x00,0x00,0x00,0x00,
  0x00,0x00,0x00,0x00,0x00,0x00,0x00,0x00,0x00,0x00,0x01,0x00,0x1c,0x90,0x8e,0xa8,
  0xfe,0xfe,0xfe,0xfe,0xfc,0xfe,0xda,0x91,0x97,0x26,0x04,0x05,0x04,0x04,0x04,0x04,
  0x04,0x04,0x04,0x04,0x05,0x04,0x2e,0x95,0x91,0xdb,0xfe,0xfc,0xfe,0xfe,0xfe,0xfe,
  0xa7,0x90,0x92,0x1d,0x00,0x01,0x00,0x00,0x00,0x00,0x00,0x00,0x00,0x00,0x00,0x00,
  0x00,0x00,0x00,0x00,0x00,0x00,0x00,0x00,0x00,0x00,0x00,0x00,0x00,0x00,0x00,0x00,
  0x00,0x00,0x00,0x00,0x00,0x00,0x00,0x00,0x00,0x00,0x00,0x00,0x00,0x00,0x00,0x00,
  0x00,0x00,0x00,0x00,0x00,0x00,0x00,0x00,0x00,0x00,0x00,0x00,0x00,0x00,0x00,0x23,
  0xfc,0xfb,0xfa,0xfb,0xf7,0xfd,0x9a,0x00,0x00,0x00,0x00,0x00,0x00,0x00,0x00,0x00,
  0x00,0x00,0x00,0x00,0x00,0x00,0x00,0x00,0x00,0xa0,0xfd,0xf7,0xfb,0xfa,0xfc,0xf8,
  0x1c,0x00,0x00,0x00,0x00,0x00,0x00,0x00,0x00,0x00,0x00,0x00,0x00,0x00,0x00,0x00,
  0x00,0x00,0x00,0x00,0x00,0x00,0x00,0x00,0x00,0x00,0x00,0x00,0x00,0x00,0x00,0x00,
  0x00,0x00,0x00,0x00,0x00,0x00,0x00,0x00,0x00,0x00,0x00,0x00,0x00,0x00,0x00,0x00,
  0x00,0x00,0x00,0x00,0x00,0x00,0x00,0x00,0x00,0x00,0x00,0x00,0x01,0x06,0x04,0x2d,
  0xff,0xff,0xff,0xff,0xff,0xff,0xa8,0x04,0x07,0x01,0x00,0x00,0x00,0x00,0x00,0x00,
  0x00,0x00,0x00,0x00,0x00,0x00,0x01,0x07,0x04,0xa6,0xff,0xff,0xff,0xff,0xff,0xff,
  0x2e,0x04,0x06,0x01,0x00,0x00,0x00,0x00,0x00,0x00,0x00,0x00,0x00,0x00,0x00,0x00,
  0x00,0x00,0x00,0x00,0x00,0x00,0x00,0x00,0x00,0x00,0x00,0x00,0x00,0x00,0x00,0x00,
  0x00,0x00,0x00,0x00,0x00,0x00,0x00,0x00,0x00,0x00,0x00,0x00,0x00,0x00,0x00,0x00,
  0x00,0x00,0x00,0x00,0x00,0x00,0x00,0x00,0x00,0x00,0x00,0x00,0x00,0x02,0x00,0x1c,
  0xc1,0xcc,0xcc,0xcd,0xca,0xd2,0x84,0x00,0x03,0x00,0x00,0x00,0x00,0x00,0x00,0x00,
  0x00,0x00,0x00,0x00,0x00,0x00,0x00,0x03,0x00,0x7d,0xd3,0xcb,0xce,0xcf,0xd0,0xcb,
  0x22,0x00,0x02,0x00,0x00,0x00,0x00,0x00,0x00,0x00,0x00,0x00,0x00,0x00,0x00,0x00,
  0x00,0x00,0x00,0x00,0x00,0x00,0x00,0x00,0x00,0x00,0x00,0x00,0x00,0x00,0x00,0x00,
  0x00,0x00,0x00,0x00,0x00,0x00,0x00,0x00,0x00,0x00,0x00,0x00,0x00,0x00,0x00,0x00,
  0x00,0x00,0x00,0x00,0x00,0x00,0x00,0x00,0x00,0x00,0x00,0x00,0x00,0x00,0x00,0x00,
  0x00,0x00,0x00,0x00,0x00,0x00,0x00,0x00,0x00,0x00,0x00,0x00,0x00,0x00,0x00,0x00,
  0x00,0x00,0x00,0x00,0x00,0x00,0x00,0x00,0x00,0x00,0x00,0x00,0x00,0x00,0x00,0x00,
  0x00,0x00,0x00,0x00,0x00,0x00,0x00,0x00,0x00,0x00,0x00,0x00,0x00,0x00,0x00,0x00,
  0x00,0x00,0x00,0x00,0x00,0x00,0x00,0x00,0x00,0x00,0x00,0x00,0x00,0x00,0x00,0x00,
  0x00,0x00,0x00,0x00,0x00,0x00,0x00,0x00,0x00,0x00,0x00,0x00,0x00,0x00,0x00,0x00,
  0x00,0x00,0x00,0x00,0x00,0x00,0x00,0x00,0x00,0x00,0x00,0x00,0x00,0x00,0x00,0x00,
  0x00,0x00,0x00,0x00,0x00,0x00,0x00,0x00,0x00,0x00,0x00,0x00,0x00,0x00,0x00,0x00,
  0x00,0x00,0x00,0x00,0x00,0x00,0x00,0x00,0x00,0x00,0x00,0x00,0x00,0x00,0x00,0x00,
  0x00,0x00,0x00,0x00,0x00,0x00,0x00,0x00,0x00,0x00,0x00,0x00,0x00,0x00,0x00,0x00,
  0x00,0x00,0x00,0x00,0x00,0x00,0x00,0x00,0x00,0x00,0x00,0x00,0x00,0x00,0x00,0x00,
  0x00,0x00,0x00,0x00,0x00,0x00,0x00,0x00,0x00,0x00,0x00,0x00,0x00,0x00,0x00,0x00,
  0x00,0x00,0x00,0x00,0x00,0x00,0x00,0x00,0x00,0x00,0x00,0x00,0x00,0x00,0x00,0x00,
  0x00,0x00,0x00,0x00,0x00,0x00,0x00,0x00,0x00,0x00,0x00,0x00,0x00,0x00,0x00,0x00,
  0x00,0x00,0x00,0x00,0x00,0x00,0x00,0x00,0x00,0x00,0x01,0x00,0x00,0x00,0x00,0x00,
  0x00,0x00,0x00,0x00,0x00,0x00,0x00,0x00,0x00,0x00,0x00,0x00,0x00,0x00,0x00,0x00,
  0x00,0x00,0x00,0x00,0x00,0x00,0x00,0x00,0x00,0x00,0x00,0x00,0x00,0x00,0x00,0x00,
  0x00,0x00,0x00,0x00,0x00,0x00,0x00,0x00,0x00,0x00,0x00,0x00,0x00,0x00,0x00,0x00,
  0x00,0x00,0x00,0x00,0x00,0x00,0x00,0x00,0x00,0x00,0x00,0x00,0x00,0x00,0x00,0x00,
  0x00,0x00,0x00,0x00,0x00,0x00,0x00,0x00,0x00,0x00,0x00,0x00,0x00,0x00,0x00,0x00,
  0x00,0x00,0x00,0x00,0x00,0x00,0x00,0x00,0x00,0x00,0x00,0x00,0x00,0x00,0x00,0x00,
  0x00,0x00,0x00,0x00,0x00,0x00,0x00,0x00,0x00,0x00,0x00,0x00,0x00,0x00,0x00,0x00,
  0x00,0x00,0x00,0x00,0x00,0x00,0x00,0x00,0x00,0x00,0x00,0x00,0x00,0x00,0x00,0x00,
  0x00,0x00,0x00,0x00,0x00,0x00,0x00,0x00,0x00,0x00,0x00,0x00,0x00,0x00,0x00,0x00,
  0x00,0x00,0x00,0x00,0x00,0x00,0x00,0x00,0x00,0x00,0x00,0x00,0x00,0x00,0x00,0x00,
  0x00,0x00,0x00,0x00,0x00,0x00,0x00,0x00,0x00,0x00,0x00,0x00,0x00,0x00,0x00,0x00,
  0x00,0x00,0x00,0x00,0x00,0x00,0x00,0x00,0x00,0x00,0x00,0x00,0x00,0x00,0x00,0x00,
  0x00,0x00,0x00,0x00,0x00,0x00,0x00,0x00,0x00,0x00,0x00,0x00,0x00,0x00,0x00,0x00,
  0x00,0x00,0x00,0x00,0x00,0x00,0x00,0x00,0x00,0x00,0x00,0x00,0x00,0x00,0x00,0x00,
  0x00,0x00,0x00,0x00,0x00,0x00,0x00,0x00,0x00,0x00,0x00,0x00,0x00,0x00,0x00,0x00,
  0x00,0x00,0x00,0x00,0x00,0x00,0x00,0x00,0x00,0x00,0x00,0x00,0x00,0x00,0x00,0x00,
  0x00,0x00,0x00,0x00,0x00,0x00,0x00,0x00,0x00,0x00,0x00,0x00,0x00,0x00,0x00,0x00,
  0x00,0x00,0x00,0x00,0x00,0x00,0x00,0x00,0x00,0x00,0x00,0x00,0x00,0x00,0x00,0x00,
  0x00,0x00,0x00,0x00,0x00,0x00,0x00,0x00,0x00,0x00,0x00,0x00,0x00,0x00,0x00,0x00,
  0x00,0x00,0x00,0x00,0x00,0x00,0x00,0x00,0x00,0x00,0x00,0x00,0x00,0x00,0x00,0x00,
  0x00,0x00,0x00,0x00,0x00,0x00,0x00,0x00,0x00,0x00,0x00,0x00,0x00,0x00,0x00,0x00,
  0x00,0x00,0x00,0x00,0x00,0x00,0x00,0x00,0x00,0x00,0x00,0x00,0x00,0x00,0x00,0x00,
  0x00,0x00,0x00,0x00,0x00,0x00,0x00,0x00,0x00,0x00,0x00,0x00,0x00,0x00,0x00,0x00,
  0x00,0x00,0x00,0x00,0x00,0x00,0x00,0x00,0x00,0x00,0x00,0x00,0x00,0x00,0x00,0x00,
  0x00,0x00,0x00,0x00,0x00,0x00,0x00,0x00,0x00,0x00,0x00,0x00,0x00,0x00,0x00,0x00,
  0x00,0x00,0x00,0x00,0x00,0x00,0x00,0x00,0x00,0x00,0x00,0x00,0x00,0x00,0x00,0x00,
  0x00,0x00,0x00,0x00,0x00,0x00,0x00,0x00,0x00,0x00,0x00,0x00,0x00,0x00,0x00,0x00,
  0x00,0x00,0x00,0x00,0x00,0x00,0x00,0x00,0x00,0x00,0x00,0x00,0x00,0x00,0x00,0x00,
  0x00,0x00,0x00,0x00,0x00,0x00,0x00,0x00,0x00,0x00,0x00,0x00,0x00,0x00,0x00,0x00,
  0x00,0x00,0x00,0x00,0x00,0x00,0x00,0x00,0x00,0x00,0x00,0x00,0x00,0x00,0x00,0x00,
  0x00,0x00,0x00,0x00,0x00,0x00,0x00,0x00,0x00,0x00,0x00,0x00,0x00,0x00,0x00,0x00,
  0x00,0x00,0x00,0x00,0x00,0x00,0x00,0x00,0x00,0x00,0x00,0x00,0x00,0x00,0x00,0x00,
  0x00,0x00,0x00,0x00,0x00,0x00,0x00,0x00,0x00,0x00,0x00,0x00,0x00,0x00,0x00,0x00,
  0x00,0x00,0x00,0x00,0x00,0x00,0x00,0x00,0x00,0x00,0x00,0x00,0x00,0x00,0x00,0x00,
  0x00,0x00,0x00,0x00,0x00,0x00,0x00,0x00,0x00,0x00,0x00,0x00,0x00,0x00,0x00,0x00,
  0x00,0x00,0x00,0x00,0x00,0x00,0x00,0x00,0x00,0x00,0x00,0x00,0x00,0x00,0x00,0x00,
  0x00,0x00,0x00,0x00,0x00,0x00,0x00,0x00,0x00,0x00,0x00,0x00,0x00,0x00,0x00,0x00,
  0x00,0x00,0x00,0x00,0x00,0x00,0x00,0x00,0x00,0x00,0x00,0x00,0x00,0x00,0x00,0x00,
  0x00,0x00,0x00,0x00,0x00,0x00,0x00,0x00,0x00,0x00,0x00,0x00,0x00,0x00,0x00,0x00,
  0x00,0x00,0x00,0x00,0x00,0x00,0x00,0x00,0x00,0x00,0x00,0x00,0x00,0x00,0x00,0x00,
  0x00,0x00,0x00,0x00,0x00,0x00,0x00,0x00,0x00,0x00,0x00,0x00,0x00,0x00,0x00,0x00,
  0x00,0x00,0x00,0x00,0x00,0x00,0x00,0x00,0x00,0x00,0x00,0x00,0x00,0x00,0x00,0x00,
  0x00,0x00,0x00,0x00,0x00,0x00,0x00,0x00,0x00,0x00,0x00,0x00,0x00,0x00,0x00,0x00,
  0x00,0x00,0x00,0x00,0x00,0x00,0x00,0x00,0x00,0x00,0x00,0x00,0x00,0x00,0x00,0x00,
  0x00,0x00,0x00,0x00,0x00,0x00,0x00,0x00,0x00,0x00,0x00,0x00,0x00,0x00,0x00,0x00,
  0x00,0x00,0x00,0x00,0x00,0x00,0x00,0x00,0x00,0x00,0x00,0x00,0x00,0x00,0x00,0x00,
  0x00,0x00,0x00,0x00,0x00,0x00,0x00,0x00,0x00,0x00,0x00,0x00,0x00,0x00,0x00,0x00,
  0x00,0x00,0x00,0x00,0x00,0x00,0x00,0x00,0x00,0x00,0x00,0x00,0x00,0x00,0x00,0x00,
  0x00,0x00,0x00,0x00,0x00,0x00,0x00,0x00,0x00,0x00,0x00,0x00,0x00,0x00,0x00,0x00,
  0x00,0x00,0x00,0x00,0x00,0x00,0x00,0x00,0x00,0x00,0x00,0x00,0x00,0x00,0x00,0x00,
};

static const lv_image_dsc_t img_scene_start = {
  .header.w = 96,
  .header.h = 96,
  .header.stride = 192,
  .header.cf = LV_COLOR_FORMAT_RGB565A8,
  .data = img_scene_start_map,
  .data_size = sizeof(img_scene_start_map),
};

static const LV_ATTRIBUTE_MEM_ALIGN uint8_t img_scene_finish_map[] = {
  0x00,0x00,0x00,0x00,0x00,0x00,0x00,0x00,0x00,0x00,0x00,0x00,0x00,0x00,0x00,0x00,
  0x00,0x00,0x00,0x00,0x00,0x00,0x00,0x00,0x00,0x00,0x00,0x00,0x00,0x00,0x00,0x00,
  0x00,0x00,0x00,0x00,0x00,0x00,0x00,0x00,0x00,0x00,0x00,0x00,0x00,0x00,0x00,0x00,
  0x00,0x00,0x00,0x00,0x00,0x00,0x00,0x00,0x00,0x00,0x00,0x00,0x00,0x00,0x00,0x00,
  0x00,0x00,0x00,0x00,0x00,0x00,0x00,0x00,0x00,0x00,0x00,0x00,0x00,0x00,0x00,0x00,
  0x00,0x00,0x00,0x00,0x00,0x00,0x00,0x00,0x00,0x00,0x00,0x00,0x00,0x00,0x00,0x00,
  0x00,0x00,0x00,0x00,0x00,0x00,0x00,0x00,0x00,0x00,0x00,0x00,0x00,0x00,0x00,0x00,
  0x00,0x00,0x00,0x00,0x00,0x00,0x00,0x00,0x00,0x00,0x00,0x00,0x00,0x00,0x00,0x00,
  0x00,0x00,0x00,0x00,0x00,0x00,0x00,0x00,0x00,0x00,0x00,0x00,0x00,0x00,0x00,0x00,
  0x00,0x00,0x00,0x00,0x00,0x00,0x00,0x00,0x00,0x00,0x00,0x00,0x00,0x00,0x00,0x00,
  0x00,0x00,0x00,0x00,0x00,0x00,0x00,0x00,0x00,0x00,0x00,0x00,0x00,0x00,0x00,0x00,
  0x00,0x00,0x00,0x00,0x00,0x00,0x00,0x00,0x00,0x00,0x00,0x00,0x00,0x00,0x00,0x00,
  0x00,0x00,0x00,0x00,0x00,0x00,0x00,0x00,0x00,0x00,0x00,0x00,0x00,0x00,0x00,0x00,
  0x00,0x00,0x00,0x00,0x00,0x00,0x00,0x00,0x00,0x00,0x00,0x00,0x00,0x00,0x00,0x00,
  0x00,0x00,0x00,0x00,0x00,0x00,0x00,0x00,0x00,0x00,0x00,0x00,0x00,0x00,0x00,0x00,
  0x00,0x00,0x00,0x00,0x00,0x00,0x00,0x00,0x00,0x00,0x00,0x00,0x00,0x00,0x00,0x00,
  0x00,0x00,0x00,0x00,0x00,0x00,0x00,0x00,0x00,0x00,0x00,0x00,0x00,0x00,0x00,0x00,
  0x00,0x00,0x00,0x00,0x00,0x00,0x00,0x00,0x00,0x00,0x00,0x00,0x00,0x00,0x00,0x00,
  0x00,0x00,0x00,0x00,0x00,0x00,0x00,0x00,0x00,0x00,0x00,0x00,0x00,0x00,0x00,0x00,
  0x00,0x00,0x00,0x00,0x00,0x00,0x00,0x00,0x00,0x00,0x00,0x00,0x00,0x00,0x00,0x00,
  0x00,0x00,0x00,0x00,0x00,0x00,0x00,0x00,0x00,0x00,0x00,0x00,0x00,0x00,0x00,0x00,
  0x00,0x00,0x00,0x00,0x00,0x00,0x00,0x00,0x00,0x00,0x00,0x00,0x00,0x00,0x00,0x00,
  0x00,0x00,0x00,0x00,0x00,0x00,0x00,0x00,0x00,0x00,0x00,0x00,0x00,0x00,0x00,0x00,
  0x00,0x00,0x00,0x00,0x00,0x00,0x00,0x00,0x00,0x00,0x00,0x00,0x00,0x00,0x00,0x00,
  0x00,0x00,0x00,0x00,0x00,0x00,0x00,0x00,0x00,0x00,0x00,0x00,0x00,0x00,0x00,0x00,
  0x00,0x00,0x00,0x00,0x00,0x00,0x00,0x00,0x00,0x00,0x00,0x00,0x00,0x00,0x00,0x00,
  0x00,0x00,0x00,0x00,0x00,0x00,0x00,0x00,0x00,0x00,0x00,0x00,0x00,0x00,0x00,0x00,
  0x00,0x00,0x00,0x00,0x00,0x00,0x00,0x00,0x00,0x00,0x00,0x00,0x00,0x00,0x00,0x00,
  0x00,0x00,0x00,0x00,0x00,0x00,0x00,0x00,0x00,0x00,0x00,0x00,0x00,0x00,0x00,0x00,
  0x00,0x00,0x00,0x00,0x00,0x00,0x00,0x00,0x00,0x00,0x00,0x00,0x00,0x00,0x00,0x00,
  0x00,0x00,0x00,0x00,0x00,0x00,0x00,0x00,0x00,0x00,0x00,0x00,0x00,0x00,0x00,0x00,
  0x00,0x00,0x00,0x00,0x00,0x00,0x00,0x00,0x00,0x00,0x00,0x00,0x00,0x00,0x00,0x00,
  0x00,0x00,0x00,0x00,0x00,0x00,0x00,0x00,0x00,0x00,0x00,0x00,0x00,0x00,0x00,0x00,
  0x00,0x00,0x00,0x00,0x00,0x00,0x00,0x00,0x00,0x00,0x00,0x00,0x00,0x00,0x00,0x00,
  0x00,0x00,0x00,0x00,0x00,0x00,0x00,0x00,0x00,0x00,0x00,0x00,0x00,0x00,0x00,0x00,
  0x00,0x00,0x00,0x00,0x00,0x00,0x00,0x00,0x00,0x00,0x00,0x00,0x00,0x00,0x00,0x00,
  0x00,0x00,0x00,0x00,0x00,0x00,0x00,0x00,0x00,0x00,0x00,0x00,0x00,0x00,0x00,0x00,
  0x00,0x00,0x00,0x00,0x00,0x00,0x00,0x00,0x00,0x00,0x00,0x00,0x00,0x00,0x00,0x00,
  0x00,0x00,0x00,0x00,0x00,0x00,0x00,0x00,0x00,0x00,0x00,0x00,0x00,0x00,0x00,0x00,
  0x00,0x00,0x00,0x00,0x00,0x00,0x00,0x00,0x00,0x00,0x00,0x00,0x00,0x00,0x00,0x00,
  0x00,0x00,0x00,0x00,0x00,0x00,0x00,0x00,0x00,0x00,0x00,0x00,0x00,0x00,0x00,0x00,
  0x00,0x00,0x00,0x00,0x00,0x00,0x00,0x00,0x00,0x00,0x00,0x00,0x00,0x00,0x00,0x00,
  0x00,0x00,0x00,0x00,0x00,0x00,0x00,0x00,0x00,0x00,0x00,0x00,0x00,0x00,0x00,0x00,
  0x00,0x00,0x00,0x00,0x00,0x00,0x00,0x00,0x00,0x00,0x00,0x00,0x00,0x00,0x00,0x00,
  0x00,0x00,0x00,0x00,0x00,0x00,0x00,0x00,0x00,0x00,0x00,0x00,0x00,0x00,0x00,0x00,
  0x00,0x00,0x00,0x00,0x00,0x00,0x00,0x00,0x00,0x00,0x00,0x00,0x00,0x00,0x00,0x00,
  0x00,0x00,0x00,0x00,0x00,0x00,0x00,0x00,0x00,0x00,0x00,0x00,0x00,0x00,0x00,0x00,
  0x00,0x00,0x00,0x00,0x00,0x00,0x00,0x00,0x00,0x00,0x00,0x00,0x00,0x00,0x00,0x00,
  0x00,0x00,0x00,0x00,0x00,0x00,0x00,0x00,0x00,0x00,0x00,0x00,0x00,0x00,0x00,0x00,
  0x00,0x00,0x00,0x00,0x00,0x00,0x00,0x00,0x00,0x00,0x00,0x00,0x00,0x00,0x00,0x00,
  0x00,0x00,0x00,0x00,0x00,0x00,0x00,0x00,0x00,0x00,0x00,0x00,0x00,0x00,0x00,0x00,
  0x00,0x00,0x00,0x00,0x00,0x00,0x00,0x00,0x00,0x00,0x00,0x00,0x00,0x00,0x00,0x00,
  0x00,0x00,0x00,0x00,0x00,0x00,0x00,0x00,0x00,0x00,0x00,0x00,0x00,0x00,0x00,0x00,
  0x00,0x00,0x00,0x00,0x00,0x00,0x00,0x00,0x00,0x00,0x00,0x00,0x00,0x00,0x00,0x00,
  0x00,0x00,0x00,0x00,0x00,0x00,0x00,0x00,0x00,0x00,0x00,0x00,0x00,0x00,0x00,0x00,
  0x00,0x00,0x00,0x00,0x00,0x00,0x00,0x00,0x00,0x00,0x00,0x00,0x00,0x00,0x00,0x00,
  0x00,0x00,0x00,0x00,0x00,0x00,0x00,0x00,0x00,0x00,0x00,0x00,0x00,0x00,0x00,0x00,
  0x00,0x00,0x00,0x00,0x00,0x00,0x00,0x00,0x00,0x00,0x00,0x00,0x00,0x00,0x00,0x00,
  0x00,0x00,0x00,0x00,0x00,0x00,0x00,0x00,0x00,0x00,0x00,0x00,0x00,0x00,0x00,0x00,
  0x00,0x00,0x00,0x00,0x00,0x00,0x00,0x00,0x00,0x00,0x00,0x00,0x00,0x00,0x00,0x00,
  0x00,0x00,0x00,0x00,0x00,0x00,0x00,0x00,0x00,0x00,0x00,0x00,0x00,0x00,0x00,0x00,
  0x00,0x00,0x00,0x00,0x00,0x00,0x00,0x00,0x00,0x00,0x00,0x00,0x00,0x00,0x00,0x00,
  0x00,0x00,0x00,0x00,0x00,0x00,0x00,0x00,0x00,0x00,0x00,0x00,0x00,0x00,0x00,0x00,
  0x00,0x00,0x00,0x00,0x00,0x00,0x00,0x00,0x00,0x00,0x00,0x00,0x00,0x00,0x00,0x00,
  0x00,0x00,0x00,0x00,0x00,0x00,0x00,0x00,0x00,0x00,0x00,0x00,0x00,0x00,0x00,0x00,
  0x00,0x00,0x00,0x00,0x00,0x00,0x00,0x00,0x00,0x00,0x00,0x00,0x00,0x00,0x00,0x00,
  0x00,0x00,0x00,0x00,0x00,0x00,0x00,0x00,0x00,0x00,0x00,0x00,0x00,0x00,0x00,0x00,
  0x00,0x00,0x00,0x00,0x00,0x00,0x00,0x00,0x00,0x00,0x00,0x00,0x00,0x00,0x00,0x00,
  0x00,0x00,0x00,0x00,0x00,0x00,0x00,0x00,0x00,0x00,0x00,0x00,0x00,0x00,0x00,0x00,
  0x00,0x00,0x00,0x00,0x00,0x00,0x00,0x00,0x00,0x00,0x00,0x00,0x00,0x00,0x00,0x00,
  0x00,0x00,0x00,0x00,0x00,0x00,0x00,0x00,0x00,0x00,0x00,0x00,0x00,0x00,0x00,0x00,
  0x00,0x00,0x00,0x00,0x00,0x00,0x00,0x00,0x00,0x00,0x00,0x00,0x00,0x00,0x00,0x00,
  0x00,0x00,0x00,0x00,0x00,0x00,0x00,0x00,0x00,0x00,0x00,0x00,0x00,0x00,0x00,0x00,
  0x00,0x00,0x00,0x00,0x00,0x00,0x00,0x00,0x00,0x00,0x00,0x00,0x00,0x00,0x00,0x00,
  0x00,0x00,0x00,0x00,0x00,0x00,0x00,0x00,0x00,0x00,0x00,0x00,0x00,0x00,0x00,0x00,
  0x00,0x00,0x00,0x00,0x00,0x00,0x00,0x00,0x00,0x00,0x00,0x00,0x00,0x00,0x00,0x00,
  0x00,0x00,0x00,0x00,0x00,0x00,0x00,0x00,0x00,0x00,0x00,0x00,0x00,0x00,0x00,0x00,
  0x00,0x00,0x00,0x00,0x00,0x00,0x00,0x00,0x00,0x00,0x00,0x00,0x00,0x00,0x00,0x00,
  0x00,0x00,0x00,0x00,0x00,0x00,0x00,0x00,0x00,0x00,0x00,0x00,0x00,0x00,0x00,0x00,
  0x00,0x00,0x00,0x00,0x00,0x00,0x00,0x00,0x00,0x00,0x00,0x00,0x00,0x00,0x00,0x00,
  0x00,0x00,0x00,0x00,0x00,0x00,0x00,0x00,0x00,0x00,0x00,0x00,0x00,0x00,0x00,0x00,
  0x00,0x00,0x00,0x00,0x00,0x00,0x00,0x00,0x00,0x00,0x00,0x00,0x00,0x00,0x00,0x00,
  0x00,0x00,0x00,0x00,0x00,0x00,0x00,0x00,0x00,0x00,0x00,0x00,0x00,0x00,0x00,0x00,
  0x00,0x00,0x00,0x00,0x00,0x00,0x00,0x00,0x00,0x00,0x00,0x00,0x00,0x00,0x00,0x00,
  0x00,0x00,0x00,0x00,0x00,0x00,0x00,0x00,0x00,0x00,0x00,0x00,0x00,0x00,0x00,0x00,
  0x00,0x00,0x00,0x00,0x00,0x00,0x00,0x00,0x00,0x00,0x00,0x00,0x00,0x00,0x00,0x00,
  0x00,0x00,0x00,0x00,0x00,0x00,0x00,0x00,0x00,0x00,0x00,0x00,0x00,0x00,0x00,0x00,
  0x00,0x00,0x00,0x00,0x00,0x00,0x00,0x00,0x00,0x00,0x00,0x00,0x00,0x00,0x00,0x00,
  0x00,0x00,0x00,0x00,0x00,0x00,0x00,0x00,0x00,0x00,0x00,0x00,0x00,0x00,0x00,0x00,
  0x00,0x00,0x00,0x00,0x00,0x00,0x00,0x00,0x00,0x00,0x00,0x00,0x00,0x00,0x00,0x00,
  0x00,0x00,0x00,0x00,0x00,0x00,0x00,0x00,0x00,0x00,0x00,0x00,0x00,0x00,0x00,0x00,
  0x00,0x00,0x00,0x00,0x00,0x00,0x00,0x00,0x00,0x00,0x00,0x00,0x00,0x00,0x00,0x00,
  0x00,0x00,0x00,0x00,0x00,0x00,0x00,0x00,0x00,0x00,0x00,0x00,0x00,0x00,0x00,0x00,
  0x00,0x00,0x00,0x00,0x00,0x00,0x00,0x00,0x00,0x00,0x00,0x00,0x00,0x00,0x00,0x00,
  0x00,0x00,0x00,0x00,0x00,0x00,0x00,0x00,0x00,0x00,0x00,0x00,0x00,0x00,0x00,0x00,
  0x00,0x00,0x00,0x00,0x00,0x00,0x00,0x00,0x00,0x00,0x00,0x00,0x00,0x00,0x00,0x00,
  0x00,0x00,0x00,0x00,0x00,0x00,0x00,0x00,0x00,0x00,0x00,0x00,0x00,0x00,0x00,0x00,
  0x00,0x00,0x00,0x00,0x00,0x00,0x00,0x00,0x00,0x00,0x00,0x00,0x00,0x00,0x00,0x00,
  0x00,0x00,0x00,0x00,0x00,0x00,0x00,0x00,0x00,0x00,0x00,0x00,0x00,0x00,0x00,0x00,
  0x00,0x00,0x00,0x00,0x00,0x00,0x00,0x00,0x00,0x00,0x00,0x00,0x00,0x00,0x00,0x00,
  0x00,0x00,0x00,0x00,0x00,0x00,0x00,0x00,0x00,0x00,0x00,0x00,0x00,0x00,0x00,0x00,
  0x00,0x00,0x00,0x00,0x00,0x00,0x00,0x00,0x00,0x00,0x00,0x00,0x00,0x00,0x00,0x00,
  0x00,0x00,0x00,0x00,0x00,0x00,0x00,0x00,0x00,0x00,0x00,0x00,0x00,0x00,0x00,0x00,
  0x00,0x00,0x00,0x00,0x00,0x00,0x00,0x00,0x00,0x00,0x00,0x00,0x00,0x00,0x00,0x00,
  0x00,0x00,0x00,0x00,0x00,0x00,0x00,0x00,0x00,0x00,0x00,0x00,0x00,0x00,0x00,0x00,
  0x00,0x00,0x00,0x00,0x00,0x00,0x00,0x00,0x00,0x00,0x00,0x00,0x00,0x00,0x00,0x00,
  0x00,0x00,0x00,0x00,0x00,0x00,0x00,0x00,0x00,0x00,0x00,0x00,0x00,0x00,0x00,0x00,
  0x00,0x00,0x00,0x00,0x00,0x00,0x00,0x00,0x00,0x00,0x00,0x00,0x00,0x00,0x00,0x00,
  0x00,0x00,0x00,0x00,0x00,0x00,0x00,0x00,0x00,0x00,0x00,0x00,0x00,0x00,0x00,0x00,
  0x00,0x00,0x00,0x00,0x00,0x00,0x00,0x00,0x00,0x00,0x00,0x00,0x00,0x00,0x00,0x00,
  0x00,0x00,0x00,0x00,0x00,0x00,0x00,0x00,0x00,0x00,0x00,0x00,0x00,0x00,0x00,0x00,
  0x00,0x00,0x00,0x00,0x00,0x00,0x00,0x00,0x00,0x00,0x00,0x00,0x00,0x00,0x00,0x00,
  0x00,0x00,0x00,0x00,0x00,0x00,0x00,0x00,0x00,0x00,0x00,0x00,0x00,0x00,0x00,0x00,
  0x00,0x00,0x00,0x00,0x00,0x00,0x00,0x00,0x00,0x00,0x00,0x00,0x00,0x00,0x00,0x00,
  0x00,0x00,0x00,0x00,0x00,0x00,0x00,0x00,0x00,0x00,0x00,0x00,0x00,0x00,0x00,0x00,
  0x00,0x00,0x00,0x00,0x00,0x00,0x00,0x00,0x00,0x00,0x00,0x00,0x00,0x00,0x00,0x00,
  0x00,0x00,0x00,0x00,0x00,0x00,0x00,0x00,0x00,0x00,0x00,0x00,0x00,0x00,0x00,0x00,
  0x00,0x00,0x00,0x00,0x00,0x00,0x00,0x00,0x00,0x00,0x00,0x00,0x00,0x00,0x00,0x00,
  0x00,0x00,0x00,0x00,0x00,0x00,0x00,0x00,0x00,0x00,0x00,0x00,0x00,0x00,0x00,0x00,
  0x00,0x00,0x00,0x00,0x00,0x00,0x00,0x00,0x00,0x00,0x00,0x00,0x00,0x00,0x00,0x00,
  0x00,0x00,0x00,0x00,0x00,0x00,0x00,0x00,0x00,0x00,0x00,0x00,0x00,0x00,0x00,0x00,
  0x00,0x00,0x00,0x00,0x00,0x00,0x43,0x00,0x63,0x00,0x63,0x00,0x63,0x00,0x63,0x00,
  0x63,0x00,0x63,0x00,0x63,0x00,0x63,0x00,0x63,0x00,0x63,0x00,0x63,0x00,0x63,0x00,
  0x00,0x00,0x00,0x00,0x00,0x00,0x00,0x00,0x00,0x00,0x00,0x00,0x00,0x00,0x00,0x00,
  0x00,0x00,0x00,0x00,0x00,0x00,0x00,0x00,0x00,0x00,0x00,0x00,0x00,0x00,0x00,0x00,
  0x00,0x00,0x00,0x00,0x00,0x00,0x00,0x00,0x00,0x00,0x00,0x00,0x00,0x00,0x00,0x00,
  0x00,0x00,0x00,0x00,0x00,0x00,0x00,0x00,0x00,0x00,0x00,0x00,0x00,0x00,0x00,0x00,
  0x00,0x00,0x00,0x00,0x00,0x00,0x00,0x00,0x00,0x00,0x00,0x00,0x00,0x00,0x00,0x00,
  0x00,0x00,0x00,0x00,0x00,0x00,0x00,0x00,0x00,0x00,0x00,0x00,0x00,0x00,0x00,0x00,
  0x63,0x00,0x63,0x00,0x63,0x00,0x63,0x00,0x63,0x00,0x83,0x00,0x84,0x00,0x63,0x00,
  0x63,0x00,0x63,0x00,0x63,0x00,0x43,0x00,0x63,0x00,0x00,0x00,0x00,0x00,0x00,0x00,
  0x00,0x00,0x00,0x00,0x00,0x00,0x00,0x00,0x00,0x00,0x00,0x00,0x00,0x00,0x00,0x00,
  0x00,0x00,0x00,0x00,0x00,0x00,0x00,0x00,0x00,0x00,0x00,0x00,0x00,0x00,0x00,0x00,
  0x00,0x00,0x00,0x00,0x00,0x00,0x63,0x00,0x63,0x00,0x63,0x00,0x63,0x00,0x63,0x00,
  0x63,0x00,0x63,0x00,0x63,0x00,0x63,0x00,0x63,0x00,0x63,0x00,0x63,0x00,0x43,0x00,
  0x82,0x00,0x00,0x00,0x00,0x00,0x00,0x00,0x00,0x00,0x00,0x00,0x00,0x00,0x00,0x00,
  0x00,0x00,0x00,0x00,0x00,0x00,0x00,0x00,0x00,0x00,0x00,0x00,0x00,0x00,0x00,0x00,
  0x00,0x00,0x00,0x00,0x00,0x00,0x00,0x00,0x00,0x00,0x00,0x00,0x00,0x00,0x00,0x00,
  0x00,0x00,0x00,0x00,0x00,0x00,0x00,0x00,0x00,0x00,0x00,0x00,0x00,0x00,0x00,0x00,
  0x00,0x00,0x00,0x00,0x00,0x00,0x00,0x00,0x00,0x00,0x00,0x00,0x00,0x00,0x00,0x00,
  0x00,0x00,0x00,0x00,0x00,0x00,0x00,0x00,0x00,0x00,0x00,0x00,0x00,0x00,0x00,0x00,
  0x63,0x00,0x63,0x00,0x63,0x00,0x63,0x00,0x63,0x00,0x63,0x00,0x63,0x00,0x63,0x00,
  0x63,0x00,0x63,0x00,0x63,0x00,0x63,0x00,0x63,0x00,0x05,0x00,0x00,0x00,0x00,0x00,
  0x00,0x00,0x00,0x00,0x00,0x00,0x00,0x00,0x00,0x00,0x00,0x00,0x00,0x00,0x00,0x00,
  0x00,0x00,0x00,0x00,0x00,0x00,0x00,0x00,0x00,0x00,0x00,0x00,0x00,0x00,0x00,0x00,
  0x00,0x00,0x00,0x00,0x00,0x00,0x63,0x00,0x63,0x00,0x63,0x00,0x63,0x00,0x63,0x00,
  0x63,0x00,0x63,0x00,0x63,0x00,0x63,0x00,0x63,0x00,0x63,0x00,0x63,0x00,0x63,0x00,
  0x61,0x00,0x00,0x00,0x00,0x00,0x00,0x00,0x00,0x00,0x00,0x00,0x00,0x00,0x00,0x00,
  0x00,0x00,0x00,0x00,0x00,0x00,0x00,0x00,0x00,0x00,0x00,0x00,0x00,0x00,0x00,0x00,
  0x00,0x00,0x00,0x00,0x00,0x00,0x00,0x00,0x00,0x00,0x00,0x00,0x00,0x00,0x00,0x00,
  0x00,0x00,0x00,0x00,0x00,0x00,0x00,0x00,0x00,0x00,0x00,0x00,0x00,0x00,0x00,0x00,
  0x00,0x00,0x00,0x00,0x00,0x00,0x00,0x00,0x00,0x00,0x00,0x00,0x00,0x00,0x00,0x00,
  0x00,0x00,0x00,0x00,0x00,0x00,0x00,0x00,0x00,0x00,0x00,0x00,0x00,0x00,0x00,0x00,
  0x63,0x00,0x63,0x00,0x63,0x00,0x63,0x00,0x84,0x00,0x84,0x00,0x63,0x00,0x63,0x00,
  0x63,0x00,0x63,0x00,0x63,0x00,0x63,0x00,0x63,0x00,0x06,0x00,0x00,0x00,0x00,0x00,
  0x00,0x00,0x00,0x00,0x00,0x00,0x00,0x00,0x00,0x00,0x00,0x00,0x00,0x00,0x00,0x00,
  0x00,0x00,0x00,0x00,0x00,0x00,0x00,0x00,0x00,0x00,0x00,0x00,0x00,0x00,0x00,0x00,
  0x00,0x00,0x00,0x00,0x00,0x00,0x63,0x00,0x63,0x00,0x63,0x00,0x42,0x00,0x01,0x00,
  0x21,0x00,0x22,0x00,0x21,0x00,0x01,0x00,0x42,0x00,0x63,0x00,0x63,0x00,0x63,0x00,
  0x00,0x00,0x00,0x00,0x00,0x00,0x00,0x00,0x00,0x00,0x00,0x00,0x00,0x00,0x00,0x00,
  0x00,0x00,0x00,0x00,0x00,0x00,0x00,0x00,0x00,0x00,0x00,0x00,0x00,0x00,0x00,0x00,
  0x00,0x00,0x00,0x00,0x00,0x00,0x00,0x00,0x00,0x00,0x00,0x00,0x00,0x00,0x00,0x00,
  0x00,0x00,0x00,0x00,0x00,0x00,0x00,0x00,0x00,0x00,0x00,0x00,0x00,0x00,0x00,0x00,
  0x00,0x00,0x00,0x00,0x00,0x00,0x00,0x00,0x00,0x00,0x00,0x00,0x00,0x00,0x00,0x00,
  0x00,0x00,0x00,0x00,0x00,0x00,0x00,0x00,0x00,0x00,0x00,0x00,0x00,0x00,0x00,0x00,
  0x63,0x00,0x63,0x00,0x63,0x00,0x42,0x00,0x21,0x00,0x22,0x00,0x21,0x00,0x01,0x00,
  0x21,0x00,0x43,0x00,0x63,0x00,0x63,0x00,0x63,0x00,0x06,0x00,0x00,0x00,0x00,0x00,
  0x00,0x00,0x00,0x00,0x00,0x00,0x00,0x00,0x00,0x00,0x00,0x00,0x00,0x00,0x00,0x00,
  0x00,0x00,0x00,0x00,0x00,0x00,0x00,0x00,0x00,0x00,0x00,0x00,0x00,0x00,0x00,0x00,
  0x00,0x00,0x00,0x00,0x00,0x00,0x63,0x00,0x63,0x00,0x42,0x00,0x84,0x00,0x2f,0x02,
  0x30,0x02,0x30,0x02,0xee,0x01,0x0f,0x02,0x49,0x01,0x43,0x00,0x63,0x00,0x63,0x00,
  0x63,0x00,0x63,0x00,0x63,0x00,0x63,0x00,0x00,0x00,0x00,0x00,0x00,0x00,0x00,0x00,
  0x00,0x00,0x00,0x00,0x00,0x00,0x00,0x00,0x00,0x00,0x00,0x00,0x00,0x00,0x00,0x00,
  0x00,0x00,0x00,0x00,0x00,0x00,0x00,0x00,0x00,0x00,0x00,0x00,0x00,0x00,0x00,0x00,
  0x00,0x00,0x00,0x00,0x00,0x00,0x00,0x00,0x00,0x00,0x00,0x00,0x00,0x00,0x00,0x00,
  0x00,0x00,0x00,0x00,0x00,0x00,0x00,0x00,0x00,0x00,0x00,0x00,0x00,0x00,0x00,0x00,
  0x00,0x00,0x00,0x00,0x00,0x00,0x00,0x00,0x63,0x00,0x63,0x00,0x63,0x00,0x63,0x00,
  0x63,0x00,0x63,0x00,0x43,0x00,0xa5,0x00,0x2f,0x02,0x50,0x02,0x2f,0x02,0xee,0x01,
  0x30,0x02,0x07,0x01,0x63,0x00,0x63,0x00,0x63,0x00,0x07,0x00,0x00,0x00,0x00,0x00,
  0x00,0x00,0x00,0x00,0x00,0x00,0x00,0x00,0x00,0x00,0x00,0x00,0x00,0x00,0x00,0x00,
  0x00,0x00,0x00,0x00,0x00,0x00,0x00,0x00,0x00,0x00,0x00,0x00,0x00,0x00,0x00,0x00,
  0x00,0x00,0x00,0x00,0x00,0x00,0x63,0x00,0x63,0x00,0x42,0x00,0xc6,0x00,0x5f,0x04,
  0x7f,0x04,0x5f,0x04,0x3f,0x04,0x9f,0x04,0x72,0x02,0x42,0x00,0x83,0x00,0x63,0x00,
  0x63,0x00,0x63,0x00,0x63,0x00,0x43,0x00,0x00,0x00,0x00,0x00,0x00,0x00,0x00,0x00,
  0x00,0x00,0x00,0x00,0x00,0x00,0x00,0x00,0x00,0x00,0x00,0x00,0x00,0x00,0x00,0x00,
  0x00,0x00,0x00,0x00,0x00,0x00,0x00,0x00,0x00,0x00,0x00,0x00,0x00,0x00,0x00,0x00,
  0x00,0x00,0x00,0x00,0x00,0x00,0x00,0x00,0x00,0x00,0x00,0x00,0x00,0x00,0x00,0x00,
  0x00,0x00,0x00,0x00,0x00,0x00,0x00,0x00,0x00,0x00,0x00,0x00,0x00,0x00,0x00,0x00,
  0x00,0x00,0x00,0x00,0x00,0x00,0x00,0x00,0x63,0x00,0x63,0x00,0x63,0x00,0x63,0x00,
  0x63,0x00,0x84,0x00,0x42,0x00,0x49,0x01,0x9f,0x04,0x7f,0x04,0x5f,0x04,0x5f,0x04,
  0xbf,0x04,0xad,0x01,0x22,0x00,0x63,0x00,0x63,0x00,0x07,0x00,0x00,0x00,0x00,0x00,
  0x00,0x00,0x00,0x00,0x00,0x00,0x00,0x00,0x00,0x00,0x00,0x00,0x00,0x00,0x00,0x00,
  0x00,0x00,0x00,0x00,0x00,0x00,0x00,0x00,0x00,0x00,0x00,0x00,0x00,0x00,0x00,0x00,
  0x00,0x00,0x00,0x00,0x00,0x00,0x63,0x00,0x63,0x00,0x42,0x00,0xc7,0x00,0x1e,0x04,
  0x1f,0x04,0xfe,0x03,0xfe,0x03,0x3f,0x04,0x10,0x02,0x00,0x00,0x42,0x00,0x42,0x00,
  0x63,0x00,0x63,0x00,0x63,0x00,0x63,0x00,0x00,0x00,0x00,0x00,0x00,0x00,0x00,0x00,
  0x00,0x00,0x00,0x00,0x00,0x00,0x00,0x00,0x00,0x00,0x00,0x00,0x00,0x00,0x00,0x00,
  0x00,0x00,0x00,0x00,0x00,0x00,0x00,0x00,0x00,0x00,0x00,0x00,0x00,0x00,0x00,0x00,
  0x00,0x00,0x00,0x00,0x00,0x00,0x00,0x00,0x00,0x00,0x00,0x00,0x00,0x00,0x00,0x00,
  0x00,0x00,0x00,0x00,0x00,0x00,0x00,0x00,0x00,0x00,0x00,0x00,0x00,0x00,0x00,0x00,
  0x00,0x00,0x00,0x00,0x00,0x00,0x00,0x00,0x43,0x00,0x63,0x00,0x63,0x00,0x63,0x00,
  0x42,0x00,0x42,0x00,0x00,0x00,0x07,0x01,0x1f,0x04,0xfe,0x03,0xfe,0x03,0xfe,0x03,
  0x5f,0x04,0x8c,0x01,0x42,0x00,0x83,0x00,0x63,0x00,0x06,0x00,0x00,0x00,0x00,0x00,
  0x00,0x00,0x00,0x00,0x00,0x00,0x00,0x00,0x00,0x00,0x00,0x00,0x00,0x00,0x00,0x00,
  0x00,0x00,0x00,0x00,0x00,0x00,0x00,0x00,0x00,0x00,0x00,0x00,0x00,0x00,0x00,0x00,
  0x00,0x00,0x00,0x00,0x00,0x00,0x63,0x00,0x63,0x00,0x42,0x00,0xc6,0x00,0x3e,0x04,
  0x3f,0x04,0x1f,0x04,0x1e,0x04,0x3f,0x04,0xb4,0x02,0x08,0x01,0x6a,0x01,0x08,0x01,
  0x43,0x00,0x63,0x00,0x63,0x00,0x63,0x00,0x63,0x00,0x63,0x00,0x63,0x00,0x00,0x00,
  0x00,0x00,0x00,0x00,0x00,0x00,0x00,0x00,0x00,0x00,0x00,0x00,0x00,0x00,0x00,0x00,
  0x00,0x00,0x00,0x00,0x00,0x00,0x00,0x00,0x00,0x00,0x00,0x00,0x00,0x00,0x00,0x00,
  0x00,0x00,0x00,0x00,0x00,0x00,0x00,0x00,0x00,0x00,0x00,0x00,0x00,0x00,0x00,0x00,
  0x00,0x00,0x00,0x00,0x00,0x00,0x00,0x00,0x00,0x00,0x00,0x00,0x00,0x00,0x00,0x00,
  0x00,0x00,0x63,0x00,0x63,0x00,0x63,0x00,0x63,0x00,0x63,0x00,0x63,0x00,0x42,0x00,
  0xe6,0x00,0x4a,0x01,0x28,0x01,0x0f,0x02,0x3f,0x04,0xff,0x03,0x1f,0x04,0xff,0x03,
  0x5f,0x04,0x6b,0x01,0x21,0x00,0x84,0x00,0x63,0x00,0x05,0x00,0x00,0x00,0x00,0x00,
  0x00,0x00,0x00,0x00,0x00,0x00,0x00,0x00,0x00,0x00,0x00,0x00,0x00,0x00,0x00,0x00,
  0x00,0x00,0x00,0x00,0x00,0x00,0x00,0x00,0x00,0x00,0x00,0x00,0x00,0x00,0x00,0x00,
  0x00,0x00,0x00,0x00,0x00,0x00,0x63,0x00,0x63,0x00,0x42,0x00,0xa5,0x00,0xfd,0x03,
  0x3f,0x04,0x1f,0x04,0x1f,0x04,0x1f,0x04,0x3f,0x04,0x1f,0x04,0x7f,0x04,0x17,0x03,
  0x42,0x00,0x63,0x00,0x63,0x00,0x63,0x00,0x63,0x00,0x63,0x00,0x63,0x00,0x00,0x00,
  0x00,0x00,0x00,0x00,0x00,0x00,0x00,0x00,0x00,0x00,0x00,0x00,0x00,0x00,0x00,0x00,
  0x00,0x00,0x00,0x00,0x00,0x00,0x00,0x00,0x00,0x00,0x00,0x00,0x00,0x00,0x00,0x00,
  0x00,0x00,0x00,0x00,0x00,0x00,0x00,0x00,0x00,0x00,0x00,0x00,0x00,0x00,0x00,0x00,
  0x00,0x00,0x00,0x00,0x00,0x00,0x00,0x00,0x00,0x00,0x00,0x00,0x00,0x00,0x00,0x00,
  0x00,0x00,0x63,0x00,0x63,0x00,0x63,0x00,0x63,0x00,0x63,0x00,0x84,0x00,0x22,0x00,
  0x92,0x02,0x7f,0x04,0x1f,0x04,0x3f,0x04,0x1f,0x04,0xff,0x03,0xff,0x03,0xfe,0x03,
  0x5f,0x04,0x6b,0x01,0x21,0x00,0x84,0x00,0x63,0x00,0x07,0x00,0x00,0x00,0x00,0x00,
  0x00,0x00,0x00,0x00,0x00,0x00,0x00,0x00,0x00,0x00,0x00,0x00,0x00,0x00,0x00,0x00,
  0x00,0x00,0x00,0x00,0x00,0x00,0x00,0x00,0x00,0x00,0x00,0x00,0x00,0x00,0x00,0x00,
  0x00,0x00,0x00,0x00,0x00,0x00,0x63,0x00,0x63,0x00,0x42,0x00,0xa6,0x00,0x1e,0x04,
  0x5f,0x04,0x3f,0x04,0x1f,0x04,0x1f,0x04,0x1f,0x04,0x1e,0x04,0x5f,0x04,0xd5,0x02,
  0x01,0x00,0x63,0x00,0x63,0x00,0x63,0x00,0x63,0x00,0x63,0x00,0x63,0x00,0x00,0x00,
  0x00,0x00,0x00,0x00,0x00,0x00,0x00,0x00,0x00,0x00,0x00,0x00,0x00,0x00,0x00,0x00,
  0x00,0x00,0x00,0x00,0x00,0x00,0x00,0x00,0x00,0x00,0x00,0x00,0x00,0x00,0x00,0x00,
  0x00,0x00,0x00,0x00,0x00,0x00,0x00,0x00,0x00,0x00,0x00,0x00,0x00,0x00,0x00,0x00,
  0x00,0x00,0x00,0x00,0x00,0x00,0x00,0x00,0x00,0x00,0x00,0x00,0x00,0x00,0x00,0x00,
  0x00,0x00,0x63,0x00,0x63,0x00,0x63,0x00,0x63,0x00,0x63,0x00,0x63,0x00,0x01,0x00,
  0x51,0x02,0x5f,0x04,0xfe,0x03,0xff,0x03,0x1f,0x04,0x1f,0x04,0x3f,0x04,0x3f,0x04,
  0x7f,0x04,0x8c,0x01,0x42,0x00,0x84,0x00,0x63,0x00,0x0a,0x00,0x00,0x00,0x00,0x00,
  0x00,0x00,0x00,0x00,0x00,0x00,0x00,0x00,0x00,0x00,0x00,0x00,0x00,0x00,0x00,0x00,
  0x00,0x00,0x00,0x00,0x00,0x00,0x00,0x00,0x00,0x00,0x00,0x00,0x00,0x00,0x00,0x00,
  0x00,0x00,0x00,0x00,0x00,0x00,0x62,0x00,0x63,0x00,0x42,0x00,0xa5,0x00,0x59,0x03,
  0x9a,0x03,0xfd,0x03,0x3f,0x04,0x1f,0x04,0x1f,0x04,0x1e,0x04,0x5f,0x04,0xf6,0x02,
  0x63,0x00,0xc6,0x00,0xa5,0x00,0x63,0x00,0x63,0x00,0x63,0x00,0x83,0x00,0xa4,0x00,
  0x83,0x00,0x83,0x00,0x83,0x00,0x83,0x00,0x83,0x00,0x63,0x00,0x63,0x00,0x63,0x00,
  0x00,0x00,0x00,0x00,0x00,0x00,0x00,0x00,0x00,0x00,0x00,0x00,0x00,0x00,0x00,0x00,
  0x00,0x00,0x00,0x00,0x00,0x00,0x00,0x00,0x00,0x00,0x00,0x00,0x00,0x00,0x00,0x00,
  0x03,0x00,0x63,0x00,0x63,0x00,0x83,0x00,0x83,0x00,0x83,0x00,0x83,0x00,0x83,0x00,
  0x83,0x00,0x84,0x00,0x63,0x00,0x63,0x00,0x63,0x00,0xa4,0x00,0xa5,0x00,0x42,0x00,
  0x92,0x02,0x5f,0x04,0xfe,0x03,0x1f,0x04,0x1f,0x04,0x1f,0x04,0xbc,0x03,0x5a,0x03,
  0xba,0x03,0x49,0x01,0x21,0x00,0x63,0x00,0x63,0x00,0x07,0x00,0x00,0x00,0x00,0x00,
  0x00,0x00,0x00,0x00,0x00,0x00,0x00,0x00,0x00,0x00,0x00,0x00,0x00,0x00,0x00,0x00,
  0x00,0x00,0x00,0x00,0x00,0x00,0x00,0x00,0x00,0x00,0x00,0x00,0x00,0x00,0x00,0x00,
  0x00,0x00,0x00,0x00,0x00,0x00,0x42,0x00,0x63,0x00,0x63,0x00,0x63,0x00,0x84,0x00,
  0x22,0x00,0x0f,0x02,0x7f,0x04,0xfe,0x03,0x1f,0x04,0x1f,0x04,0x1f,0x04,0xfe,0x03,
  0xbc,0x03,0x1d,0x04,0xb4,0x02,0x42,0x00,0x63,0x00,0x63,0x00,0x63,0x00,0x84,0x00,
  0x83,0x00,0x83,0x00,0x63,0x00,0x63,0x00,0x63,0x00,0x63,0x00,0x63,0x00,0x63,0x00,
  0x00,0x00,0x00,0x00,0x00,0x00,0x00,0x00,0x00,0x00,0x00,0x00,0x00,0x00,0x00,0x00,
  0x00,0x00,0x00,0x00,0x00,0x00,0x00,0x00,0x00,0x00,0x00,0x00,0x00,0x00,0x00,0x00,
  0x84,0x00,0x63,0x00,0x63,0x00,0x63,0x00,0x63,0x00,0x63,0x00,0x83,0x00,0x63,0x00,
  0x63,0x00,0x63,0x00,0x63,0x00,0x83,0x00,0x21,0x00,0x50,0x02,0x1d,0x04,0xbc,0x03,
  0xfe,0x03,0x1f,0x04,0xff,0x03,0x1f,0x04,0xfe,0x03,0x5f,0x04,0x0f,0x02,0x21,0x00,
  0x84,0x00,0x63,0x00,0x63,0x00,0x63,0x00,0x63,0x00,0x05,0x00,0x00,0x00,0x00,0x00,
  0x00,0x00,0x00,0x00,0x00,0x00,0x00,0x00,0x00,0x00,0x00,0x00,0x00,0x00,0x00,0x00,
  0x00,0x00,0x00,0x00,0x00,0x00,0x00,0x00,0x00,0x00,0x00,0x00,0x00,0x00,0x00,0x00,
  0x00,0x00,0x00,0x00,0x00,0x00,0x63,0x00,0x63,0x00,0x63,0x00,0x63,0x00,0x84,0x00,
  0x01,0x00,0xee,0x01,0x7f,0x04,0x1f,0x04,0x1f,0x04,0x1f,0x04,0x1f,0x04,0x1f,0x04,
  0x1f,0x04,0x7f,0x04,0xb5,0x02,0x21,0x00,0x63,0x00,0x83,0x00,0x84,0x00,0x84,0x00,
  0x84,0x00,0x84,0x00,0x83,0x00,0x83,0x00,0x83,0x00,0x63,0x00,0x83,0x00,0x83,0x00,
  0x00,0x00,0x00,0x00,0x00,0x00,0x00,0x00,0x00,0x00,0x00,0x00,0x00,0x00,0x00,0x00,
  0x00,0x00,0x00,0x00,0x00,0x00,0x00,0x00,0x00,0x00,0x00,0x00,0x00,0x00,0x00,0x00,
  0x64,0x00,0x63,0x00,0x63,0x00,0x83,0x00,0x83,0x00,0x84,0x00,0x84,0x00,0x84,0x00,
  0x83,0x00,0x83,0x00,0x83,0x00,0x84,0x00,0x21,0x00,0x71,0x02,0x5f,0x04,0xff,0x03,
  0x1f,0x04,0xff,0x03,0xff,0x03,0x1f,0x04,0x1f,0x04,0x5f,0x04,0xef,0x01,0x01,0x00,
  0x84,0x00,0x63,0x00,0x83,0x00,0x63,0x00,0x63,0x00,0x06,0x00,0x00,0x00,0x00,0x00,
  0x00,0x00,0x00,0x00,0x00,0x00,0x00,0x00,0x00,0x00,0x00,0x00,0x00,0x00,0x00,0x00,
  0x00,0x00,0x00,0x00,0x00,0x00,0x00,0x00,0x00,0x00,0x00,0x00,0x00,0x00,0x00,0x00,
  0x00,0x00,0x00,0x00,0x00,0x00,0x00,0x00,0x00,0x00,0x00,0x00,0x63,0x00,0x84,0x00,
  0x01,0x00,0xee,0x01,0x5f,0x04,0x1e,0x04,0x3f,0x04,0x1f,0x04,0x1f,0x04,0x1f,0x04,
  0x1e,0x04,0x5f,0x04,0x94,0x02,0x01,0x00,0x84,0x00,0x22,0x00,0x02,0x00,0x01,0x00,
  0x00,0x00,0x00,0x00,0x01,0x00,0x01,0x00,0x22,0x00,0x83,0x00,0x63,0x00,0x83,0x00,
  0xef,0x7b,0x86,0x01,0x00,0x00,0x00,0x00,0x00,0x00,0x00,0x00,0x00,0x00,0x0a,0x00,
  0x00,0x00,0x00,0x00,0x0f,0x00,0x07,0x00,0x0a,0x00,0x00,0x00,0x86,0x01,0xef,0x7b,
  0x84,0x08,0x63,0x00,0x83,0x00,0x22,0x00,0x01,0x00,0x01,0x00,0x00,0x00,0x00,0x00,
  0x01,0x00,0x01,0x00,0x01,0x00,0x83,0x00,0x21,0x00,0x50,0x02,0x5f,0x04,0xfe,0x03,
  0xff,0x03,0xff,0x03,0xff,0x03,0x1f,0x04,0xfe,0x03,0x5f,0x04,0x30,0x02,0x21,0x00,
  0x63,0x00,0x63,0x00,0x29,0x01,0x00,0x00,0x00,0x00,0x00,0x00,0x00,0x00,0x00,0x00,
  0x00,0x00,0x00,0x00,0x00,0x00,0x00,0x00,0x00,0x00,0x00,0x00,0x00,0x00,0x00,0x00,
  0x00,0x00,0x00,0x00,0x00,0x00,0x00,0x00,0x00,0x00,0x00,0x00,0x00,0x00,0x00,0x00,
  0x00,0x00,0x00,0x00,0x00,0x00,0x00,0x00,0x00,0x00,0x00,0x00,0x63,0x00,0x63,0x00,
  0x63,0x00,0xa5,0x00,0xe7,0x00,0xc6,0x00,0xd5,0x02,0x5f,0x04,0xfe,0x03,0x1f,0x04,
  0x1f,0x04,0x5f,0x04,0xd5,0x02,0x42,0x00,0x63,0x00,0x2d,0x63,0xb3,0x94,0x51,0x8c,
  0x51,0x8c,0x51,0x8c,0x51,0x8c,0x93,0x94,0xcb,0x52,0x22,0x00,0x63,0x00,0x63,0x00,
  0x63,0x00,0x63,0x00,0x63,0x00,0x63,0x00,0x63,0x00,0x63,0x00,0x63,0x00,0x63,0x00,
  0x63,0x00,0x63,0x00,0x63,0x00,0x63,0x00,0x63,0x00,0x83,0x00,0x63,0x00,0x63,0x00,
  0x83,0x00,0x63,0x00,0x22,0x00,0x4e,0x63,0x93,0x94,0x51,0x84,0x51,0x8c,0x51,0x8c,
  0x52,0x8c,0x93,0x94,0x2d,0x63,0x43,0x00,0x42,0x00,0x71,0x02,0x7f,0x04,0xff,0x03,
  0xff,0x03,0xfe,0x03,0x3f,0x04,0x39,0x03,0xc7,0x00,0x08,0x01,0xc6,0x00,0x63,0x00,
  0x63,0x00,0x63,0x00,0x84,0x00,0x00,0x00,0x00,0x00,0x00,0x00,0x00,0x00,0x00,0x00,
  0x00,0x00,0x00,0x00,0x00,0x00,0x00,0x00,0x00,0x00,0x00,0x00,0x00,0x00,0x00,0x00,
  0x00,0x00,0x00,0x00,0x00,0x00,0x00,0x00,0x00,0x00,0x00,0x00,0x00,0x00,0x00,0x00,
  0x00,0x00,0x00,0x00,0x00,0x00,0x00,0x00,0x00,0x00,0x00,0x00,0x63,0x00,0x63,0x00,
  0x63,0x00,0x63,0x00,0x42,0x00,0x00,0x00,0x51,0x02,0x5f,0x04,0xfe,0x03,0xfe,0x03,
  0x1f,0x04,0x5f,0x04,0xf6,0x02,0x84,0x08,0x43,0x00,0xf7,0xbd,0xff,0xff,0xff,0xff,
  0xff,0xff,0xff,0xff,0xff,0xff,0xff,0xff,0x35,0xa5,0x01,0x00,0xa4,0x08,0x83,0x00,
  0x83,0x00,0x63,0x00,0x83,0x00,0x83,0x00,0x63,0x00,0x63,0x00,0x63,0x00,0x83,0x00,
  0x83,0x00,0x63,0x00,0x63,0x00,0x63,0x00,0x63,0x00,0x63,0x00,0x63,0x00,0x63,0x00,
  0x83,0x00,0x84,0x08,0x22,0x00,0xf8,0xbd,0xff,0xff,0xff,0xff,0xff,0xff,0xff,0xff,
  0xff,0xff,0xff,0xff,0x18,0xbe,0x43,0x00,0x83,0x00,0x92,0x02,0x5f,0x04,0xdf,0x03,
  0xff,0x03,0xfe,0x03,0x5f,0x04,0xf7,0x02,0x21,0x00,0x42,0x00,0x63,0x00,0x63,0x00,
  0x63,0x00,0x63,0x00,0xc3,0x00,0x00,0x00,0x00,0x00,0x00,0x00,0x00,0x00,0x00,0x00,
  0x00,0x00,0x00,0x00,0x00,0x00,0x00,0x00,0x00,0x00,0x00,0x00,0x00,0x00,0x00,0x00,
  0x00,0x00,0x00,0x00,0x00,0x00,0x00,0x00,0x00,0x00,0x00,0x00,0x00,0x00,0x00,0x00,
  0x00,0x00,0x00,0x00,0x00,0x00,0x00,0x00,0x00,0x00,0x00,0x00,0x63,0x00,0x63,0x00,
  0x63,0x00,0x63,0x00,0x84,0x00,0x42,0x00,0x93,0x02,0x9f,0x04,0x5f,0x04,0x7f,0x04,
  0x5f,0x04,0xbf,0x04,0xd5,0x02,0x00,0x00,0x00,0x00,0x35,0xa5,0xdf,0xff,0xbe,0xf7,
  0xdf,0xff,0xdf,0xff,0xbe,0xf7,0xdf,0xff,0xb3,0x94,0x00,0x00,0x02,0x00,0x00,0x00,
  0x42,0x00,0x83,0x00,0x63,0x00,0x63,0x00,0x63,0x00,0x63,0x00,0x63,0x00,0x83,0x00,
  0x63,0x00,0x63,0x00,0x63,0x00,0x63,0x00,0x63,0x00,0x63,0x00,0x83,0x00,0x42,0x00,
  0x00,0x00,0x02,0x00,0x00,0x00,0x55,0xad,0xff,0xff,0xbe,0xf7,0xdf,0xff,0xdf,0xff,
  0xbe,0xf7,0xdf,0xff,0x96,0xad,0x01,0x00,0x00,0x00,0x10,0x02,0xbf,0x04,0x5f,0x04,
  0x5f,0x04,0x5f,0x04,0x9f,0x04,0x38,0x03,0x43,0x00,0x83,0x00,0x63,0x00,0x63,0x00,
  0x63,0x00,0x63,0x00,0x24,0x01,0x00,0x00,0x00,0x00,0x00,0x00,0x00,0x00,0x00,0x00,
  0x00,0x00,0x00,0x00,0x00,0x00,0x00,0x00,0x00,0x00,0x00,0x00,0x00,0x00,0x00,0x00,
  0x00,0x00,0x00,0x00,0x00,0x00,0x00,0x00,0x00,0x00,0x00,0x00,0x00,0x00,0x00,0x00,
  0x00,0x00,0x00,0x00,0x00,0x00,0x00,0x00,0x00,0x00,0x00,0x00,0x63,0x00,0x83,0x00,
  0x63,0x00,0x63,0x00,0x63,0x00,0x63,0x00,0x29,0x01,0xcd,0x01,0xcd,0x01,0x0e,0x02,
  0xee,0x01,0xcc,0x01,0xd3,0x53,0x51,0x8c,0x10,0x7c,0xdb,0xd6,0xff,0xff,0xdf,0xff,
  0xff,0xff,0xff,0xff,0xdf,0xff,0xff,0xff,0x7a,0xce,0xd0,0x73,0xd0,0x73,0xcf,0x73,
  0x46,0x21,0x22,0x00,0x63,0x00,0x63,0x00,0x63,0x00,0x63,0x00,0x63,0x00,0x63,0x00,
  0x63,0x00,0x63,0x00,0x63,0x00,0x63,0x00,0x63,0x00,0x83,0x00,0x42,0x00,0x46,0x21,
  0xcf,0x73,0xd0,0x73,0xd0,0x73,0xba,0xd6,0xff,0xff,0xdf,0xff,0xff,0xff,0xff,0xff,
  0xdf,0xff,0xff,0xff,0xfc,0xde,0x72,0x8c,0x72,0x94,0xf2,0x63,0xad,0x01,0xee,0x01,
  0xee,0x01,0xcd,0x01,0xcd,0x01,0x4b,0x01,0x63,0x00,0x63,0x00,0x63,0x00,0x63,0x00,
  0x63,0x00,0x63,0x00,0x00,0x00,0x00,0x00,0x00,0x00,0x00,0x00,0x00,0x00,0x00,0x00,
  0x00,0x00,0x00,0x00,0x00,0x00,0x00,0x00,0x00,0x00,0x00,0x00,0x00,0x00,0x00,0x00,
  0x00,0x00,0x00,0x00,0x00,0x00,0x00,0x00,0x00,0x00,0x00,0x00,0x00,0x00,0x00,0x00,
  0x00,0x00,0x00,0x00,0x00,0x00,0x00,0x00,0x00,0x00,0x00,0x00,0x00,0x00,0x00,0x00,
  0x00,0x00,0x63,0x00,0x63,0x00,0x63,0x00,0x62,0x00,0x41,0x00,0x42,0x00,0x63,0x00,
  0x62,0x08,0x00,0x00,0x34,0xad,0xff,0xff,0xff,0xff,0xff,0xff,0xff,0xff,0xff,0xff,
  0xff,0xff,0xff,0xff,0xff,0xff,0xdf,0xff,0xff,0xff,0xff,0xff,0xff,0xff,0xff,0xff,
  0xcc,0x5a,0x22,0x00,0xa4,0x08,0x84,0x00,0x84,0x00,0x84,0x00,0x84,0x08,0x84,0x00,
  0x84,0x00,0x84,0x08,0x84,0x08,0x84,0x00,0x84,0x00,0xa4,0x08,0x01,0x00,0x8b,0x52,
  0xff,0xff,0xff,0xff,0xff,0xff,0xff,0xff,0xdf,0xff,0xff,0xff,0xff,0xff,0xff,0xff,
  0xff,0xff,0xff,0xff,0xff,0xff,0xff,0xff,0xff,0xff,0x18,0xc6,0x00,0x00,0x62,0x08,
  0x62,0x00,0x42,0x00,0x21,0x00,0x62,0x00,0x63,0x00,0x63,0x00,0x63,0x00,0x00,0x00,
  0x00,0x00,0x00,0x00,0x00,0x00,0x00,0x00,0x00,0x00,0x00,0x00,0x00,0x00,0x00,0x00,
  0x00,0x00,0x00,0x00,0x00,0x00,0x00,0x00,0x00,0x00,0x00,0x00,0x00,0x00,0x00,0x00,
  0x00,0x00,0x00,0x00,0x00,0x00,0x00,0x00,0x00,0x00,0x00,0x00,0x00,0x00,0x00,0x00,
  0x00,0x00,0x00,0x00,0x00,0x00,0x00,0x00,0x00,0x00,0x00,0x00,0x00,0x00,0x00,0x00,
  0x00,0x00,0x84,0x00,0x63,0x00,0x63,0x00,0x01,0x00,0x01,0x00,0x02,0x00,0x02,0x00,
  0x01,0x00,0x00,0x00,0xf3,0x9c,0xdf,0xff,0xbe,0xf7,0xdf,0xff,0xff,0xff,0xff,0xff,
  0xdf,0xff,0xdf,0xff,0xdf,0xff,0xdf,0xff,0xdf,0xff,0xdf,0xff,0xbe,0xf7,0xff,0xff,
  0x4a,0x42,0x00,0x00,0x01,0x00,0x01,0x00,0x01,0x00,0x01,0x00,0x01,0x00,0x01,0x00,
  0x01,0x00,0x01,0x00,0x01,0x00,0x02,0x00,0x01,0x00,0x01,0x00,0x00,0x00,0xe8,0x39,
  0xdf,0xff,0xbf,0xf7,0xdf,0xff,0xdf,0xff,0xff,0xff,0xdf,0xff,0xdf,0xff,0xff,0xff,
  0xff,0xff,0xdf,0xff,0xdf,0xff,0xbe,0xf7,0xdf,0xff,0xd7,0xb5,0x01,0x00,0x01,0x00,
  0x02,0x00,0x02,0x00,0x01,0x00,0x01,0x00,0x63,0x00,0x83,0x00,0x84,0x00,0x00,0x00,
  0x00,0x00,0x00,0x00,0x00,0x00,0x00,0x00,0x00,0x00,0x00,0x00,0x00,0x00,0x00,0x00,
  0x00,0x00,0x00,0x00,0x00,0x00,0x00,0x00,0x00,0x00,0x00,0x00,0x00,0x00,0x00,0x00,
  0x00,0x00,0x00,0x00,0x00,0x00,0x00,0x00,0x00,0x00,0x00,0x00,0x00,0x00,0x00,0x00,
  0x00,0x00,0x00,0x00,0x00,0x00,0x00,0x00,0x00,0x00,0x63,0x00,0x64,0x00,0x63,0x00,
  0x63,0x00,0x83,0x00,0x83,0x00,0x21,0x00,0x09,0x3a,0xd0,0x73,0xb0,0x73,0xb0,0x6b,
  0xaf,0x73,0x8f,0x73,0x7a,0xce,0xff,0xff,0xdf,0xff,0xdf,0xff,0xff,0xff,0xff,0xff,
  0xff,0xff,0xdf,0xff,0xdf,0xff,0xff,0xff,0xff,0xff,0xff,0xff,0xdf,0xff,0xff,0xff,
  0x15,0x9d,0x8f,0x73,0xaf,0x73,0x8f,0x6b,0xaf,0x73,0xb0,0x73,0xaf,0x73,0x8f,0x6b,
  0x8f,0x6b,0xaf,0x73,0xb0,0x73,0xaf,0x6b,0x8f,0x6b,0x8f,0x6b,0x8f,0x6b,0xd4,0x9c,
  0xff,0xff,0xff,0xff,0xdf,0xff,0xff,0xff,0xff,0xff,0xdf,0xff,0xff,0xff,0xff,0xff,
  0xff,0xff,0xff,0xff,0xdf,0xff,0xdf,0xff,0xff,0xff,0xdb,0xd6,0x8f,0x73,0x8f,0x6b,
  0xaf,0x6b,0xf0,0x73,0xf0,0x7b,0xab,0x52,0x22,0x00,0x83,0x00,0x63,0x00,0x63,0x00,
  0x43,0x00,0x63,0x00,0x83,0x00,0x00,0x00,0x00,0x00,0x00,0x00,0x00,0x00,0x00,0x00,
  0x00,0x00,0x00,0x00,0x00,0x00,0x00,0x00,0x00,0x00,0x00,0x00,0x00,0x00,0x00,0x00,
  0x00,0x00,0x00,0x00,0x00,0x00,0x00,0x00,0x00,0x00,0x00,0x00,0x00,0x00,0x00,0x00,
  0x00,0x00,0x00,0x00,0x00,0x00,0x00,0x00,0x00,0x00,0x83,0x00,0x84,0x00,0x63,0x00,
  0x63,0x00,0x63,0x00,0xa4,0x08,0x01,0x00,0xb2,0x94,0xff,0xff,0xff,0xff,0xff,0xff,
  0xff,0xff,0xff,0xff,0xff,0xff,0xff,0xff,0xdf,0xff,0xff,0xff,0xff,0xff,0xff,0xff,
  0xdf,0xff,0xff,0xff,0xff,0xff,0xff,0xff,0xff,0xff,0xff,0xff,0xff,0xff,0xdf,0xff,
  0xff,0xff,0xff,0xff,0xff,0xff,0xff,0xff,0xff,0xff,0xff,0xff,0xff,0xff,0xff,0xff,
  0xff,0xff,0xff,0xff,0xff,0xff,0xff,0xff,0xff,0xff,0xff,0xff,0xff,0xff,0xff,0xff,
  0xdf,0xff,0xdf,0xff,0xff,0xff,0xdf,0xff,0xdf,0xff,0xff,0xff,0xff,0xff,0xff,0xff,
  0xff,0xff,0xff,0xff,0xff,0xff,0xff,0xff,0xff,0xff,0xff,0xff,0xff,0xff,0xff,0xff,
  0xff,0xff,0xff,0xff,0xff,0xff,0x18,0xbe,0x21,0x00,0xa4,0x08,0x83,0x00,0x62,0x00,
  0x63,0x00,0x84,0x00,0x83,0x00,0x00,0x00,0x00,0x00,0x00,0x00,0x00,0x00,0x00,0x00,
  0x00,0x00,0x00,0x00,0x00,0x00,0x00,0x00,0x00,0x00,0x00,0x00,0x00,0x00,0x00,0x00,
  0x00,0x00,0x00,0x00,0x00,0x00,0x00,0x00,0x00,0x00,0x00,0x00,0x00,0x00,0x00,0x00,
  0x00,0x00,0x00,0x00,0x00,0x00,0x00,0x00,0x00,0x00,0x83,0x00,0x63,0x00,0x63,0x00,
  0x63,0x00,0x01,0x00,0x01,0x00,0x00,0x00,0x10,0x84,0xdf,0xff,0xbe,0xf7,0xbf,0xff,
  0xdf,0xff,0xbe,0xf7,0xdf,0xff,0xbf,0xff,0xdf,0xff,0xdf,0xff,0xdf,0xff,0xdf,0xff,
  0xdf,0xff,0xdf,0xff,0xdf,0xff,0xdf,0xff,0xdf,0xff,0xff,0xff,0xdf,0xff,0xff,0xff,
  0xdf,0xff,0xbf,0xf7,0xdf,0xff,0xdf,0xff,0xdf,0xff,0xdf,0xff,0xbf,0xff,0xdf,0xff,
  0xdf,0xff,0xdf,0xff,0xbf,0xff,0xbf,0xff,0xdf,0xff,0xdf,0xff,0xdf,0xff,0xdf,0xff,
  0xff,0xff,0xdf,0xff,0xff,0xff,0xdf,0xff,0xdf,0xff,0xdf,0xff,0xdf,0xff,0xdf,0xff,
  0xdf,0xff,0xdf,0xff,0xdf,0xff,0xdf,0xff,0xdf,0xff,0xdf,0xff,0xbe,0xf7,0xdf,0xff,
  0xdf,0xff,0xbe,0xf7,0xdf,0xff,0x76,0xad,0x00,0x00,0x02,0x00,0x01,0x00,0x63,0x00,
  0x63,0x00,0x63,0x00,0x83,0x00,0x00,0x00,0x00,0x00,0x00,0x00,0x00,0x00,0x00,0x00,
  0x00,0x00,0x00,0x00,0x00,0x00,0x00,0x00,0x00,0x00,0x00,0x00,0x00,0x00,0x00,0x00,
  0x00,0x00,0x00,0x00,0x00,0x00,0x00,0x00,0x00,0x00,0x00,0x00,0x00,0x00,0x00,0x00,
  0x00,0x00,0x00,0x00,0x00,0x00,0x00,0x00,0x00,0x00,0x84,0x00,0x63,0x00,0x63,0x00,
  0x42,0x00,0x0c,0x5b,0x10,0x7c,0x6e,0x6b,0xf8,0xbd,0xff,0xff,0xdf,0xff,0xdf,0xff,
  0xff,0xff,0xff,0xff,0xff,0xff,0xff,0xff,0xff,0xff,0xff,0xff,0xff,0xff,0xff,0xff,
  0xff,0xff,0xff,0xff,0xff,0xff,0xff,0xff,0xff,0xff,0xdf,0xff,0xdf,0xff,0xff,0xff,
  0xdf,0xff,0xdf,0xff,0xff,0xff,0xdf,0xff,0xdf,0xff,0xff,0xff,0xdf,0xff,0xff,0xff,
  0xff,0xff,0xdf,0xff,0xdf,0xff,0xdf,0xff,0xff,0xff,0xff,0xff,0xdf,0xff,0xdf,0xff,
  0xff,0xff,0xff,0xff,0xff,0xff,0xff,0xff,0xff,0xff,0xff,0xff,0xff,0xff,0xff,0xff,
  0xff,0xff,0xff,0xff,0xff,0xff,0xff,0xff,0xff,0xff,0xff,0xff,0xff,0xff,0xff,0xff,
  0xff,0xff,0xdf,0xff,0xff,0xff,0xbb,0xd6,0xaf,0x73,0xf0,0x7b,0x2d,0x63,0x63,0x00,
  0x63,0x00,0x63,0x00,0x63,0x00,0x00,0x00,0x00,0x00,0x00,0x00,0x00,0x00,0x00,0x00,
  0x00,0x00,0x00,0x00,0x00,0x00,0x00,0x00,0x00,0x00,0x00,0x00,0x00,0x00,0x00,0x00,
  0x00,0x00,0x00,0x00,0x00,0x00,0x00,0x00,0x00,0x00,0x00,0x00,0x00,0x00,0x00,0x00,
  0x00,0x00,0xc3,0x00,0x84,0x00,0x83,0x00,0x62,0x00,0x63,0x00,0x83,0x00,0x63,0x00,
  0x41,0x00,0x9a,0xd6,0xff,0xff,0xff,0xff,0xff,0xff,0xdf,0xff,0xdf,0xff,0xdf,0xff,
  0xff,0xff,0x51,0x84,0xab,0x52,0xcc,0x52,0xec,0x52,0xcc,0x52,0xcc,0x52,0xcc,0x52,
  0xcc,0x52,0xcc,0x52,0xcc,0x52,0xcc,0x52,0x2d,0x63,0x7d,0xef,0xff,0xff,0xdf,0xff,
  0xdf,0xff,0xff,0xff,0xff,0xff,0xdf,0xff,0xff,0xff,0xff,0xff,0xff,0xff,0xff,0xff,
  0xdf,0xff,0xdf,0xff,0xff,0xff,0xff,0xff,0xff,0xff,0xdf,0xff,0xff,0xff,0xff,0xff,
  0xdf,0xff,0xff,0xff,0x5d,0xef,0x4e,0x63,0xec,0x52,0xcc,0x52,0xcc,0x52,0xcc,0x52,
  0xcc,0x52,0xcc,0x52,0xcc,0x52,0xcc,0x52,0xcc,0x52,0x8a,0x4a,0x30,0x84,0xff,0xff,
  0xdf,0xff,0xdf,0xff,0xdf,0xff,0xff,0xff,0xff,0xff,0xff,0xff,0x1c,0xe7,0x83,0x08,
  0x63,0x00,0x63,0x00,0x63,0x00,0x83,0x00,0x84,0x00,0x63,0x00,0x42,0x08,0x00,0x00,
  0x00,0x00,0x00,0x00,0x00,0x00,0x00,0x00,0x00,0x00,0x00,0x00,0x00,0x00,0x00,0x00,
  0x00,0x00,0x00,0x00,0x00,0x00,0x00,0x00,0x00,0x00,0x00,0x00,0x00,0x00,0x00,0x00,
  0x00,0x00,0x63,0x08,0x83,0x00,0x84,0x00,0x63,0x00,0x63,0x00,0x63,0x00,0x84,0x00,
  0x63,0x00,0x38,0xc6,0xdf,0xff,0xde,0xf7,0xdf,0xff,0xdf,0xff,0xdf,0xff,0xdf,0xff,
  0xff,0xff,0x09,0x3a,0x00,0x00,0x22,0x00,0x02,0x00,0x01,0x00,0x01,0x00,0x01,0x00,
  0x01,0x00,0x02,0x00,0x02,0x00,0x01,0x00,0x62,0x08,0x5d,0xef,0xff,0xff,0xdf,0xff,
  0xff,0xff,0xdf,0xff,0xff,0xff,0xff,0xff,0xff,0xff,0xdf,0xff,0xff,0xff,0xff,0xff,
  0xff,0xff,0xdf,0xff,0xff,0xff,0xff,0xff,0xdf,0xff,0xdf,0xff,0xff,0xff,0xff,0xff,
  0xdf,0xff,0xff,0xff,0x1c,0xdf,0x63,0x00,0x01,0x00,0x02,0x00,0x01,0x00,0x01,0x00,
  0x01,0x00,0x01,0x00,0x01,0x00,0x01,0x00,0x02,0x00,0x00,0x00,0xe8,0x39,0xff,0xff,
  0xdf,0xff,0xdf,0xff,0xdf,0xff,0xdf,0xff,0xdf,0xff,0xdf,0xff,0xba,0xd6,0xa4,0x08,
  0x83,0x00,0x83,0x00,0x63,0x00,0x83,0x00,0x84,0x00,0x63,0x00,0x43,0x00,0x00,0x00,
  0x00,0x00,0x00,0x00,0x00,0x00,0x00,0x00,0x00,0x00,0x00,0x00,0x00,0x00,0x00,0x00,
  0x00,0x00,0x00,0x00,0x00,0x00,0x00,0x00,0x00,0x00,0x00,0x00,0x00,0x00,0x00,0x00,
  0x00,0x00,0x42,0x08,0x63,0x00,0x63,0x00,0x83,0x00,0x63,0x00,0x22,0x00,0x22,0x00,
  0x22,0x00,0x59,0xc6,0xff,0xff,0xdf,0xff,0xff,0xff,0xff,0xff,0xdf,0xff,0xbe,0xf7,
  0xff,0xff,0x6a,0x4a,0x22,0x00,0xa4,0x08,0x84,0x00,0x83,0x00,0x83,0x00,0x84,0x00,
  0x84,0x00,0x84,0x00,0x84,0x00,0x63,0x00,0xe5,0x10,0x1c,0xe7,0xff,0xff,0xdf,0xff,
  0xdf,0xff,0xdf,0xff,0xff,0xff,0xff,0xff,0xff,0xff,0xff,0xff,0xff,0xff,0xff,0xff,
  0xff,0xff,0xff,0xff,0xff,0xff,0xff,0xff,0xff,0xff,0xff,0xff,0xff,0xff,0xdf,0xff,
  0xdf,0xff,0xff,0xff,0xfb,0xde,0xc4,0x10,0x63,0x00,0x84,0x08,0x83,0x00,0x83,0x00,
  0x83,0x00,0x83,0x00,0x83,0x00,0x83,0x00,0xa4,0x08,0x22,0x00,0x4a,0x42,0xff,0xff,
  0xbf,0xff,0xff,0xff,0xff,0xff,0xff,0xff,0xdf,0xff,0xff,0xff,0xdb,0xd6,0x63,0x00,
  0x42,0x00,0x43,0x00,0x63,0x00,0x63,0x00,0x63,0x00,0x63,0x00,0x83,0x00,0x00,0x00,
  0x00,0x00,0x00,0x00,0x00,0x00,0x00,0x00,0x00,0x00,0x00,0x00,0x00,0x00,0x00,0x00,
  0x00,0x00,0x00,0x00,0x00,0x00,0x00,0x00,0x00,0x00,0x00,0x00,0x00,0x00,0x00,0x00,
  0x00,0x00,0x61,0x08,0x42,0x00,0x63,0x00,0x01,0x00,0x2a,0x3a,0x59,0xce,0x38,0xc6,
  0x59,0xc6,0x9e,0xf7,0xff,0xff,0xdf,0xff,0xbe,0xf7,0xff,0xff,0x35,0xa5,0x66,0x29,
  0xc8,0x31,0xa4,0x08,0x43,0x00,0x63,0x00,0x63,0x00,0x63,0x00,0x63,0x00,0x63,0x00,
  0x83,0x00,0x63,0x00,0x63,0x00,0x63,0x00,0x84,0x00,0x67,0x29,0xc8,0x31,0x67,0x29,
  0x76,0xad,0xff,0xff,0xbe,0xf7,0xdf,0xff,0xdf,0xff,0xff,0xff,0xff,0xff,0xdf,0xff,
  0xff,0xff,0xff,0xff,0xff,0xff,0xdf,0xff,0xff,0xff,0xdf,0xff,0xff,0xff,0x96,0xad,
  0x87,0x29,0xc8,0x31,0x66,0x29,0x83,0x00,0x63,0x00,0x63,0x00,0x63,0x00,0x63,0x00,
  0x63,0x00,0x63,0x00,0x63,0x00,0x63,0x00,0x63,0x00,0x43,0x00,0xc4,0x08,0xe9,0x31,
  0x66,0x29,0x14,0xa5,0xff,0xff,0xbe,0xf7,0xdf,0xff,0xff,0xff,0xbe,0xf7,0x59,0xc6,
  0x19,0xc6,0x7a,0xce,0x4a,0x42,0x02,0x00,0x63,0x00,0x63,0x00,0x63,0x00,0x00,0x00,
  0x00,0x00,0x00,0x00,0x00,0x00,0x00,0x00,0x00,0x00,0x00,0x00,0x00,0x00,0x00,0x00,
  0x00,0x00,0x00,0x00,0x00,0x00,0x00,0x00,0x00,0x00,0x00,0x00,0x42,0x00,0x83,0x08,
  0x84,0x08,0x83,0x08,0x63,0x00,0x63,0x00,0x00,0x00,0x8b,0x52,0xff,0xff,0xff,0xff,
  0xff,0xff,0xff,0xff,0xdf,0xff,0xff,0xff,0xff,0xff,0xff,0xff,0xf4,0x9c,0x01,0x00,
  0x43,0x00,0x43,0x00,0x63,0x00,0x63,0x00,0x63,0x00,0x63,0x00,0x63,0x00,0x63,0x00,
  0x63,0x00,0x63,0x00,0x63,0x00,0x63,0x00,0x63,0x00,0x22,0x00,0x43,0x00,0x00,0x00,
  0x14,0xa5,0xff,0xff,0xff,0xff,0xdf,0xff,0xdf,0xff,0xff,0xff,0xff,0xff,0xdf,0xff,
  0xff,0xff,0xff,0xff,0xff,0xff,0xdf,0xff,0xff,0xff,0xff,0xff,0xff,0xff,0x34,0xa5,
  0x00,0x00,0x43,0x00,0x22,0x00,0x63,0x00,0x63,0x00,0x63,0x00,0x63,0x00,0x63,0x00,
  0x63,0x00,0x63,0x00,0x63,0x00,0x63,0x00,0x63,0x00,0x63,0x00,0x63,0x00,0x63,0x00,
  0x00,0x00,0x92,0x8c,0xff,0xff,0xff,0xff,0xff,0xff,0xdf,0xff,0xff,0xff,0xff,0xff,
  0xff,0xff,0xff,0xff,0xcc,0x52,0x01,0x00,0x83,0x00,0x63,0x00,0x63,0x00,0x84,0x00,
  0x84,0x00,0x43,0x00,0x00,0x00,0x00,0x00,0x00,0x00,0x00,0x00,0x00,0x00,0x00,0x00,
  0x00,0x00,0x00,0x00,0x00,0x00,0x00,0x00,0x00,0x00,0x82,0x00,0x63,0x00,0x63,0x00,
  0x63,0x00,0x63,0x00,0x63,0x00,0x83,0x00,0x01,0x00,0x8a,0x4a,0xff,0xff,0xdf,0xff,
  0xdf,0xff,0xdf,0xff,0xff,0xff,0xdf,0xf7,0x39,0xc6,0x59,0xce,0xaf,0x73,0x22,0x00,
  0x84,0x08,0x63,0x00,0x63,0x00,0x63,0x00,0x63,0x00,0x63,0x00,0x63,0x00,0x63,0x00,
  0x63,0x00,0x63,0x00,0x63,0x00,0x63,0x00,0x63,0x00,0x84,0x00,0x84,0x08,0x21,0x00,
  0xaf,0x73,0x39,0xc6,0x18,0xc6,0xbe,0xf7,0xff,0xff,0xdf,0xff,0xdf,0xff,0xff,0xff,
  0xff,0xff,0xff,0xff,0xdf,0xff,0xff,0xff,0xbf,0xf7,0x59,0xc6,0x79,0xce,0x10,0x7c,
  0x21,0x00,0x83,0x00,0x83,0x00,0x63,0x00,0x63,0x00,0x63,0x00,0x63,0x00,0x63,0x00,
  0x63,0x00,0x63,0x00,0x63,0x00,0x63,0x00,0x63,0x00,0x63,0x00,0x83,0x00,0x84,0x08,
  0x21,0x00,0x8f,0x6b,0x79,0xce,0x38,0xc6,0xbe,0xf7,0xff,0xff,0xdf,0xff,0xdf,0xff,
  0xdf,0xff,0xff,0xff,0x8b,0x4a,0x01,0x00,0x84,0x00,0x63,0x00,0x63,0x00,0x63,0x00,
  0x63,0x00,0x63,0x00,0x43,0x00,0x00,0x00,0x00,0x00,0x00,0x00,0x00,0x00,0x00,0x00,
  0x00,0x00,0x00,0x00,0x00,0x00,0x00,0x00,0x00,0x00,0x63,0x00,0x63,0x00,0x63,0x00,
  0x63,0x00,0x63,0x00,0x63,0x00,0x83,0x00,0x02,0x00,0xab,0x4a,0xff,0xff,0xdf,0xff,
  0xdf,0xff,0xdf,0xff,0xdf,0xff,0x1c,0xe7,0xc4,0x10,0x22,0x00,0x42,0x00,0x63,0x00,
  0x63,0x00,0x63,0x00,0x63,0x00,0x63,0x00,0x63,0x00,0x63,0x00,0x63,0x00,0x63,0x00,
  0x63,0x00,0x63,0x00,0x63,0x00,0x63,0x00,0x63,0x00,0x63,0x00,0x63,0x00,0x63,0x00,
  0x63,0x00,0x22,0x00,0x83,0x08,0xfb,0xde,0xdf,0xff,0xdf,0xff,0xdf,0xff,0xff,0xff,
  0xff,0xff,0xdf,0xff,0xdf,0xff,0xdf,0xff,0x1c,0xe7,0xc4,0x10,0x22,0x00,0x63,0x00,
  0x63,0x00,0x63,0x00,0x63,0x00,0x63,0x00,0x63,0x00,0x63,0x00,0x63,0x00,0x63,0x00,
  0x63,0x00,0x63,0x00,0x63,0x00,0x63,0x00,0x63,0x00,0x63,0x00,0x63,0x00,0x63,0x00,
  0x63,0x00,0x63,0x00,0x42,0x00,0xa4,0x08,0x1c,0xe7,0xdf,0xff,0xbf,0xff,0xdf,0xff,
  0xdf,0xff,0xff,0xff,0xab,0x52,0x01,0x00,0x84,0x00,0x63,0x00,0x63,0x00,0x63,0x00,
  0x63,0x00,0x63,0x00,0x83,0x00,0x00,0x00,0x00,0x00,0x00,0x00,0x00,0x00,0x00,0x00,
  0x00,0x00,0x00,0x00,0x00,0x00,0x00,0x00,0x00,0x00,0x00,0x00,0x63,0x00,0x63,0x00,
  0x63,0x00,0x63,0x00,0x63,0x00,0x83,0x00,0x22,0x00,0xcc,0x4a,0xff,0xff,0xdf,0xff,
  0xdf,0xff,0xff,0xff,0xff,0xff,0x9e,0xf7,0xe5,0x10,0x63,0x00,0x83,0x00,0x63,0x00,
  0x63,0x00,0x63,0x00,0x63,0x00,0x63,0x00,0x63,0x00,0x63,0x00,0x63,0x00,0x63,0x00,
  0x63,0x00,0x63,0x00,0x63,0x00,0x63,0x00,0x63,0x00,0x63,0x00,0x63,0x00,0x63,0x00,
  0x83,0x00,0x63,0x00,0xc4,0x10,0x7d,0xef,0xff,0xff,0xff,0xff,0xdf,0xff,0xff,0xff,
  0xff,0xff,0xdf,0xff,0xff,0xff,0xff,0xff,0x9e,0xf7,0xe5,0x10,0x43,0x00,0x83,0x00,
  0x63,0x00,0x63,0x00,0x63,0x00,0x63,0x00,0x63,0x00,0x63,0x00,0x63,0x00,0x63,0x00,
  0x63,0x00,0x63,0x00,0x63,0x00,0x63,0x00,0x63,0x00,0x63,0x00,0x63,0x00,0x63,0x00,
  0x63,0x00,0x84,0x00,0x63,0x00,0xe5,0x10,0x9e,0xf7,0xff,0xff,0xff,0xff,0xdf,0xff,
  0xbf,0xff,0xff,0xff,0xcc,0x52,0x02,0x00,0x83,0x00,0x63,0x00,0x63,0x00,0x63,0x00,
  0x63,0x00,0x63,0x00,0xa4,0x00,0x00,0x00,0x00,0x00,0x00,0x00,0x00,0x00,0x00,0x00,
  0x00,0x00,0x00,0x00,0x63,0x00,0x63,0x00,0x63,0x00,0x64,0x00,0x42,0x00,0x42,0x00,
  0x42,0x00,0x42,0x00,0x63,0x00,0x83,0x00,0x02,0x00,0xab,0x4a,0xff,0xff,0xdf,0xff,
  0xdf,0xff,0xd4,0x94,0x11,0x84,0xd0,0x73,0x83,0x08,0x63,0x00,0x63,0x00,0x63,0x00,
  0x63,0x00,0x63,0x00,0x63,0x00,0x63,0x00,0x63,0x00,0x63,0x00,0x63,0x00,0x63,0x00,
  0x63,0x00,0x63,0x00,0x63,0x00,0x63,0x00,0x63,0x00,0x63,0x00,0x63,0x00,0x63,0x00,
  0x63,0x00,0x63,0x00,0xa4,0x08,0xd0,0x73,0x10,0x84,0xd7,0xbd,0xff,0xff,0xdf,0xff,
  0xdf,0xff,0xff,0xff,0x59,0xce,0x31,0x84,0xcf,0x73,0xa4,0x08,0x63,0x00,0x63,0x00,
  0x63,0x00,0x63,0x00,0x63,0x00,0x63,0x00,0x63,0x00,0x63,0x00,0x63,0x00,0x63,0x00,
  0x63,0x00,0x63,0x00,0x63,0x00,0x63,0x00,0x63,0x00,0x63,0x00,0x63,0x00,0x63,0x00,
  0x63,0x00,0x63,0x00,0x63,0x00,0xa4,0x08,0xd0,0x73,0xf0,0x7b,0xb3,0x94,0xdf,0xff,
  0xdf,0xff,0xff,0xff,0xcc,0x52,0x02,0x00,0x83,0x00,0x63,0x00,0x42,0x00,0x42,0x00,
  0x42,0x00,0x42,0x00,0x63,0x00,0x63,0x00,0x63,0x00,0x63,0x00,0x00,0x00,0x00,0x00,
  0x00,0x00,0x00,0x00,0x63,0x00,0x83,0x00,0x63,0x00,0x63,0x00,0xe7,0x00,0x29,0x01,
  0x07,0x01,0x07,0x01,0x84,0x00,0x83,0x00,0x01,0x00,0x6a,0x4a,0xff,0xff,0xdf,0xff,
  0xdf,0xff,0x67,0x21,0x01,0x00,0x02,0x00,0x63,0x00,0x63,0x00,0x63,0x00,0x63,0x00,
  0x63,0x00,0x63,0x00,0x63,0x00,0x63,0x00,0x63,0x00,0x63,0x00,0x63,0x00,0x63,0x00,
  0x63,0x00,0x63,0x00,0x63,0x00,0x63,0x00,0x63,0x00,0x63,0x00,0x63,0x00,0x63,0x00,
  0x63,0x00,0x63,0x00,0x84,0x00,0x22,0x00,0x00,0x00,0x8e,0x6b,0xff,0xff,0xbe,0xf7,
  0xbe,0xf7,0xff,0xff,0x72,0x84,0x00,0x00,0x01,0x00,0x63,0x00,0x63,0x00,0x63,0x00,
  0x63,0x00,0x63,0x00,0x63,0x00,0x63,0x00,0x63,0x00,0x63,0x00,0x63,0x00,0x63,0x00,
  0x63,0x00,0x63,0x00,0x63,0x00,0x63,0x00,0x63,0x00,0x63,0x00,0x63,0x00,0x63,0x00,
  0x63,0x00,0x63,0x00,0x63,0x00,0x63,0x00,0x02,0x00,0x00,0x00,0x25,0x19,0xdf,0xff,
  0xdf,0xff,0xff,0xff,0xab,0x52,0x01,0x00,0x83,0x00,0x63,0x00,0x07,0x01,0x49,0x01,
  0x49,0x01,0xe6,0x00,0x42,0x00,0x63,0x00,0x84,0x00,0x63,0x00,0x00,0x00,0x00,0x00,
  0x00,0x00,0x00,0x00,0x63,0x00,0x63,0x00,0x63,0x00,0x01,0x00,0xb4,0x02,0x5f,0x04,
  0x1f,0x04,0xbc,0x03,0x84,0x00,0x63,0x00,0x00,0x00,0x6a,0x4a,0xff,0xff,0xdf,0xff,
  0xdf,0xff,0xe9,0x31,0x63,0x00,0x84,0x08,0x63,0x00,0x63,0x00,0x63,0x00,0x63,0x00,
  0x63,0x00,0x63,0x00,0x63,0x00,0x63,0x00,0x63,0x00,0x63,0x00,0x63,0x00,0x63,0x00,
  0x63,0x00,0x63,0x00,0x63,0x00,0x63,0x00,0x63,0x00,0x63,0x00,0x63,0x00,0x63,0x00,
  0x63,0x00,0x63,0x00,0x63,0x00,0xa4,0x08,0x22,0x00,0x11,0x7c,0xff,0xff,0xff,0xff,
  0xff,0xff,0xff,0xff,0xf4,0x9c,0x02,0x00,0xa4,0x08,0x63,0x00,0x63,0x00,0x63,0x00,
  0x63,0x00,0x63,0x00,0x63,0x00,0x63,0x00,0x63,0x00,0x63,0x00,0x63,0x00,0x63,0x00,
  0x63,0x00,0x63,0x00,0x63,0x00,0x63,0x00,0x63,0x00,0x63,0x00,0x63,0x00,0x63,0x00,
  0x63,0x00,0x63,0x00,0x63,0x00,0x63,0x00,0x84,0x08,0x43,0x00,0xc8,0x31,0xdf,0xff,
  0xdf,0xff,0xff,0xff,0xab,0x52,0x01,0x00,0x63,0x00,0x21,0x00,0x59,0x03,0x5f,0x04,
  0x5f,0x04,0x59,0x03,0x22,0x00,0x63,0x00,0x63,0x00,0x63,0x00,0x00,0x00,0x00,0x00,
  0x00,0x00,0x00,0x00,0x63,0x00,0x63,0x00,0x63,0x00,0x01,0x00,0xb4,0x02,0x5f,0x04,
  0x1f,0x04,0xbc,0x0b,0x63,0x00,0x62,0x00,0x01,0x00,0x6a,0x4a,0xff,0xff,0xdf,0xff,
  0xdf,0xff,0xe9,0x31,0x22,0x00,0x63,0x00,0x63,0x00,0x63,0x00,0x84,0x00,0x84,0x00,
  0x84,0x00,0x84,0x00,0x84,0x00,0x84,0x00,0x84,0x00,0x84,0x00,0x84,0x00,0x84,0x00,
  0x84,0x00,0x84,0x00,0x84,0x00,0x84,0x00,0x84,0x00,0x84,0x00,0x63,0x00,0x84,0x00,
  0x84,0x00,0x63,0x00,0x63,0x00,0x83,0x00,0x23,0x00,0xac,0x52,0x96,0xad,0x55,0xa5,
  0x55,0xa5,0x96,0xad,0x2e,0x63,0x22,0x00,0x83,0x00,0x63,0x00,0x63,0x00,0x63,0x00,
  0x84,0x00,0x84,0x00,0x84,0x00,0x84,0x00,0x84,0x00,0x84,0x00,0x63,0x00,0x84,0x00,
  0x84,0x00,0x63,0x00,0x84,0x00,0x84,0x00,0x84,0x00,0x84,0x00,0x84,0x00,0x84,0x00,
  0x84,0x00,0x84,0x00,0x84,0x00,0x63,0x00,0x63,0x00,0x43,0x00,0xa8,0x29,0xdf,0xff,
  0xdf,0xff,0xff,0xff,0xab,0x52,0x01,0x00,0x83,0x00,0x42,0x00,0x59,0x03,0x3f,0x04,
  0x3f,0x04,0x59,0x03,0x43,0x00,0x63,0x00,0x63,0x00,0x63,0x00,0x00,0x00,0x00,0x00,
  0x00,0x00,0x00,0x00,0x63,0x00,0x63,0x00,0x63,0x00,0x22,0x00,0xf5,0x02,0x7f,0x04,
  0x1f,0x04,0x9b,0x03,0x64,0x00,0x63,0x00,0x01,0x00,0xab,0x4a,0xff,0xff,0xdf,0xff,
  0xdf,0xff,0xc8,0x31,0x02,0x00,0x63,0x00,0x63,0x00,0x42,0x00,0x21,0x00,0x21,0x00,
  0x21,0x00,0x42,0x00,0x42,0x00,0x22,0x00,0x21,0x00,0x21,0x00,0x22,0x00,0x22,0x00,
  0x22,0x00,0x22,0x00,0x21,0x00,0x21,0x00,0x21,0x00,0x21,0x00,0x42,0x00,0x22,0x00,
  0x42,0x00,0x84,0x00,0x63,0x00,0x63,0x00,0x83,0x00,0x42,0x00,0x01,0x00,0x02,0x00,
  0x22,0x00,0x01,0x00,0x22,0x00,0x84,0x00,0x63,0x00,0x63,0x00,0x63,0x00,0x42,0x00,
  0x21,0x00,0x42,0x00,0x42,0x00,0x21,0x00,0x21,0x00,0x21,0x00,0x21,0x00,0x21,0x00,
  0x22,0x00,0x22,0x00,0x22,0x00,0x21,0x00,0x21,0x00,0x21,0x00,0x42,0x00,0x22,0x00,
  0x21,0x00,0x21,0x00,0x42,0x00,0x63,0x00,0x83,0x00,0x22,0x00,0xa7,0x29,0xdf,0xff,
  0xdf,0xff,0xff,0xff,0x8b,0x4a,0x01,0x00,0x84,0x00,0x64,0x00,0x7a,0x03,0x3f,0x04,
  0x1f,0x04,0x39,0x03,0x43,0x00,0x63,0x00,0x63,0x00,0x63,0x00,0x00,0x00,0x00,0x00,
  0x00,0x00,0x00,0x00,0x63,0x00,0x63,0x00,0x83,0x00,0x42,0x00,0xf6,0x02,0x5f,0x04,
  0x1f,0x04,0x7b,0x03,0x64,0x00,0x83,0x00,0x02,0x00,0xcc,0x4a,0xff,0xff,0xdf,0xff,
  0xdf,0xff,0xa7,0x31,0x22,0x00,0x83,0x00,0x63,0x00,0x0f,0x02,0xb3,0x02,0x51,0x02,
  0x72,0x02,0xb3,0x0a,0xb3,0x0a,0xb3,0x0a,0x92,0x02,0x92,0x02,0xb3,0x02,0xb3,0x02,
  0x93,0x02,0x93,0x02,0x72,0x02,0x72,0x02,0x72,0x02,0x72,0x02,0x93,0x02,0x93,0x02,
  0x30,0x02,0x84,0x00,0x63,0x00,0x63,0x00,0x63,0x00,0x63,0x00,0x84,0x00,0x84,0x00,
  0x84,0x00,0x83,0x00,0x63,0x00,0x63,0x00,0x63,0x00,0x63,0x00,0x63,0x00,0xed,0x01,
  0xb3,0x02,0x93,0x02,0xb3,0x02,0x92,0x02,0x71,0x02,0x92,0x02,0xb2,0x0a,0xb3,0x0a,
  0x93,0x02,0x93,0x02,0x73,0x02,0x72,0x02,0x72,0x02,0x93,0x02,0x93,0x02,0x93,0x02,
  0x72,0x02,0x72,0x02,0x71,0x02,0xa5,0x00,0x83,0x00,0x42,0x00,0x87,0x29,0xdf,0xff,
  0xdf,0xff,0xff,0xff,0xab,0x52,0x01,0x00,0x84,0x00,0x84,0x00,0x9a,0x03,0x3f,0x04,
  0x3f,0x04,0x18,0x03,0x42,0x00,0x63,0x00,0x63,0x00,0x63,0x00,0x00,0x00,0x00,0x00,
  0x00,0x00,0x00,0x00,0x63,0x00,0x63,0x00,0x83,0x00,0x42,0x00,0xd5,0x02,0x5f,0x04,
  0x1f,0x04,0x9b,0x03,0x85,0x00,0x83,0x00,0x02,0x00,0xac,0x4a,0xff,0xff,0xdf,0xff,
  0xdf,0xff,0xa7,0x31,0x22,0x00,0x84,0x00,0x42,0x00,0x7a,0x03,0xbf,0x04,0x3f,0x04,
  0x5f,0x04,0x3f,0x04,0x1f,0x04,0x3f,0x04,0x3f,0x04,0x3f,0x04,0x5f,0x04,0x5f,0x04,
  0x5f,0x04,0x5f,0x04,0x5f,0x04,0x5f,0x04,0x5f,0x04,0x5f,0x04,0x3f,0x04,0x7f,0x04,
  0xbc,0x03,0x43,0x00,0x63,0x00,0x63,0x00,0x63,0x00,0x63,0x00,0x63,0x00,0x63,0x00,
  0x63,0x00,0x63,0x00,0x63,0x00,0x63,0x00,0x63,0x00,0x84,0x00,0x21,0x00,0x37,0x03,
  0xff,0x0c,0x3f,0x04,0x5f,0x04,0x3f,0x04,0x3f,0x04,0x3f,0x04,0x3f,0x04,0x5f,0x04,
  0x7f,0x04,0x3f,0x04,0x3f,0x04,0x3f,0x04,0x5f,0x04,0x5f,0x04,0x5f,0x04,0x5f,0x04,
  0x3f,0x04,0x7f,0x04,0x3f,0x04,0xa5,0x00,0x63,0x00,0x43,0x00,0x87,0x29,0xbe,0xf7,
  0xdf,0xff,0xff,0xff,0xcc,0x52,0x02,0x00,0x83,0x00,0x63,0x00,0x7a,0x03,0x3f,0x04,
  0x3f,0x04,0x38,0x03,0x42,0x00,0x63,0x00,0x63,0x00,0x63,0x00,0x00,0x00,0x00,0x00,
  0x00,0x00,0x00,0x00,0x63,0x00,0x63,0x00,0x83,0x00,0x21,0x00,0xb4,0x02,0x7f,0x04,
  0x3f,0x04,0x9c,0x03,0xa5,0x00,0x83,0x00,0x02,0x00,0xab,0x4a,0xff,0xff,0xdf,0xff,
  0xdf,0xff,0xc8,0x31,0x22,0x00,0x84,0x00,0x42,0x00,0x31,0x02,0xdb,0x03,0x1e,0x04,
  0x1e,0x04,0xff,0x3c,0x1e,0x45,0x1f,0x45,0x3f,0x4d,0xde,0x34,0xff,0x03,0xff,0x03,
  0xff,0x03,0xfe,0x03,0xff,0x03,0x1f,0x04,0x1f,0x04,0xff,0x03,0xff,0x03,0x9b,0x03,
  0x31,0x02,0x63,0x00,0x63,0x00,0x63,0x00,0x63,0x00,0x63,0x00,0x63,0x00,0x63,0x00,
  0x63,0x00,0x63,0x00,0x63,0x00,0x63,0x00,0x63,0x00,0x84,0x00,0x42,0x00,0xee,0x01,
  0xbb,0x03,0x1f,0x04,0x1e,0x04,0x1e,0x45,0x5f,0x4d,0x3f,0x4d,0x3f,0x55,0xbe,0x34,
  0xff,0x03,0xfe,0x03,0xfe,0x03,0xfe,0x03,0xff,0x03,0xff,0x03,0xff,0x03,0xfe,0x03,
  0x1f,0x04,0xfd,0x03,0xb5,0x02,0x63,0x00,0x63,0x00,0x22,0x00,0x87,0x29,0xbe,0xf7,
  0xdf,0xff,0xff,0xff,0xec,0x52,0x02,0x00,0x83,0x00,0x42,0x00,0x59,0x03,0x3f,0x04,
  0x3f,0x04,0x7a,0x03,0x43,0x00,0x63,0x00,0x63,0x00,0x63,0x00,0x00,0x00,0x00,0x00,
  0x00,0x00,0x00,0x00,0x63,0x00,0x83,0x00,0x63,0x00,0x00,0x00,0xd4,0x02,0x9f,0x04,
  0x3f,0x04,0x9c,0x03,0x84,0x00,0x83,0x00,0x02,0x00,0xab,0x4a,0xff,0xff,0xdf,0xff,
  0xdf,0xff,0xc8,0x31,0x22,0x00,0x83,0x00,0x83,0x00,0x01,0x00,0x51,0x02,0x7f,0x04,
  0x3e,0x04,0x7f,0xdf,0xff,0xff,0xff,0xff,0xff,0xff,0x3f,0xcf,0x1f,0x04,0xff,0x03,
  0xff,0x03,0xff,0x03,0x1f,0x04,0x1f,0x04,0x1f,0x04,0xff,0x03,0x3f,0x04,0x52,0x02,
  0x00,0x00,0x84,0x00,0x63,0x00,0x63,0x00,0x63,0x00,0x63,0x00,0x63,0x00,0x63,0x00,
  0x63,0x00,0x63,0x00,0x63,0x00,0x63,0x00,0x63,0x00,0x63,0x00,0x84,0x00,0x00,0x00,
  0x8c,0x01,0x7f,0x04,0x9e,0x1c,0xdf,0xf7,0xff,0xff,0xff,0xff,0xff,0xff,0x9e,0xae,
  0xbe,0x03,0x1f,0x04,0xff,0x03,0xff,0x03,0xff,0x03,0xff,0x03,0xff,0x03,0xff,0x03,
  0x3f,0x04,0x58,0x03,0x43,0x00,0x63,0x00,0x83,0x00,0x22,0x00,0x66,0x29,0xdf,0xff,
  0xdf,0xff,0xff,0xff,0xcc,0x52,0x02,0x00,0x83,0x00,0x42,0x00,0x58,0x03,0x3f,0x04,
  0x3f,0x04,0x7a,0x03,0x63,0x00,0x63,0x00,0x63,0x00,0x63,0x00,0x00,0x00,0x00,0x00,
  0x00,0x00,0x00,0x00,0x63,0x00,0x63,0x00,0x63,0x00,0x01,0x00,0xd4,0x02,0x9f,0x04,
  0x3f,0x04,0x9c,0x03,0x63,0x00,0x63,0x00,0x01,0x00,0xab,0x4a,0xff,0xff,0xdf,0xff,
  0xdf,0xff,0xa8,0x31,0x22,0x00,0x84,0x00,0x84,0x00,0x22,0x00,0x51,0x02,0x9f,0x04,
  0x3f,0x04,0x5f,0xd7,0xdf,0xff,0xdf,0xf7,0xff,0xff,0xff,0xc6,0xff,0x03,0x1f,0x04,
  0x1f,0x04,0x1f,0x04,0x1f,0x04,0x1f,0x04,0x1f,0x04,0xff,0x03,0x3f,0x04,0x73,0x02,
  0x21,0x00,0x63,0x00,0x63,0x00,0x63,0x00,0x63,0x00,0x63,0x00,0x63,0x00,0x63,0x00,
  0x63,0x00,0x63,0x00,0x63,0x00,0x63,0x00,0x63,0x00,0x63,0x00,0x83,0x00,0x21,0x00,
  0x8c,0x01,0x5f,0x04,0x9e,0x1c,0xbf,0xef,0xff,0xff,0xdf,0xf7,0xff,0xff,0x7e,0xa6,
  0xbe,0x03,0x1f,0x04,0xff,0x03,0xff,0x03,0xff,0x03,0xff,0x03,0xff,0x03,0xff,0x03,
  0x3f,0x04,0x38,0x03,0x43,0x00,0x83,0x00,0x84,0x00,0x22,0x00,0x87,0x29,0xdf,0xff,
  0xdf,0xff,0xff,0xff,0xab,0x52,0x01,0x00,0x83,0x00,0x42,0x00,0x79,0x03,0x3f,0x04,
  0x3f,0x04,0x59,0x03,0x63,0x00,0x63,0x00,0x63,0x00,0x63,0x00,0x00,0x00,0x00,0x00,
  0x00,0x00,0x00,0x00,0x63,0x00,0x63,0x00,0x63,0x00,0x22,0x00,0xd4,0x02,0x7f,0x04,
  0x3f,0x04,0xbc,0x0b,0x84,0x00,0x63,0x00,0x01,0x00,0x8a,0x4a,0xff,0xff,0xdf,0xff,
  0xdf,0xff,0xa7,0x31,0x22,0x00,0x83,0x00,0x83,0x00,0x01,0x00,0x30,0x02,0x9f,0x04,
  0x1e,0x04,0x5f,0xd7,0xff,0xff,0xdf,0xf7,0xff,0xff,0xff,0xbe,0xff,0x03,0xff,0x03,
  0x1f,0x04,0x1f,0x04,0xff,0x03,0xff,0x03,0x1f,0x04,0xff,0x03,0x3f,0x04,0x94,0x02,
  0x22,0x00,0x63,0x00,0x63,0x00,0x63,0x00,0x63,0x00,0x63,0x00,0x63,0x00,0x63,0x00,
  0x63,0x00,0x63,0x00,0x63,0x00,0x63,0x00,0x63,0x00,0x63,0x00,0x63,0x00,0x21,0x00,
  0xad,0x01,0x7f,0x04,0x9f,0x24,0xbf,0xef,0xff,0xff,0xdf,0xf7,0xff,0xff,0x9f,0xae,
  0xde,0x03,0x1f,0x04,0x1f,0x04,0xff,0x03,0xff,0x03,0xff,0x03,0xff,0x03,0xfe,0x03,
  0x3f,0x04,0x17,0x03,0x22,0x00,0x83,0x00,0x83,0x00,0x22,0x00,0x87,0x29,0xdf,0xff,
  0xdf,0xff,0xff,0xff,0xab,0x52,0x01,0x00,0x83,0x00,0x63,0x00,0x9a,0x03,0x3f,0x04,
  0x1f,0x04,0x18,0x03,0x43,0x00,0x63,0x00,0x63,0x00,0x43,0x00,0x00,0x00,0x00,0x00,
  0x00,0x00,0x00,0x00,0x63,0x00,0x63,0x00,0x63,0x00,0x22,0x00,0xd5,0x02,0x5f,0x04,
  0x1f,0x04,0xbc,0x0b,0xa5,0x00,0x83,0x00,0x01,0x00,0x6a,0x4a,0xff,0xff,0xdf,0xff,
  0xdf,0xff,0xc8,0x31,0x22,0x00,0x83,0x00,0x83,0x00,0x21,0x00,0x30,0x02,0x9f,0x04,
  0x3f,0x0c,0x7f,0xdf,0xff,0xff,0xff,0xff,0xff,0xff,0x1f,0xc7,0xff,0x03,0x1f,0x04,
  0x1f,0x04,0xff,0x03,0xff,0x03,0xff,0x03,0xff,0x03,0xff,0x03,0x5f,0x04,0xb5,0x02,
  0x22,0x00,0x84,0x00,0x63,0x00,0x63,0x00,0x63,0x00,0x63,0x00,0x63,0x00,0x63,0x00,
  0x63,0x00,0x63,0x00,0x63,0x00,0x63,0x00,0x63,0x00,0x63,0x00,0x83,0x00,0x21,0x00,
  0xce,0x01,0x9f,0x04,0x9f,0x1c,0xbf,0xf7,0xff,0xff,0xdf,0xff,0xff,0xff,0xbf,0xb6,
  0xff,0x03,0x1f,0x04,0x1f,0x04,0xff,0x03,0xff,0x03,0xff,0x03,0xff,0x03,0xff,0x03,
  0x5f,0x04,0x39,0x03,0x43,0x00,0x84,0x00,0x83,0x00,0x42,0x00,0xa8,0x29,0xdf,0xff,
  0xdf,0xff,0xff,0xff,0xcb,0x52,0x01,0x00,0x83,0x00,0x43,0x00,0x7a,0x03,0x3f,0x04,
  0x3f,0x04,0x39,0x03,0x43,0x00,0x63,0x00,0x63,0x00,0x63,0x00,0x00,0x00,0x00,0x00,
  0x00,0x00,0x00,0x00,0x63,0x00,0x63,0x00,0x63,0x00,0x21,0x00,0xd5,0x02,0x5f,0x04,
  0x1f,0x04,0xbb,0x03,0x85,0x00,0x83,0x00,0x02,0x00,0x8b,0x4a,0xff,0xff,0xdf,0xff,
  0xdf,0xff,0xc9,0x31,0x22,0x00,0x63,0x00,0x63,0x00,0x22,0x00,0xcd,0x01,0x9b,0x03,
  0xbc,0x03,0xff,0xbe,0x7f,0xdf,0x3f,0xd7,0x7f,0xdf,0xbf,0xae,0xff,0x03,0x1f,0x04,
  0x1f,0x04,0xff,0x03,0xff,0x03,0xff,0x03,0xff,0x03,0xbc,0x03,0xbc,0x03,0x52,0x02,
  0x21,0x00,0x84,0x00,0x84,0x00,0x63,0x00,0x83,0x00,0xa4,0x00,0xa4,0x00,0xa4,0x00,
  0x84,0x00,0x83,0x00,0x63,0x00,0x83,0x00,0x63,0x00,0x63,0x00,0x84,0x00,0x21,0x00,
  0x6b,0x01,0xbc,0x03,0x1b,0x14,0xff,0xc6,0x3f,0xd7,0x3f,0xcf,0x7f,0xdf,0x5f,0x96,
  0xff,0x03,0x1f,0x04,0xff,0x03,0xff,0x03,0xff,0x03,0xff,0x03,0x1f,0x04,0xdd,0x03,
  0x9b,0x03,0xb4,0x02,0x42,0x00,0x63,0x00,0x63,0x00,0x43,0x00,0xc8,0x29,0xdf,0xff,
  0xdf,0xff,0xff,0xff,0xcc,0x52,0x02,0x00,0x84,0x00,0x42,0x00,0x59,0x03,0x3f,0x04,
  0x3f,0x04,0x59,0x03,0x43,0x00,0x63,0x00,0x63,0x00,0x63,0x00,0x00,0x00,0x00,0x00,
  0x00,0x00,0x00,0x00,0x63,0x00,0x63,0x00,0x63,0x00,0x00,0x00,0xd5,0x02,0x5f,0x04,
  0x1f,0x04,0x9b,0x03,0x63,0x00,0x63,0x00,0x02,0x00,0xab,0x4a,0xff,0xff,0xdf,0xff,
  0xdf,0xff,0xe9,0x31,0x43,0x00,0x83,0x08,0x63,0x00,0x63,0x00,0x63,0x00,0x21,0x00,
  0x8c,0x01,0x3f,0x0c,0xfe,0x03,0x1e,0x04,0x1f,0x0c,0x1f,0x0c,0x1f,0x04,0xff,0x03,
  0xff,0x03,0xff,0x03,0xff,0x03,0xde,0x03,0x3f,0x04,0x0f,0x02,0x43,0x00,0x84,0x00,
  0x83,0x00,0x42,0x00,0x28,0x01,0xdb,0x03,0x9a,0x03,0xdb,0x03,0xdb,0x03,0xbb,0x03,
  0xbb,0x03,0xbb,0x03,0x9b,0x03,0x9b,0x03,0x9b,0x03,0x08,0x01,0x42,0x00,0x63,0x00,
  0x63,0x00,0x63,0x00,0x4a,0x01,0xfe,0x03,0xfe,0x03,0x1f,0x04,0x1f,0x04,0x1f,0x04,
  0x1f,0x04,0x1f,0x04,0x1f,0x04,0xff,0x03,0xff,0x03,0xfe,0x03,0x3f,0x04,0xb5,0x02,
  0x22,0x00,0x63,0x00,0x63,0x00,0x63,0x00,0x83,0x08,0x43,0x00,0xc8,0x31,0xdf,0xff,
  0xdf,0xff,0xff,0xff,0xcc,0x52,0x22,0x00,0x84,0x00,0x42,0x00,0x59,0x03,0x1f,0x04,
  0x1f,0x04,0x59,0x03,0x43,0x00,0x63,0x00,0x84,0x00,0x63,0x00,0x00,0x00,0x07,0x00,
  0x00,0x00,0x00,0x00,0x63,0x00,0x63,0x00,0x63,0x00,0x01,0x00,0xf5,0x02,0x9f,0x04,
  0x5f,0x04,0xdd,0x03,0x63,0x00,0x62,0x00,0x02,0x00,0xac,0x4a,0xff,0xff,0xdf,0xff,
  0xdf,0xff,0x66,0x21,0x00,0x00,0x01,0x00,0x42,0x00,0x63,0x00,0x63,0x00,0x21,0x00,
  0x8d,0x01,0x5f,0x04,0x3f,0x04,0x1f,0x04,0xff,0x03,0xff,0x03,0xff,0x03,0xff,0x03,
  0xff,0x03,0xff,0x03,0xff,0x03,0x3f,0x04,0x7f,0x04,0x0f,0x02,0x21,0x00,0x83,0x00,
  0x83,0x00,0x42,0x00,0x4a,0x01,0x9f,0x04,0x5f,0x04,0x3f,0x04,0x3f,0x04,0x3f,0x04,
  0x1f,0x04,0x3f,0x04,0x3f,0x04,0x3f,0x04,0x7f,0x04,0x4a,0x01,0x21,0x00,0x83,0x00,
  0x63,0x00,0x42,0x00,0x09,0x01,0x3f,0x04,0x3f,0x04,0x1f,0x04,0x1f,0x04,0xff,0x03,
  0xff,0x03,0xff,0x03,0xff,0x03,0xff,0x03,0x1f,0x04,0x1f,0x04,0x7f,0x04,0xf6,0x02,
  0x42,0x00,0x84,0x00,0x63,0x00,0x42,0x00,0x01,0x00,0x00,0x00,0x25,0x19,0xdf,0xff,
  0xdf,0xff,0xff,0xff,0xcc,0x52,0x02,0x00,0x84,0x00,0x42,0x00,0x9a,0x03,0x5f,0x04,
  0x5f,0x04,0x7b,0x03,0x43,0x00,0x63,0x00,0x63,0x00,0x63,0x00,0x00,0x00,0x00,0x00,
  0x00,0x00,0x00,0x00,0x63,0x00,0x63,0x00,0x63,0x00,0x21,0x00,0xcd,0x01,0x16,0x03,
  0x36,0x03,0xf4,0x02,0x84,0x00,0x63,0x00,0x01,0x00,0xab,0x4a,0xff,0xff,0xdf,0xff,
  0xdf,0xff,0xb3,0x94,0x10,0x7c,0xaf,0x73,0xa4,0x08,0x63,0x00,0x84,0x00,0x63,0x00,
  0x29,0x01,0xf6,0x02,0x17,0x03,0x1f,0x04,0x1f,0x04,0xff,0x03,0xff,0x03,0xff,0x03,
  0xdf,0x03,0xdf,0x03,0xff,0x03,0x37,0x03,0x37,0x03,0xac,0x01,0x42,0x00,0x63,0x00,
  0x63,0x00,0x42,0x00,0x07,0x01,0x15,0x03,0x58,0x03,0x3f,0x04,0x1f,0x04,0x1f,0x04,
  0x1f,0x04,0xff,0x03,0x1f,0x04,0x37,0x03,0xf5,0x02,0x28,0x01,0x42,0x00,0x63,0x00,
  0x63,0x00,0x42,0x00,0xc6,0x00,0xf6,0x02,0x16,0x03,0xdd,0x03,0x1f,0x04,0xff,0x03,
  0xff,0x03,0xff,0x03,0xff,0x03,0xff,0x03,0x1f,0x04,0x58,0x03,0x16,0x03,0x2f,0x02,
  0x43,0x00,0x84,0x00,0x63,0x00,0x83,0x08,0xaf,0x73,0x10,0x7c,0x92,0x94,0xdf,0xff,
  0xdf,0xff,0xff,0xff,0xcc,0x52,0x02,0x00,0x83,0x00,0x42,0x00,0x92,0x02,0x16,0x03,
  0xf6,0x02,0x52,0x02,0x63,0x00,0x63,0x00,0x63,0x00,0x63,0x00,0x00,0x00,0x00,0x00,
  0x00,0x00,0x00,0x00,0x63,0x00,0x63,0x00,0x63,0x00,0x63,0x00,0x21,0x00,0x21,0x00,
  0x42,0x00,0x63,0x00,0x63,0x00,0x83,0x00,0x01,0x00,0x8b,0x4a,0xff,0xff,0xdf,0xff,
  0xdf,0xff,0xff,0xff,0xff,0xff,0x9e,0xf7,0x06,0x19,0x63,0x00,0x83,0x00,0x63,0x00,
  0x63,0x00,0x21,0x00,0x84,0x00,0xbc,0x03,0x1f,0x04,0xfe,0x03,0xff,0x03,0xdf,0x03,
  0xde,0x03,0xdf,0x03,0xdd,0x03,0xa6,0x00,0x42,0x00,0x63,0x00,0x63,0x00,0x63,0x00,
  0x63,0x00,0x63,0x00,0x63,0x00,0x00,0x00,0x08,0x01,0x1f,0x04,0x1e,0x04,0x1f,0x04,
  0x1f,0x04,0x1f,0x04,0x1f,0x04,0x08,0x01,0x00,0x00,0x63,0x00,0x63,0x00,0x63,0x00,
  0x63,0x00,0x63,0x00,0x63,0x00,0x63,0x00,0x22,0x00,0x18,0x03,0x1f,0x04,0xfe,0x03,
  0xff,0x03,0xff,0x03,0xfe,0x03,0xfe,0x03,0x3f,0x04,0x6c,0x01,0x00,0x00,0x42,0x00,
  0x63,0x00,0x84,0x00,0x63,0x00,0x05,0x11,0x9e,0xf7,0xff,0xff,0xff,0xff,0xff,0xff,
  0xdf,0xff,0xff,0xff,0xcb,0x52,0x01,0x00,0x83,0x00,0x63,0x00,0x43,0x00,0x42,0x00,
  0x21,0x00,0x42,0x00,0x63,0x00,0x63,0x00,0x63,0x00,0x63,0x00,0x00,0x00,0x00,0x00,
  0x00,0x00,0x00,0x00,0x00,0x00,0x00,0x00,0x00,0x00,0xa8,0x00,0x64,0x00,0x84,0x00,
  0x63,0x00,0x63,0x00,0x63,0x00,0x83,0x00,0x01,0x00,0x6a,0x4a,0xff,0xff,0xdf,0xff,
  0xdf,0xff,0xbe,0xf7,0xff,0xff,0x1c,0xe7,0x83,0x08,0x01,0x00,0x22,0x00,0x63,0x00,
  0x63,0x00,0x63,0x00,0xc6,0x00,0xfe,0x03,0x3f,0x04,0x1f,0x04,0x3f,0x04,0x3f,0x04,
  0x3f,0x04,0x3f,0x04,0x3f,0x04,0x08,0x01,0x63,0x00,0x63,0x00,0x63,0x00,0x63,0x00,
  0x63,0x00,0x63,0x00,0x84,0x00,0x42,0x00,0x4a,0x01,0x5f,0x04,0x5f,0x04,0x1f,0x04,
  0x1f,0x04,0x3f,0x04,0x7f,0x04,0x6b,0x01,0x42,0x00,0x83,0x00,0x63,0x00,0x63,0x00,
  0x63,0x00,0x63,0x00,0x63,0x00,0x84,0x00,0x42,0x00,0x59,0x03,0x5f,0x04,0x1f,0x04,
  0x3f,0x04,0x3f,0x04,0x3f,0x04,0x3f,0x04,0x7f,0x04,0xad,0x01,0x42,0x00,0x84,0x00,
  0x63,0x00,0x43,0x00,0x00,0x00,0x63,0x08,0x1c,0xe7,0xff,0xff,0xbf,0xff,0xff,0xff,
  0xdf,0xff,0xff,0xff,0x8b,0x4a,0x01,0x00,0x84,0x00,0x83,0x00,0x83,0x00,0x83,0x00,
  0x63,0x00,0x84,0x00,0x85,0x00,0x00,0x00,0x00,0x00,0x00,0x00,0x00,0x00,0x00,0x00,
  0x00,0x00,0x00,0x00,0x00,0x00,0x00,0x00,0x00,0x00,0x63,0x00,0x63,0x00,0x63,0x00,
  0x63,0x00,0x63,0x00,0x63,0x00,0x83,0x00,0x01,0x00,0x6a,0x4a,0xff,0xff,0xdf,0xff,
  0xdf,0xff,0xdf,0xff,0xff,0xff,0x9e,0xf7,0x35,0xa5,0x35,0xa5,0x4e,0x63,0x23,0x00,
  0x84,0x00,0x63,0x00,0x84,0x00,0xac,0x01,0xad,0x01,0xac,0x01,0xad,0x01,0xce,0x01,
  0xcd,0x01,0xad,0x01,0xad,0x01,0xa5,0x00,0x63,0x00,0x63,0x00,0x63,0x00,0x63,0x00,
  0x63,0x00,0x63,0x00,0x63,0x00,0x63,0x00,0xe7,0x00,0x31,0x02,0xd5,0x02,0x3f,0x04,
  0x3f,0x04,0xb4,0x02,0x51,0x02,0xe7,0x00,0x63,0x00,0x63,0x00,0x63,0x00,0x63,0x00,
  0x63,0x00,0x63,0x00,0x63,0x00,0x63,0x00,0x63,0x00,0x8b,0x01,0xee,0x01,0xad,0x01,
  0xce,0x01,0xad,0x01,0xad,0x01,0xce,0x01,0xad,0x01,0xc6,0x00,0x63,0x00,0x84,0x00,
  0x43,0x00,0x4e,0x63,0x35,0xa5,0x35,0xa5,0xbe,0xf7,0xff,0xff,0xdf,0xff,0xdf,0xff,
  0xdf,0xff,0xff,0xff,0x8b,0x4a,0x01,0x00,0x84,0x00,0x63,0x00,0x63,0x00,0x63,0x00,
  0x63,0x00,0x63,0x00,0x64,0x00,0x00,0x00,0x00,0x00,0x00,0x00,0x00,0x00,0x00,0x00,
  0x00,0x00,0x00,0x00,0x00,0x00,0x00,0x00,0x00,0x00,0x84,0x00,0x63,0x00,0x63,0x00,
  0x63,0x00,0x63,0x00,0x63,0x00,0x83,0x00,0x01,0x00,0x6a,0x4a,0xff,0xff,0xbf,0xf7,
  0xdf,0xff,0xff,0xff,0xff,0xff,0xff,0xff,0xff,0xff,0xff,0xff,0x56,0xa5,0x02,0x00,
  0xa4,0x08,0x63,0x00,0x63,0x00,0x21,0x00,0x21,0x00,0x21,0x00,0x22,0x00,0x42,0x00,
  0x22,0x00,0x21,0x00,0x21,0x00,0x63,0x00,0x63,0x00,0x63,0x00,0x63,0x00,0x63,0x00,
  0x63,0x00,0x63,0x00,0x63,0x00,0x63,0x00,0x63,0x00,0x00,0x00,0x08,0x01,0x1f,0x04,
  0x1e,0x04,0xe8,0x00,0x00,0x00,0x63,0x00,0x63,0x00,0x63,0x00,0x63,0x00,0x63,0x00,
  0x63,0x00,0x63,0x00,0x63,0x00,0x63,0x00,0x63,0x00,0x42,0x00,0x42,0x00,0x21,0x00,
  0x21,0x00,0x21,0x00,0x21,0x00,0x42,0x00,0x21,0x00,0x42,0x00,0x83,0x00,0xa4,0x00,
  0x01,0x00,0x35,0xa5,0xff,0xff,0xff,0xff,0xff,0xff,0xff,0xff,0xff,0xff,0xdf,0xff,
  0xbe,0xf7,0xff,0xff,0xab,0x52,0x02,0x00,0x83,0x00,0x63,0x00,0x63,0x00,0x63,0x00,
  0x63,0x00,0x63,0x00,0x63,0x00,0x00,0x00,0x00,0x00,0x00,0x00,0x00,0x00,0x00,0x00,
  0x00,0x00,0x00,0x00,0x00,0x00,0x00,0x00,0x00,0x00,0x00,0x00,0x04,0x00,0xa2,0x00,
  0xa5,0x00,0x84,0x00,0x63,0x00,0x83,0x00,0x02,0x00,0xab,0x4a,0xff,0xff,0xff,0xff,
  0xff,0xff,0xff,0xff,0xff,0xff,0xdf,0xff,0xbe,0xf7,0xff,0xff,0xf4,0x9c,0x00,0x00,
  0x63,0x00,0x43,0x00,0x63,0x00,0x63,0x00,0x84,0x00,0x84,0x00,0x83,0x00,0x84,0x00,
  0x83,0x00,0x83,0x00,0x83,0x00,0x63,0x00,0x63,0x00,0x63,0x00,0x63,0x00,0x63,0x00,
  0x63,0x00,0x63,0x00,0x63,0x00,0x63,0x00,0x84,0x00,0x42,0x00,0x6b,0x01,0x5f,0x04,
  0x5f,0x04,0x4a,0x01,0x63,0x00,0x83,0x00,0x63,0x00,0x63,0x00,0x63,0x00,0x63,0x00,
  0x63,0x00,0x63,0x00,0x63,0x00,0x63,0x00,0x63,0x00,0x63,0x00,0x83,0x00,0x83,0x00,
  0x83,0x00,0x84,0x00,0x84,0x00,0x84,0x00,0x83,0x00,0x63,0x00,0x42,0x00,0x42,0x00,
  0x00,0x00,0xd3,0x9c,0xff,0xff,0xbe,0xf7,0xdf,0xff,0xff,0xff,0xff,0xff,0xff,0xff,
  0xff,0xff,0xff,0xff,0xec,0x52,0x02,0x00,0x83,0x00,0x63,0x00,0x63,0x00,0x84,0x00,
  0x63,0x00,0x63,0x00,0x00,0x00,0x00,0x00,0x00,0x00,0x00,0x00,0x00,0x00,0x00,0x00,
  0x00,0x00,0x00,0x00,0x00,0x00,0x00,0x00,0x00,0x00,0x00,0x00,0x00,0x00,0x00,0x00,
  0x00,0x00,0xc4,0x08,0x63,0x00,0x63,0x00,0x42,0x00,0x05,0x11,0x8b,0x4a,0x6b,0x42,
  0x6a,0x4a,0xdb,0xde,0xff,0xff,0xdf,0xff,0xdf,0xff,0xff,0xff,0x3c,0xe7,0x18,0xbe,
  0x59,0xce,0xb0,0x73,0x02,0x00,0x83,0x00,0x63,0x00,0x63,0x00,0x63,0x00,0x63,0x00,
  0x63,0x00,0x63,0x00,0x63,0x00,0x63,0x00,0x63,0x00,0x63,0x00,0x63,0x00,0x63,0x00,
  0x63,0x00,0x63,0x00,0x63,0x00,0x63,0x00,0x63,0x00,0x42,0x00,0xe7,0x00,0x93,0x02,
  0x73,0x02,0xc6,0x00,0x42,0x00,0x83,0x00,0x63,0x00,0x63,0x00,0x63,0x00,0x63,0x00,
  0x63,0x00,0x63,0x00,0x63,0x00,0x63,0x00,0x63,0x00,0x63,0x00,0x63,0x00,0x63,0x00,
  0x63,0x00,0x63,0x00,0x63,0x00,0x63,0x00,0x84,0x00,0x01,0x00,0x6e,0x6b,0x59,0xce,
  0x18,0xc6,0x5d,0xe7,0xff,0xff,0xdf,0xff,0xdf,0xff,0xff,0xff,0xfb,0xde,0x4a,0x42,
  0x2a,0x42,0x6a,0x42,0x06,0x19,0x63,0x00,0x63,0x00,0x63,0x00,0x63,0x00,0x00,0x00,
  0x00,0x00,0x00,0x00,0x00,0x00,0x00,0x00,0x00,0x00,0x00,0x00,0x00,0x00,0x00,0x00,
  0x00,0x00,0x00,0x00,0x00,0x00,0x00,0x00,0x00,0x00,0x00,0x00,0x00,0x00,0x00,0x00,
  0x00,0x00,0x44,0x08,0x63,0x00,0x63,0x00,0x63,0x00,0x63,0x00,0x22,0x00,0x22,0x00,
  0x21,0x00,0x59,0xce,0xff,0xff,0xbe,0xf7,0xff,0xff,0xff,0xff,0xff,0xff,0xff,0xff,
  0xff,0xff,0xd4,0x94,0x01,0x00,0xa4,0x08,0x84,0x00,0x83,0x00,0x83,0x00,0x83,0x00,
  0x83,0x00,0x84,0x00,0x84,0x00,0x83,0x00,0x84,0x00,0x84,0x00,0x84,0x00,0x84,0x00,
  0x84,0x00,0x83,0x00,0x83,0x00,0x84,0x00,0x63,0x00,0x63,0x00,0x63,0x00,0x42,0x00,
  0x22,0x00,0x42,0x00,0x63,0x00,0x83,0x00,0x84,0x00,0x83,0x00,0x63,0x00,0x63,0x00,
  0x83,0x00,0x83,0x00,0x83,0x00,0x83,0x00,0x83,0x00,0x83,0x00,0x83,0x00,0x83,0x00,
  0x83,0x00,0x83,0x00,0x83,0x00,0x83,0x00,0xa4,0x08,0x01,0x00,0xd3,0x94,0xff,0xff,
  0xff,0xff,0xff,0xff,0xff,0xff,0xff,0xff,0xbe,0xf7,0xff,0xff,0x7a,0xce,0x22,0x00,
  0x22,0x00,0x22,0x00,0x63,0x00,0x63,0x00,0x63,0x00,0x63,0x00,0x83,0x00,0x00,0x00,
  0x00,0x00,0x00,0x00,0x00,0x00,0x00,0x00,0x00,0x00,0x00,0x00,0x00,0x00,0x00,0x00,
  0x00,0x00,0x00,0x00,0x00,0x00,0x00,0x00,0x00,0x00,0x00,0x00,0x00,0x00,0x00,0x00,
  0x00,0x00,0x63,0x00,0x63,0x00,0x83,0x00,0x83,0x00,0x84,0x00,0x83,0x00,0x83,0x00,
  0x83,0x08,0xfb,0xde,0xff,0xff,0xff,0xff,0xff,0xff,0xff,0xff,0xdf,0xff,0xbe,0xf7,
  0xff,0xff,0x72,0x8c,0x00,0x00,0x63,0x00,0x42,0x00,0x22,0x00,0x22,0x00,0x22,0x00,
  0x22,0x00,0x22,0x00,0x22,0x00,0x22,0x00,0x22,0x00,0x22,0x00,0x22,0x00,0x22,0x00,
  0x22,0x00,0x01,0x00,0x21,0x00,0x22,0x00,0x42,0x00,0x63,0x00,0x63,0x00,0x84,0x00,
  0x84,0x00,0x83,0x00,0x63,0x00,0x22,0x00,0x22,0x00,0x22,0x00,0x22,0x00,0x22,0x00,
  0x22,0x00,0x22,0x00,0x22,0x00,0x22,0x00,0x22,0x00,0x22,0x00,0x22,0x00,0x22,0x00,
  0x22,0x00,0x21,0x00,0x21,0x00,0x22,0x00,0x42,0x00,0x00,0x00,0x93,0x8c,0xff,0xff,
  0xbe,0xf7,0xdf,0xff,0xff,0xff,0xff,0xff,0xff,0xff,0xff,0xff,0xfc,0xde,0x83,0x08,
  0x84,0x00,0x84,0x08,0x83,0x00,0x63,0x00,0x63,0x00,0x63,0x00,0x83,0x00,0x00,0x00,
  0x00,0x00,0x00,0x00,0x00,0x00,0x00,0x00,0x00,0x00,0x00,0x00,0x00,0x00,0x00,0x00,
  0x00,0x00,0x00,0x00,0x00,0x00,0x00,0x00,0x00,0x00,0x00,0x00,0x00,0x00,0x00,0x00,
  0x00,0x00,0x00,0x00,0x83,0x08,0x83,0x00,0xa4,0x00,0xa4,0x08,0x83,0x00,0x63,0x00,
  0x62,0x00,0x92,0x94,0xb7,0xb5,0x75,0xad,0x1c,0xe7,0xff,0xff,0xdf,0xff,0xdf,0xff,
  0xff,0xff,0xfc,0xde,0xd7,0xbd,0xf8,0xbd,0xd7,0xbd,0xd7,0xbd,0xd7,0xbd,0xd7,0xbd,
  0xd7,0xbd,0xd7,0xbd,0xb7,0xb5,0xd7,0xb5,0xd7,0xb5,0xb7,0xb5,0xb7,0xb5,0xb7,0xb5,
  0xb7,0xb5,0xb7,0xb5,0xb7,0xb5,0x18,0xc6,0x0d,0x5b,0x22,0x00,0xa4,0x08,0x84,0x00,
  0x84,0x00,0xa4,0x08,0x22,0x00,0xcc,0x52,0xf7,0xbd,0xb7,0xb5,0xd7,0xbd,0xd7,0xbd,
  0xb7,0xb5,0xb7,0xb5,0xd7,0xbd,0xd7,0xbd,0xd7,0xbd,0xd7,0xbd,0xd7,0xbd,0xd7,0xbd,
  0xd7,0xbd,0xd7,0xbd,0xd7,0xb5,0xd7,0xb5,0xd7,0xb5,0xb7,0xb5,0x1c,0xe7,0xff,0xff,
  0xdf,0xff,0xdf,0xff,0xff,0xff,0x3c,0xe7,0x55,0xad,0x76,0xad,0x92,0x8c,0x63,0x00,
  0x63,0x00,0x83,0x00,0x83,0x00,0xa4,0x00,0x63,0x00,0x63,0x00,0x04,0x00,0x00,0x00,
  0x00,0x00,0x00,0x00,0x00,0x00,0x00,0x00,0x00,0x00,0x00,0x00,0x00,0x00,0x00,0x00,
  0x00,0x00,0x00,0x00,0x00,0x00,0x00,0x00,0x00,0x00,0x00,0x00,0x00,0x00,0x00,0x00,
  0x00,0x00,0x00,0x00,0x00,0x00,0x00,0x00,0x00,0x00,0x63,0x00,0x63,0x00,0x63,0x00,
  0x63,0x00,0x22,0x00,0x42,0x00,0x00,0x00,0x14,0xa5,0xff,0xff,0xbf,0xf7,0xff,0xff,
  0xff,0xff,0xff,0xff,0xff,0xff,0xff,0xff,0xff,0xff,0xff,0xff,0xff,0xff,0xff,0xff,
  0xff,0xff,0xff,0xff,0xff,0xff,0xff,0xff,0xff,0xff,0xff,0xff,0xff,0xff,0xff,0xff,
  0xff,0xff,0xff,0xff,0xff,0xff,0xff,0xff,0xf0,0x7b,0x00,0x00,0x02,0x00,0x02,0x00,
  0x02,0x00,0x22,0x00,0x00,0x00,0xaf,0x73,0xff,0xff,0xff,0xff,0xff,0xff,0xff,0xff,
  0xff,0xff,0xff,0xff,0xff,0xff,0xff,0xff,0xff,0xff,0xff,0xff,0xff,0xff,0xff,0xff,
  0xff,0xff,0xff,0xff,0xff,0xff,0xff,0xff,0xff,0xff,0xff,0xff,0xff,0xff,0xff,0xff,
  0xdf,0xff,0xbe,0xf7,0xff,0xff,0x96,0xb5,0x00,0x00,0x21,0x00,0x01,0x00,0x63,0x00,
  0x83,0x00,0x63,0x00,0x63,0x00,0x00,0x00,0x00,0x00,0x00,0x00,0x00,0x00,0x00,0x00,
  0x00,0x00,0x00,0x00,0x00,0x00,0x00,0x00,0x00,0x00,0x00,0x00,0x00,0x00,0x00,0x00,
  0x00,0x00,0x00,0x00,0x00,0x00,0x00,0x00,0x00,0x00,0x00,0x00,0x00,0x00,0x00,0x00,
  0x00,0x00,0x00,0x00,0x00,0x00,0x00,0x00,0x00,0x00,0x83,0x00,0x83,0x00,0x63,0x00,
  0x63,0x00,0x83,0x00,0xa4,0x08,0x22,0x00,0x76,0xad,0xff,0xff,0xff,0xff,0xff,0xff,
  0xff,0xff,0xff,0xff,0xdf,0xff,0xdf,0xff,0xdf,0xff,0xdf,0xff,0xdf,0xff,0xdf,0xff,
  0xdf,0xff,0xdf,0xff,0xdf,0xff,0xdf,0xff,0xdf,0xff,0xdf,0xff,0xdf,0xff,0xdf,0xff,
  0xdf,0xff,0xdf,0xff,0xdf,0xff,0xdf,0xff,0x55,0xad,0xab,0x52,0xec,0x5a,0x0d,0x5b,
  0x0d,0x5b,0x0c,0x5b,0xab,0x52,0x55,0xa5,0xff,0xff,0xbe,0xf7,0xdf,0xff,0xdf,0xff,
  0xdf,0xff,0xdf,0xff,0xdf,0xff,0xdf,0xff,0xdf,0xff,0xdf,0xff,0xdf,0xff,0xdf,0xff,
  0xdf,0xff,0xdf,0xff,0xdf,0xff,0xdf,0xff,0xdf,0xff,0xdf,0xff,0xff,0xff,0xff,0xff,
  0xff,0xff,0xff,0xff,0xff,0xff,0xf7,0xbd,0x21,0x00,0xa4,0x08,0x84,0x00,0x63,0x00,
  0x63,0x00,0x83,0x00,0x63,0x00,0x00,0x00,0x00,0x00,0x00,0x00,0x00,0x00,0x00,0x00,
  0x00,0x00,0x00,0x00,0x00,0x00,0x00,0x00,0x00,0x00,0x00,0x00,0x00,0x00,0x00,0x00,
  0x00,0x00,0x00,0x00,0x00,0x00,0x00,0x00,0x00,0x00,0x00,0x00,0x00,0x00,0x00,0x00,
  0x00,0x00,0x00,0x00,0x00,0x00,0x00,0x00,0x00,0x00,0x83,0x00,0x63,0x00,0x63,0x00,
  0x63,0x00,0x83,0x00,0x83,0x00,0x01,0x00,0xb3,0x94,0x3c,0xe7,0xdb,0xde,0x3d,0xef,
  0xff,0xff,0xff,0xff,0xdf,0xff,0xdf,0xff,0xff,0xff,0xff,0xff,0xff,0xff,0xff,0xff,
  0xff,0xff,0xff,0xff,0xdf,0xff,0xdf,0xff,0xdf,0xff,0xdf,0xff,0xdf,0xff,0xff,0xff,
  0xff,0xff,0xff,0xff,0xff,0xff,0xdf,0xff,0xff,0xff,0xff,0xff,0xff,0xff,0xff,0xff,
  0xff,0xff,0xff,0xff,0xff,0xff,0xff,0xff,0xff,0xff,0xdf,0xff,0xff,0xff,0xff,0xff,
  0xff,0xff,0xff,0xff,0xdf,0xff,0xdf,0xff,0xdf,0xff,0xdf,0xff,0xff,0xff,0xff,0xff,
  0xff,0xff,0xff,0xff,0xff,0xff,0xdf,0xff,0xdf,0xff,0xff,0xff,0xdf,0xff,0xff,0xff,
  0x7d,0xef,0xdb,0xde,0xfc,0xde,0x14,0xa5,0x21,0x00,0x83,0x00,0x83,0x00,0x63,0x00,
  0x63,0x00,0x63,0x00,0x83,0x00,0x00,0x00,0x00,0x00,0x00,0x00,0x00,0x00,0x00,0x00,
  0x00,0x00,0x00,0x00,0x00,0x00,0x00,0x00,0x00,0x00,0x00,0x00,0x00,0x00,0x00,0x00,
  0x00,0x00,0x00,0x00,0x00,0x00,0x00,0x00,0x00,0x00,0x00,0x00,0x00,0x00,0x00,0x00,
  0x00,0x00,0x00,0x00,0x00,0x00,0x00,0x00,0x00,0x00,0x03,0x00,0x83,0x08,0x83,0x08,
  0xa4,0x00,0x63,0x00,0x63,0x00,0x63,0x00,0x83,0x00,0xe5,0x10,0x42,0x00,0xf0,0x7b,
  0xff,0xff,0xbe,0xf7,0xdf,0xff,0xdf,0xff,0xdf,0xff,0xdf,0xff,0xdf,0xff,0xdf,0xff,
  0xdf,0xff,0xdf,0xff,0xdf,0xff,0xdf,0xff,0xdf,0xff,0xdf,0xff,0xdf,0xff,0xdf,0xff,
  0xdf,0xff,0xff,0xff,0xdf,0xff,0xdf,0xff,0xdf,0xff,0xdf,0xff,0xdf,0xff,0xdf,0xff,
  0xbf,0xff,0xdf,0xff,0xdf,0xff,0xdf,0xff,0xdf,0xff,0xdf,0xff,0xff,0xff,0xdf,0xff,
  0xdf,0xff,0xdf,0xff,0xdf,0xff,0xdf,0xff,0xdf,0xff,0xdf,0xff,0xdf,0xff,0xdf,0xff,
  0xdf,0xff,0xdf,0xff,0xdf,0xff,0xdf,0xff,0xdf,0xff,0xdf,0xff,0xbe,0xf7,0xff,0xff,
  0x31,0x84,0x22,0x00,0xa3,0x08,0x84,0x08,0x83,0x00,0x63,0x00,0x63,0x00,0x83,0x00,
  0x63,0x00,0x43,0x00,0xc3,0x00,0x00,0x00,0x00,0x00,0x00,0x00,0x00,0x00,0x00,0x00,
  0x00,0x00,0x00,0x00,0x00,0x00,0x00,0x00,0x00,0x00,0x00,0x00,0x00,0x00,0x00,0x00,
  0x00,0x00,0x00,0x00,0x00,0x00,0x00,0x00,0x00,0x00,0x00,0x00,0x00,0x00,0x00,0x00,
  0x00,0x00,0x00,0x00,0x00,0x00,0x00,0x00,0x00,0x00,0x00,0x00,0x00,0x00,0x00,0x00,
  0x00,0x00,0x63,0x00,0x63,0x00,0x63,0x00,0x63,0x00,0x83,0x00,0x01,0x00,0x31,0x84,
  0xff,0xff,0xff,0xff,0xff,0xff,0xff,0xff,0xff,0xff,0xff,0xff,0xff,0xff,0xff,0xff,
  0xff,0xff,0xff,0xff,0xff,0xff,0xff,0xff,0xff,0xff,0xff,0xff,0xff,0xff,0xff,0xff,
  0xff,0xff,0xdf,0xff,0xdf,0xff,0xff,0xff,0xff,0xff,0xff,0xff,0xff,0xff,0xdf,0xff,
  0xdf,0xff,0xff,0xff,0xff,0xff,0xff,0xff,0xdf,0xff,0xdf,0xff,0xff,0xff,0xff,0xff,
  0xff,0xff,0xff,0xff,0xff,0xff,0xff,0xff,0xff,0xff,0xff,0xff,0xff,0xff,0xff,0xff,
  0xff,0xff,0xff,0xff,0xff,0xff,0xff,0xff,0xff,0xff,0xff,0xff,0xff,0xff,0xff,0xff,
  0x31,0x84,0x00,0x00,0x83,0x00,0x63,0x00,0x63,0x00,0x63,0x00,0x63,0x00,0x84,0x00,
  0x00,0x00,0x00,0x00,0x00,0x00,0x00,0x00,0x00,0x00,0x00,0x00,0x00,0x00,0x00,0x00,
  0x00,0x00,0x00,0x00,0x00,0x00,0x00,0x00,0x00,0x00,0x00,0x00,0x00,0x00,0x00,0x00,
  0x00,0x00,0x00,0x00,0x00,0x00,0x00,0x00,0x00,0x00,0x00,0x00,0x00,0x00,0x00,0x00,
  0x00,0x00,0x00,0x00,0x00,0x00,0x00,0x00,0x00,0x00,0x00,0x00,0x00,0x00,0x00,0x00,
  0x00,0x00,0x63,0x00,0x63,0x00,0x63,0x00,0x84,0x00,0x83,0x08,0x22,0x00,0xec,0x52,
  0x96,0xad,0x35,0xa5,0x56,0xad,0x76,0xad,0x55,0xad,0x76,0xad,0x76,0xad,0x76,0xad,
  0x56,0xa5,0x55,0xa5,0x35,0xa5,0x55,0xa5,0x76,0xa5,0x76,0xad,0x76,0xad,0x55,0xa5,
  0x96,0xad,0xbe,0xf7,0xff,0xff,0xff,0xff,0xff,0xff,0xdf,0xff,0xdf,0xff,0xff,0xff,
  0xff,0xff,0xff,0xff,0xdf,0xff,0xff,0xff,0xff,0xff,0xff,0xff,0xdf,0xff,0xd7,0xb5,
  0x56,0xad,0x76,0xad,0x55,0xa5,0x55,0xa5,0x76,0xad,0x76,0xad,0x55,0xa5,0x55,0xa5,
  0x35,0xa5,0x55,0xa5,0x56,0xad,0x76,0xad,0x56,0xa5,0x35,0xa5,0x35,0xa5,0x76,0xad,
  0xab,0x4a,0x22,0x00,0x84,0x00,0x83,0x00,0x63,0x00,0x63,0x00,0x83,0x00,0x83,0x00,
  0x00,0x00,0x00,0x00,0x00,0x00,0x00,0x00,0x00,0x00,0x00,0x00,0x00,0x00,0x00,0x00,
  0x00,0x00,0x00,0x00,0x00,0x00,0x00,0x00,0x00,0x00,0x00,0x00,0x00,0x00,0x00,0x00,
  0x00,0x00,0x00,0x00,0x00,0x00,0x00,0x00,0x00,0x00,0x00,0x00,0x00,0x00,0x00,0x00,
  0x00,0x00,0x00,0x00,0x00,0x00,0x00,0x00,0x00,0x00,0x00,0x00,0x00,0x00,0x00,0x00,
  0x00,0x00,0x63,0x00,0x63,0x00,0x83,0x00,0x63,0x00,0x63,0x00,0x83,0x00,0x43,0x00,
  0x01,0x00,0x01,0x00,0x02,0x00,0x02,0x00,0x01,0x00,0x02,0x00,0x23,0x00,0x01,0x00,
  0x00,0x00,0x00,0x00,0x00,0x00,0x02,0x00,0x02,0x00,0x01,0x00,0x01,0x00,0x00,0x00,
  0xa4,0x10,0x5d,0xef,0xdf,0xff,0xdf,0xff,0xdf,0xff,0xbf,0xff,0xdf,0xff,0xdf,0xff,
  0xdf,0xff,0xdf,0xff,0xdf,0xff,0xdf,0xff,0xdf,0xff,0xdf,0xff,0xbe,0xf7,0x67,0x21,
  0x01,0x00,0x01,0x00,0x01,0x00,0x02,0x00,0x02,0x00,0x01,0x00,0x00,0x00,0x00,0x00,
  0x00,0x00,0x01,0x00,0x02,0x00,0x02,0x00,0x02,0x00,0x01,0x00,0x01,0x00,0x01,0x00,
  0x22,0x00,0x63,0x00,0x63,0x00,0x63,0x00,0x63,0x00,0x63,0x00,0x63,0x00,0x63,0x00,
  0x00,0x00,0x00,0x00,0x00,0x00,0x00,0x00,0x00,0x00,0x00,0x00,0x00,0x00,0x00,0x00,
  0x00,0x00,0x00,0x00,0x00,0x00,0x00,0x00,0x00,0x00,0x00,0x00,0x00,0x00,0x00,0x00,
  0x00,0x00,0x00,0x00,0x00,0x00,0x00,0x00,0x00,0x00,0x00,0x00,0x00,0x00,0x00,0x00,
  0x00,0x00,0x00,0x00,0x00,0x00,0x00,0x00,0x00,0x00,0x00,0x00,0x00,0x00,0x00,0x00,
  0x00,0x00,0x00,0x00,0x00,0x00,0x00,0x00,0x63,0x00,0x63,0x00,0x63,0x00,0x83,0x00,
  0x83,0x00,0x84,0x00,0x84,0x00,0x83,0x00,0x83,0x00,0x84,0x00,0x84,0x00,0x84,0x00,
  0xe5,0x00,0xe6,0x00,0x07,0x01,0x07,0x01,0xe6,0x00,0xc5,0x00,0xa4,0x00,0x22,0x00,
  0x26,0x21,0xff,0xff,0xff,0xff,0xff,0xff,0xff,0xff,0xff,0xff,0xff,0xff,0xff,0xff,
  0xff,0xff,0xff,0xff,0xff,0xff,0xff,0xff,0xff,0xff,0xff,0xff,0xff,0xff,0xe9,0x39,
  0x21,0x00,0xc4,0x08,0x07,0x01,0x27,0x09,0x07,0x01,0xe5,0x00,0xc5,0x00,0xc5,0x00,
  0xa4,0x00,0x84,0x00,0x83,0x00,0x83,0x00,0x63,0x00,0x83,0x00,0x84,0x00,0x83,0x00,
  0x83,0x00,0x63,0x00,0x63,0x00,0x63,0x00,0x00,0x00,0x00,0x00,0x00,0x00,0x00,0x00,
  0x00,0x00,0x00,0x00,0x00,0x00,0x00,0x00,0x00,0x00,0x00,0x00,0x00,0x00,0x00,0x00,
  0x00,0x00,0x00,0x00,0x00,0x00,0x00,0x00,0x00,0x00,0x00,0x00,0x00,0x00,0x00,0x00,
  0x00,0x00,0x00,0x00,0x00,0x00,0x00,0x00,0x00,0x00,0x00,0x00,0x00,0x00,0x00,0x00,
  0x00,0x00,0x00,0x00,0x00,0x00,0x00,0x00,0x00,0x00,0x00,0x00,0x00,0x00,0x00,0x00,
  0x00,0x00,0x00,0x00,0x00,0x00,0x00,0x00,0x63,0x00,0x84,0x00,0x63,0x00,0x63,0x00,
  0x63,0x00,0x83,0x00,0x63,0x00,0x63,0x00,0x63,0x00,0x84,0x00,0x42,0x00,0x28,0x01,
  0x1d,0x04,0x1d,0x04,0x1d,0x0c,0xfd,0x0b,0xdd,0x03,0xde,0x03,0xd6,0x02,0x21,0x00,
  0x06,0x11,0x14,0x9d,0x14,0xa5,0x14,0x9d,0x35,0xa5,0x35,0xa5,0x35,0xa5,0x35,0xa5,
  0x14,0xa5,0x35,0xa5,0x35,0xa5,0x35,0xa5,0x14,0x9d,0x15,0xa5,0x15,0xa5,0x46,0x21,
  0x00,0x00,0xb4,0x02,0x3e,0x04,0xfd,0x03,0xfd,0x03,0xdd,0x03,0xbd,0x03,0xfe,0x03,
  0x8c,0x01,0x42,0x00,0x63,0x00,0x63,0x00,0x63,0x00,0x63,0x00,0x83,0x00,0x63,0x00,
  0x63,0x00,0x63,0x00,0x63,0x00,0x63,0x00,0x00,0x00,0x00,0x00,0x00,0x00,0x00,0x00,
  0x00,0x00,0x00,0x00,0x00,0x00,0x00,0x00,0x00,0x00,0x00,0x00,0x00,0x00,0x00,0x00,
  0x00,0x00,0x00,0x00,0x00,0x00,0x00,0x00,0x00,0x00,0x00,0x00,0x00,0x00,0x00,0x00,
  0x00,0x00,0x00,0x00,0x00,0x00,0x00,0x00,0x00,0x00,0x00,0x00,0x00,0x00,0x00,0x00,
  0x00,0x00,0x00,0x00,0x00,0x00,0x00,0x00,0x00,0x00,0x00,0x00,0x00,0x00,0x00,0x00,
  0x00,0x00,0x00,0x00,0x00,0x00,0x00,0x00,0x63,0x00,0x63,0x00,0x63,0x00,0x63,0x00,
  0x63,0x00,0x63,0x00,0x63,0x00,0x63,0x00,0x63,0x00,0x63,0x00,0x42,0x00,0x49,0x01,
  0x3f,0x04,0x1f,0x04,0x1f,0x04,0x1f,0x04,0xfe,0x03,0x1f,0x04,0x18,0x03,0x63,0x00,
  0x84,0x00,0x01,0x00,0x00,0x00,0x01,0x00,0x02,0x00,0x02,0x00,0x02,0x00,0x01,0x00,
  0x01,0x00,0x01,0x00,0x02,0x00,0x02,0x00,0x01,0x00,0x01,0x00,0x01,0x00,0x63,0x00,
  0x42,0x00,0xd6,0x02,0x3f,0x04,0xfe,0x03,0xff,0x03,0x1f,0x04,0xff,0x03,0x3f,0x04,
  0xad,0x01,0x22,0x00,0x63,0x00,0x63,0x00,0x63,0x00,0x63,0x00,0x63,0x00,0x63,0x00,
  0x63,0x00,0x63,0x00,0x63,0x00,0x63,0x00,0x00,0x00,0x00,0x00,0x00,0x00,0x00,0x00,
  0x00,0x00,0x00,0x00,0x00,0x00,0x00,0x00,0x00,0x00,0x00,0x00,0x00,0x00,0x00,0x00,
  0x00,0x00,0x00,0x00,0x00,0x00,0x00,0x00,0x00,0x00,0x00,0x00,0x00,0x00,0x00,0x00,
  0x00,0x00,0x00,0x00,0x00,0x00,0x00,0x00,0x00,0x00,0x00,0x00,0x00,0x00,0x00,0x00,
  0x00,0x00,0x00,0x00,0x00,0x00,0x00,0x00,0x00,0x00,0x00,0x00,0x00,0x00,0x00,0x00,
  0x00,0x00,0x00,0x00,0x00,0x00,0x00,0x00,0x00,0x00,0x00,0x00,0x00,0x00,0x00,0x00,
  0x00,0x00,0x0a,0x00,0x06,0x00,0x00,0x00,0x63,0x00,0x63,0x00,0x42,0x00,0x6b,0x01,
  0x9f,0x04,0x5f,0x04,0x1f,0x04,0x1e,0x04,0x3f,0x04,0x7f,0x04,0x7a,0x03,0x63,0x00,
  0x84,0x00,0x83,0x00,0x83,0x00,0x83,0x00,0x84,0x00,0x84,0x00,0x83,0x00,0x83,0x00,
  0x83,0x00,0x83,0x00,0x83,0x00,0x84,0x00,0x84,0x00,0x83,0x00,0x83,0x00,0x83,0x00,
  0x42,0x00,0xd7,0x02,0x7f,0x04,0x1f,0x04,0xff,0x03,0xff,0x03,0x3f,0x04,0x7f,0x04,
  0x8c,0x01,0x01,0x00,0x63,0x00,0x63,0x00,0xe7,0x01,0x24,0x01,0x00,0x00,0x00,0x00,
  0x00,0x00,0x00,0x00,0x00,0x00,0x00,0x00,0x00,0x00,0x00,0x00,0x00,0x00,0x00,0x00,
  0x00,0x00,0x00,0x00,0x00,0x00,0x00,0x00,0x00,0x00,0x00,0x00,0x00,0x00,0x00,0x00,
  0x00,0x00,0x00,0x00,0x00,0x00,0x00,0x00,0x00,0x00,0x00,0x00,0x00,0x00,0x00,0x00,
  0x00,0x00,0x00,0x00,0x00,0x00,0x00,0x00,0x00,0x00,0x00,0x00,0x00,0x00,0x00,0x00,
  0x00,0x00,0x00,0x00,0x00,0x00,0x00,0x00,0x00,0x00,0x00,0x00,0x00,0x00,0x00,0x00,
  0x00,0x00,0x00,0x00,0x00,0x00,0x00,0x00,0x00,0x00,0x00,0x00,0x00,0x00,0x00,0x00,
  0x00,0x00,0x00,0x00,0x00,0x00,0x00,0x00,0x63,0x00,0x83,0x00,0x42,0x00,0xe7,0x00,
  0xf5,0x02,0xf6,0x02,0xfe,0x03,0x3f,0x04,0x9a,0x03,0xf6,0x02,0x51,0x02,0x63,0x00,
  0x63,0x00,0x63,0x00,0x83,0x00,0x84,0x00,0x63,0x00,0x63,0x00,0x63,0x00,0x83,0x00,
  0x83,0x00,0x83,0x00,0x63,0x00,0x63,0x00,0x83,0x00,0x83,0x00,0x63,0x00,0x83,0x00,
  0x42,0x00,0xce,0x01,0xf6,0x02,0x7a,0x03,0x1f,0x04,0xde,0x03,0xd5,0x02,0xf6,0x02,
  0x29,0x01,0x42,0x00,0x63,0x00,0x63,0x00,0x00,0x00,0x00,0x00,0x00,0x00,0x00,0x00,
  0x00,0x00,0x00,0x00,0x00,0x00,0x00,0x00,0x00,0x00,0x00,0x00,0x00,0x00,0x00,0x00,
  0x00,0x00,0x00,0x00,0x00,0x00,0x00,0x00,0x00,0x00,0x00,0x00,0x00,0x00,0x00,0x00,
  0x00,0x00,0x00,0x00,0x00,0x00,0x00,0x00,0x00,0x00,0x00,0x00,0x00,0x00,0x00,0x00,
  0x00,0x00,0x00,0x00,0x00,0x00,0x00,0x00,0x00,0x00,0x00,0x00,0x00,0x00,0x00,0x00,
  0x00,0x00,0x00,0x00,0x00,0x00,0x00,0x00,0x00,0x00,0x00,0x00,0x00,0x00,0x00,0x00,
  0x00,0x00,0x00,0x00,0x00,0x00,0x00,0x00,0x00,0x00,0x00,0x00,0x00,0x00,0x00,0x00,
  0x00,0x00,0x00,0x00,0x00,0x00,0x00,0x00,0x63,0x00,0x83,0x00,0x63,0x00,0x42,0x00,
  0x01,0x00,0x64,0x00,0xdb,0x0b,0x9f,0x04,0x31,0x02,0x00,0x00,0x42,0x00,0x63,0x00,
  0x63,0x00,0x63,0x00,0x84,0x00,0x84,0x00,0x63,0x00,0x63,0x00,0x63,0x00,0x63,0x00,
  0x84,0x00,0x63,0x00,0x63,0x00,0x63,0x00,0x63,0x00,0x84,0x00,0x84,0x00,0x63,0x00,
  0x42,0x00,0x42,0x00,0x00,0x00,0x30,0x02,0x7f,0x04,0xbc,0x03,0x84,0x00,0x01,0x00,
  0x63,0x00,0x64,0x00,0x63,0x00,0x63,0x00,0x00,0x00,0x00,0x00,0x00,0x00,0x00,0x00,
  0x00,0x00,0x00,0x00,0x00,0x00,0x00,0x00,0x00,0x00,0x00,0x00,0x00,0x00,0x00,0x00,
  0x00,0x00,0x00,0x00,0x00,0x00,0x00,0x00,0x00,0x00,0x00,0x00,0x00,0x00,0x00,0x00,
  0x00,0x00,0x00,0x00,0x00,0x00,0x00,0x00,0x00,0x00,0x00,0x00,0x00,0x00,0x00,0x00,
  0x00,0x00,0x00,0x00,0x00,0x00,0x00,0x00,0x00,0x00,0x00,0x00,0x00,0x00,0x00,0x00,
  0x00,0x00,0x00,0x00,0x00,0x00,0x00,0x00,0x00,0x00,0x00,0x00,0x00,0x00,0x00,0x00,
  0x00,0x00,0x00,0x00,0x00,0x00,0x00,0x00,0x00,0x00,0x00,0x00,0x00,0x00,0x00,0x00,
  0x00,0x00,0x00,0x00,0x00,0x00,0x00,0x00,0x63,0x00,0x84,0x00,0x63,0x00,0x63,0x00,
  0x63,0x00,0xa5,0x00,0x3d,0x04,0xbf,0x04,0x52,0x02,0x22,0x00,0x84,0x00,0x63,0x00,
  0x84,0x00,0x83,0x00,0x00,0x00,0x00,0x00,0x00,0x00,0x00,0x00,0x00,0x00,0x00,0x00,
  0x00,0x00,0x00,0x00,0x00,0x00,0x00,0x00,0x00,0x00,0x00,0x00,0x84,0x00,0x84,0x00,
  0x63,0x00,0x84,0x00,0x22,0x00,0x51,0x02,0xbf,0x04,0xfe,0x03,0xc6,0x00,0x62,0x00,
  0x63,0x00,0x63,0x00,0x84,0x00,0x63,0x00,0x00,0x00,0x00,0x00,0x00,0x00,0x00,0x00,
  0x00,0x00,0x00,0x00,0x00,0x00,0x00,0x00,0x00,0x00,0x00,0x00,0x00,0x00,0x00,0x00,
  0x00,0x00,0x00,0x00,0x00,0x00,0x00,0x00,0x00,0x00,0x00,0x00,0x00,0x00,0x00,0x00,
  0x00,0x00,0x00,0x00,0x00,0x00,0x00,0x00,0x00,0x00,0x00,0x00,0x00,0x00,0x00,0x00,
  0x00,0x00,0x00,0x00,0x00,0x00,0x00,0x00,0x00,0x00,0x00,0x00,0x00,0x00,0x00,0x00,
  0x00,0x00,0x00,0x00,0x00,0x00,0x00,0x00,0x00,0x00,0x00,0x00,0x00,0x00,0x00,0x00,
  0x00,0x00,0x00,0x00,0x00,0x00,0x00,0x00,0x00,0x00,0x00,0x00,0x00,0x00,0x00,0x00,
  0x00,0x00,0x00,0x00,0x00,0x00,0x00,0x00,0x63,0x00,0x63,0x00,0x63,0x00,0x63,0x00,
  0x63,0x00,0x84,0x00,0xf5,0x02,0x79,0x03,0xcd,0x01,0x21,0x00,0x63,0x00,0x63,0x00,
  0x64,0x00,0x63,0x00,0x00,0x00,0x00,0x00,0x00,0x00,0x00,0x00,0x00,0x00,0x00,0x00,
  0x00,0x00,0x00,0x00,0x00,0x00,0x00,0x00,0x00,0x00,0x00,0x00,0x63,0x00,0x63,0x00,
  0x63,0x00,0x83,0x00,0x22,0x00,0xac,0x01,0x79,0x03,0x17,0x03,0xa5,0x00,0x63,0x00,
  0x63,0x00,0x63,0x00,0x63,0x00,0x63,0x00,0x00,0x00,0x00,0x00,0x00,0x00,0x00,0x00,
  0x00,0x00,0x00,0x00,0x00,0x00,0x00,0x00,0x00,0x00,0x00,0x00,0x00,0x00,0x00,0x00,
  0x00,0x00,0x00,0x00,0x00,0x00,0x00,0x00,0x00,0x00,0x00,0x00,0x00,0x00,0x00,0x00,
  0x00,0x00,0x00,0x00,0x00,0x00,0x00,0x00,0x00,0x00,0x00,0x00,0x00,0x00,0x00,0x00,
  0x00,0x00,0x00,0x00,0x00,0x00,0x00,0x00,0x00,0x00,0x00,0x00,0x00,0x00,0x00,0x00,
  0x00,0x00,0x00,0x00,0x00,0x00,0x00,0x00,0x00,0x00,0x00,0x00,0x00,0x00,0x00,0x00,
  0x00,0x00,0x00,0x00,0x00,0x00,0x00,0x00,0x00,0x00,0x00,0x00,0x00,0x00,0x00,0x00,
  0x00,0x00,0x00,0x00,0x00,0x00,0x00,0x00,0x00,0x00,0x00,0x00,0x00,0x00,0x64,0x00,
  0x63,0x00,0x63,0x00,0x42,0x00,0x22,0x00,0x62,0x00,0x63,0x00,0x63,0x00,0x1f,0x00,
  0x00,0x00,0x00,0x00,0x00,0x00,0x00,0x00,0x00,0x00,0x00,0x00,0x00,0x00,0x00,0x00,
  0x00,0x00,0x00,0x00,0x00,0x00,0x00,0x00,0x00,0x00,0x00,0x00,0x00,0x00,0x00,0x00,
  0x00,0x00,0x63,0x00,0x63,0x00,0x42,0x00,0x42,0x00,0x42,0x00,0x63,0x00,0x84,0x00,
  0x84,0x00,0x00,0x00,0x00,0x00,0x00,0x00,0x00,0x00,0x00,0x00,0x00,0x00,0x00,0x00,
  0x00,0x00,0x00,0x00,0x00,0x00,0x00,0x00,0x00,0x00,0x00,0x00,0x00,0x00,0x00,0x00,
  0x00,0x00,0x00,0x00,0x00,0x00,0x00,0x00,0x00,0x00,0x00,0x00,0x00,0x00,0x00,0x00,
  0x00,0x00,0x00,0x00,0x00,0x00,0x00,0x00,0x00,0x00,0x00,0x00,0x00,0x00,0x00,0x00,
  0x00,0x00,0x00,0x00,0x00,0x00,0x00,0x00,0x00,0x00,0x00,0x00,0x00,0x00,0x00,0x00,
  0x00,0x00,0x00,0x00,0x00,0x00,0x00,0x00,0x00,0x00,0x00,0x00,0x00,0x00,0x00,0x00,
  0x00,0x00,0x00,0x00,0x00,0x00,0x00,0x00,0x00,0x00,0x00,0x00,0x00,0x00,0x00,0x00,
  0x00,0x00,0x00,0x00,0x00,0x00,0x00,0x00,0x00,0x00,0x00,0x00,0x00,0x00,0x63,0x00,
  0x63,0x00,0x63,0x00,0x63,0x00,0x63,0x00,0x63,0x00,0x63,0x00,0x63,0x00,0x06,0x00,
  0x00,0x00,0x00,0x00,0x00,0x00,0x00,0x00,0x00,0x00,0x00,0x00,0x00,0x00,0x00,0x00,
  0x00,0x00,0x00,0x00,0x00,0x00,0x00,0x00,0x00,0x00,0x00,0x00,0x00,0x00,0x00,0x00,
  0x00,0x00,0x63,0x00,0x63,0x00,0x63,0x00,0x63,0x00,0x63,0x00,0x63,0x00,0x63,0x00,
  0x63,0x00,0x00,0x00,0x00,0x00,0x00,0x00,0x00,0x00,0x00,0x00,0x00,0x00,0x00,0x00,
  0x00,0x00,0x00,0x00,0x00,0x00,0x00,0x00,0x00,0x00,0x00,0x00,0x00,0x00,0x00,0x00,
  0x00,0x00,0x00,0x00,0x00,0x00,0x00,0x00,0x00,0x00,0x00,0x00,0x00,0x00,0x00,0x00,
  0x00,0x00,0x00,0x00,0x00,0x00,0x00,0x00,0x00,0x00,0x00,0x00,0x00,0x00,0x00,0x00,
  0x00,0x00,0x00,0x00,0x00,0x00,0x00,0x00,0x00,0x00,0x00,0x00,0x00,0x00,0x00,0x00,
  0x00,0x00,0x00,0x00,0x00,0x00,0x00,0x00,0x00,0x00,0x00,0x00,0x00,0x00,0x00,0x00,
  0x00,0x00,0x00,0x00,0x00,0x00,0x00,0x00,0x00,0x00,0x00,0x00,0x00,0x00,0x00,0x00,
  0x00,0x00,0x00,0x00,0x00,0x00,0x00,0x00,0x00,0x00,0x00,0x00,0x00,0x00,0x63,0x00,
  0x63,0x00,0x63,0x00,0x63,0x00,0x63,0x00,0x63,0x00,0x63,0x00,0x63,0x00,0x0f,0x00,
  0x00,0x00,0x00,0x00,0x00,0x00,0x00,0x00,0x00,0x00,0x00,0x00,0x00,0x00,0x00,0x00,
  0x00,0x00,0x00,0x00,0x00,0x00,0x00,0x00,0x00,0x00,0x00,0x00,0x00,0x00,0x00,0x00,
  0x00,0x00,0x63,0x00,0x63,0x00,0x63,0x00,0x63,0x00,0x63,0x00,0x63,0x00,0x63,0x00,
  0x63,0x00,0x00,0x00,0x00,0x00,0x00,0x00,0x00,0x00,0x00,0x00,0x00,0x00,0x00,0x00,
  0x00,0x00,0x00,0x00,0x00,0x00,0x00,0x00,0x00,0x00,0x00,0x00,0x00,0x00,0x00,0x00,
  0x00,0x00,0x00,0x00,0x00,0x00,0x00,0x00,0x00,0x00,0x00,0x00,0x00,0x00,0x00,0x00,
  0x00,0x00,0x00,0x00,0x00,0x00,0x00,0x00,0x00,0x00,0x00,0x00,0x00,0x00,0x00,0x00,
  0x00,0x00,0x00,0x00,0x00,0x00,0x00,0x00,0x00,0x00,0x00,0x00,0x00,0x00,0x00,0x00,
  0x00,0x00,0x00,0x00,0x00,0x00,0x00,0x00,0x00,0x00,0x00,0x00,0x00,0x00,0x00,0x00,
  0x00,0x00,0x00,0x00,0x00,0x00,0x00,0x00,0x00,0x00,0x00,0x00,0x00,0x00,0x00,0x00,
  0x00,0x00,0x00,0x00,0x00,0x00,0x00,0x00,0x00,0x00,0x00,0x00,0x00,0x00,0x63,0x00,
  0x63,0x00,0x63,0x00,0x63,0x00,0x63,0x00,0x63,0x00,0x63,0x00,0x63,0x00,0x00,0x00,
  0x00,0x00,0x00,0x00,0x00,0x00,0x00,0x00,0x00,0x00,0x00,0x00,0x00,0x00,0x00,0x00,
  0x00,0x00,0x00,0x00,0x00,0x00,0x00,0x00,0x00,0x00,0x00,0x00,0x00,0x00,0x00,0x00,
  0x00,0x00,0x63,0x00,0x63,0x00,0x63,0x00,0x63,0x00,0x63,0x00,0x63,0x00,0x43,0x00,
  0x43,0x00,0x00,0x00,0x00,0x00,0x00,0x00,0x00,0x00,0x00,0x00,0x00,0x00,0x00,0x00,
  0x00,0x00,0x00,0x00,0x00,0x00,0x00,0x00,0x00,0x00,0x00,0x00,0x00,0x00,0x00,0x00,
  0x00,0x00,0x00,0x00,0x00,0x00,0x00,0x00,0x00,0x00,0x00,0x00,0x00,0x00,0x00,0x00,
  0x00,0x00,0x00,0x00,0x00,0x00,0x00,0x00,0x00,0x00,0x00,0x00,0x00,0x00,0x00,0x00,
  0x00,0x00,0x00,0x00,0x00,0x00,0x00,0x00,0x00,0x00,0x00,0x00,0x00,0x00,0x00,0x00,
  0x00,0x00,0x00,0x00,0x00,0x00,0x00,0x00,0x00,0x00,0x00,0x00,0x00,0x00,0x00,0x00,
  0x00,0x00,0x00,0x00,0x00,0x00,0x00,0x00,0x00,0x00,0x00,0x00,0x00,0x00,0x00,0x00,
  0x00,0x00,0x00,0x00,0x00,0x00,0x00,0x00,0x00,0x00,0x00,0x00,0x00,0x00,0x00,0x00,
  0x00,0x00,0x00,0x00,0x00,0x00,0x00,0x00,0x00,0x00,0x00,0x00,0x00,0x00,0x00,0x00,
  0x00,0x00,0x00,0x00,0x00,0x00,0x00,0x00,0x00,0x00,0x00,0x00,0x00,0x00,0x00,0x00,
  0x00,0x00,0x00,0x00,0x00,0x00,0x00,0x00,0x00,0x00,0x00,0x00,0x00,0x00,0x00,0x00,
  0x00,0x00,0x00,0x00,0x00,0x00,0x00,0x00,0x00,0x00,0x00,0x00,0x00,0x00,0x00,0x00,
  0x00,0x00,0x00,0x00,0x00,0x00,0x00,0x00,0x00,0x00,0x00,0x00,0x00,0x00,0x00,0x00,
  0x00,0x00,0x00,0x00,0x00,0x00,0x00,0x00,0x00,0x00,0x00,0x00,0x00,0x00,0x00,0x00,
  0x00,0x00,0x00,0x00,0x00,0x00,0x00,0x00,0x00,0x00,0x00,0x00,0x00,0x00,0x00,0x00,
  0x00,0x00,0x00,0x00,0x00,0x00,0x00,0x00,0x00,0x00,0x00,0x00,0x00,0x00,0x00,0x00,
  0x00,0x00,0x00,0x00,0x00,0x00,0x00,0x00,0x00,0x00,0x00,0x00,0x00,0x00,0x00,0x00,
  0x00,0x00,0x00,0x00,0x00,0x00,0x00,0x00,0x00,0x00,0x00,0x00,0x00,0x00,0x00,0x00,
  0x00,0x00,0x00,0x00,0x00,0x00,0x00,0x00,0x00,0x00,0x00,0x00,0x00,0x00,0x00,0x00,
  0x00,0x00,0x00,0x00,0x00,0x00,0x00,0x00,0x00,0x00,0x00,0x00,0x00,0x00,0x00,0x00,
  0x00,0x00,0x00,0x00,0x00,0x00,0x00,0x00,0x00,0x00,0x00,0x00,0x00,0x00,0x00,0x00,
  0x00,0x00,0x00,0x00,0x00,0x00,0x00,0x00,0x00,0x00,0x00,0x00,0x00,0x00,0x00,0x00,
  0x00,0x00,0x00,0x00,0x00,0x00,0x00,0x00,0x00,0x00,0x00,0x00,0x00,0x00,0x00,0x00,
  0x00,0x00,0x00,0x00,0x00,0x00,0x00,0x00,0x00,0x00,0x00,0x00,0x00,0x00,0x00,0x00,
  0x00,0x00,0x00,0x00,0x00,0x00,0x00,0x00,0x00,0x00,0x00,0x00,0x00,0x00,0x00,0x00,
  0x00,0x00,0x00,0x00,0x00,0x00,0x00,0x00,0x00,0x00,0x00,0x00,0x00,0x00,0x00,0x00,
  0x00,0x00,0x00,0x00,0x00,0x00,0x00,0x00,0x00,0x00,0x00,0x00,0x00,0x00,0x00,0x00,
  0x00,0x00,0x00,0x00,0x00,0x00,0x00,0x00,0x00,0x00,0x00,0x00,0x00,0x00,0x00,0x00,
  0x00,0x00,0x00,0x00,0x00,0x00,0x00,0x00,0x00,0x00,0x00,0x00,0x00,0x00,0x00,0x00,
  0x00,0x00,0x00,0x00,0x00,0x00,0x00,0x00,0x00,0x00,0x00,0x00,0x00,0x00,0x00,0x00,
  0x00,0x00,0x00,0x00,0x00,0x00,0x00,0x00,0x00,0x00,0x00,0x00,0x00,0x00,0x00,0x00,
  0x00,0x00,0x00,0x00,0x00,0x00,0x00,0x00,0x00,0x00,0x00,0x00,0x00,0x00,0x00,0x00,
  0x00,0x00,0x00,0x00,0x00,0x00,0x00,0x00,0x00,0x00,0x00,0x00,0x00,0x00,0x00,0x00,
  0x00,0x00,0x00,0x00,0x00,0x00,0x00,0x00,0x00,0x00,0x00,0x00,0x00,0x00,0x00,0x00,
  0x00,0x00,0x00,0x00,0x00,0x00,0x00,0x00,0x00,0x00,0x00,0x00,0x00,0x00,0x00,0x00,
  0x00,0x00,0x00,0x00,0x00,0x00,0x00,0x00,0x00,0x00,0x00,0x00,0x00,0x00,0x00,0x00,
  0x00,0x00,0x00,0x00,0x00,0x00,0x00,0x00,0x00,0x00,0x00,0x00,0x00,0x00,0x00,0x00,
  0x00,0x00,0x00,0x00,0x00,0x00,0x00,0x00,0x00,0x00,0x00,0x00,0x00,0x00,0x00,0x00,
  0x00,0x00,0x00,0x00,0x00,0x00,0x00,0x00,0x00,0x00,0x00,0x00,0x00,0x00,0x00,0x00,
  0x00,0x00,0x00,0x00,0x00,0x00,0x00,0x00,0x00,0x00,0x00,0x00,0x00,0x00,0x00,0x00,
  0x00,0x00,0x00,0x00,0x00,0x00,0x00,0x00,0x00,0x00,0x00,0x00,0x00,0x00,0x00,0x00,
  0x00,0x00,0x00,0x00,0x00,0x00,0x00,0x00,0x00,0x00,0x00,0x00,0x00,0x00,0x00,0x00,
  0x00,0x00,0x00,0x00,0x00,0x00,0x00,0x00,0x00,0x00,0x00,0x00,0x00,0x00,0x00,0x00,
  0x00,0x00,0x00,0x00,0x00,0x00,0x00,0x00,0x00,0x00,0x00,0x00,0x00,0x00,0x00,0x00,
  0x00,0x00,0x00,0x00,0x00,0x00,0x00,0x00,0x00,0x00,0x00,0x00,0x00,0x00,0x00,0x00,
  0x00,0x00,0x00,0x00,0x00,0x00,0x00,0x00,0x00,0x00,0x00,0x00,0x00,0x00,0x00,0x00,
  0x00,0x00,0x00,0x00,0x00,0x00,0x00,0x00,0x00,0x00,0x00,0x00,0x00,0x00,0x00,0x00,
  0x00,0x00,0x00,0x00,0x00,0x00,0x00,0x00,0x00,0x00,0x00,0x00,0x00,0x00,0x00,0x00,
  0x00,0x00,0x00,0x00,0x00,0x00,0x00,0x00,0x00,0x00,0x00,0x00,0x00,0x00,0x00,0x00,
  0x00,0x00,0x00,0x00,0x00,0x00,0x00,0x00,0x00,0x00,0x00,0x00,0x00,0x00,0x00,0x00,
  0x00,0x00,0x00,0x00,0x00,0x00,0x00,0x00,0x00,0x00,0x00,0x00,0x00,0x00,0x00,0x00,
  0x00,0x00,0x00,0x00,0x00,0x00,0x00,0x00,0x00,0x00,0x00,0x00,0x00,0x00,0x00,0x00,
  0x00,0x00,0x00,0x00,0x00,0x00,0x00,0x00,0x00,0x00,0x00,0x00,0x00,0x00,0x00,0x00,
  0x00,0x00,0x00,0x00,0x00,0x00,0x00,0x00,0x00,0x00,0x00,0x00,0x00,0x00,0x00,0x00,
  0x00,0x00,0x00,0x00,0x00,0x00,0x00,0x00,0x00,0x00,0x00,0x00,0x00,0x00,0x00,0x00,
  0x00,0x00,0x00,0x00,0x00,0x00,0x00,0x00,0x00,0x00,0x00,0x00,0x00,0x00,0x00,0x00,
  0x00,0x00,0x00,0x00,0x00,0x00,0x00,0x00,0x00,0x00,0x00,0x00,0x00,0x00,0x00,0x00,
  0x00,0x00,0x00,0x00,0x00,0x00,0x00,0x00,0x00,0x00,0x00,0x00,0x00,0x00,0x00,0x00,
  0x00,0x00,0x00,0x00,0x00,0x00,0x00,0x00,0x00,0x00,0x00,0x00,0x00,0x00,0x00,0x00,
  0x00,0x00,0x00,0x00,0x00,0x00,0x00,0x00,0x00,0x00,0x00,0x00,0x00,0x00,0x00,0x00,
  0x00,0x00,0x00,0x00,0x00,0x00,0x00,0x00,0x00,0x00,0x00,0x00,0x00,0x00,0x00,0x00,
  0x00,0x00,0x00,0x00,0x00,0x00,0x00,0x00,0x00,0x00,0x00,0x00,0x00,0x00,0x00,0x00,
  0x00,0x00,0x00,0x00,0x00,0x00,0x00,0x00,0x00,0x00,0x00,0x00,0x00,0x00,0x00,0x00,
  0x00,0x00,0x00,0x00,0x00,0x00,0x00,0x00,0x00,0x00,0x00,0x00,0x00,0x00,0x00,0x00,
  0x00,0x00,0x00,0x00,0x00,0x00,0x00,0x00,0x00,0x00,0x00,0x00,0x00,0x00,0x00,0x00,
  0x00,0x00,0x00,0x00,0x00,0x00,0x00,0x00,0x00,0x00,0x00,0x00,0x00,0x00,0x00,0x00,
  0x00,0x00,0x00,0x00,0x00,0x00,0x00,0x00,0x00,0x00,0x00,0x00,0x00,0x00,0x00,0x00,
  0x00,0x00,0x00,0x00,0x00,0x00,0x00,0x00,0x00,0x00,0x00,0x00,0x00,0x00,0x00,0x00,
  0x00,0x00,0x00,0x00,0x00,0x00,0x00,0x00,0x00,0x00,0x00,0x00,0x00,0x00,0x00,0x00,
  0x00,0x00,0x00,0x00,0x00,0x00,0x00,0x00,0x00,0x00,0x00,0x00,0x00,0x00,0x00,0x00,
  0x00,0x00,0x00,0x00,0x00,0x00,0x00,0x00,0x00,0x00,0x00,0x00,0x00,0x00,0x00,0x00,
  0x00,0x00,0x00,0x00,0x00,0x00,0x00,0x00,0x00,0x00,0x00,0x00,0x00,0x00,0x00,0x00,
  0x00,0x00,0x00,0x00,0x00,0x00,0x00,0x00,0x00,0x00,0x00,0x00,0x00,0x00,0x00,0x00,
  0x00,0x00,0x00,0x00,0x00,0x00,0x00,0x00,0x00,0x00,0x00,0x00,0x00,0x00,0x00,0x00,
  0x00,0x00,0x00,0x00,0x00,0x00,0x00,0x00,0x00,0x00,0x00,0x00,0x00,0x00,0x00,0x00,
  0x00,0x00,0x00,0x00,0x00,0x00,0x00,0x00,0x00,0x00,0x00,0x00,0x00,0x00,0x00,0x00,
  0x00,0x00,0x00,0x00,0x00,0x00,0x00,0x00,0x00,0x00,0x00,0x00,0x00,0x00,0x00,0x00,
  0x00,0x00,0x00,0x00,0x00,0x00,0x00,0x00,0x00,0x00,0x00,0x00,0x00,0x00,0x00,0x00,
  0x00,0x00,0x00,0x00,0x00,0x00,0x00,0x00,0x00,0x00,0x00,0x00,0x00,0x00,0x00,0x00,
  0x00,0x00,0x00,0x00,0x00,0x00,0x00,0x00,0x00,0x00,0x00,0x00,0x00,0x00,0x00,0x00,
  0x00,0x00,0x00,0x00,0x00,0x00,0x00,0x00,0x00,0x00,0x00,0x00,0x00,0x00,0x00,0x00,
  0x00,0x00,0x00,0x00,0x00,0x00,0x00,0x00,0x00,0x00,0x00,0x00,0x00,0x00,0x00,0x00,
  0x00,0x00,0x00,0x00,0x00,0x00,0x00,0x00,0x00,0x00,0x00,0x00,0x00,0x00,0x00,0x00,
  0x00,0x00,0x00,0x00,0x00,0x00,0x00,0x00,0x00,0x00,0x00,0x00,0x00,0x00,0x00,0x00,
  0x00,0x00,0x00,0x00,0x00,0x00,0x00,0x00,0x00,0x00,0x00,0x00,0x00,0x00,0x00,0x00,
  0x00,0x00,0x00,0x00,0x00,0x00,0x00,0x00,0x00,0x00,0x00,0x00,0x00,0x00,0x00,0x00,
  0x00,0x00,0x00,0x00,0x00,0x00,0x00,0x00,0x00,0x00,0x00,0x00,0x00,0x00,0x00,0x00,
  0x00,0x00,0x00,0x00,0x00,0x00,0x00,0x00,0x00,0x00,0x00,0x00,0x00,0x00,0x00,0x00,
  0x00,0x00,0x00,0x00,0x00,0x00,0x00,0x00,0x00,0x00,0x00,0x00,0x00,0x00,0x00,0x00,
  0x00,0x00,0x00,0x00,0x00,0x00,0x00,0x00,0x00,0x00,0x00,0x00,0x00,0x00,0x00,0x00,
  0x00,0x00,0x00,0x00,0x00,0x00,0x00,0x00,0x00,0x00,0x00,0x00,0x00,0x00,0x00,0x00,
  0x00,0x00,0x00,0x00,0x00,0x00,0x00,0x00,0x00,0x00,0x00,0x00,0x00,0x00,0x00,0x00,
  0x00,0x00,0x00,0x00,0x00,0x00,0x00,0x00,0x00,0x00,0x00,0x00,0x00,0x00,0x00,0x00,
  0x00,0x00,0x00,0x00,0x00,0x00,0x00,0x00,0x00,0x00,0x00,0x00,0x00,0x00,0x00,0x00,
  0x00,0x00,0x00,0x00,0x00,0x00,0x00,0x00,0x00,0x00,0x00,0x00,0x00,0x00,0x00,0x00,
  0x00,0x00,0x00,0x00,0x00,0x00,0x00,0x00,0x00,0x00,0x00,0x00,0x00,0x00,0x00,0x00,
  0x00,0x00,0x00,0x00,0x00,0x00,0x00,0x00,0x00,0x00,0x00,0x00,0x00,0x00,0x00,0x00,
  0x00,0x00,0x00,0x00,0x00,0x00,0x00,0x00,0x00,0x00,0x00,0x00,0x00,0x00,0x00,0x00,
  0x00,0x00,0x00,0x00,0x00,0x00,0x00,0x00,0x00,0x00,0x00,0x00,0x00,0x00,0x00,0x00,
  0x00,0x00,0x00,0x00,0x00,0x00,0x00,0x00,0x00,0x00,0x00,0x00,0x00,0x00,0x00,0x00,
  0x00,0x00,0x00,0x00,0x00,0x00,0x00,0x00,0x00,0x00,0x00,0x00,0x00,0x00,0x00,0x00,
  0x00,0x00,0x00,0x00,0x00,0x00,0x00,0x00,0x00,0x00,0x00,0x00,0x00,0x00,0x00,0x00,
  0x00,0x00,0x00,0x00,0x00,0x00,0x00,0x00,0x00,0x00,0x00,0x00,0x00,0x00,0x00,0x00,
  0x00,0x00,0x00,0x00,0x00,0x00,0x00,0x00,0x00,0x00,0x00,0x00,0x00,0x00,0x00,0x00,
  0x00,0x00,0x00,0x00,0x00,0x00,0x00,0x00,0x00,0x00,0x00,0x00,0x00,0x00,0x00,0x00,
  0x00,0x00,0x00,0x00,0x00,0x00,0x00,0x00,0x00,0x00,0x00,0x00,0x00,0x00,0x00,0x00,
  0x00,0x00,0x00,0x00,0x00,0x00,0x00,0x00,0x00,0x00,0x00,0x00,0x00,0x00,0x00,0x00,
  0x00,0x00,0x00,0x00,0x00,0x00,0x00,0x00,0x00,0x00,0x00,0x00,0x00,0x00,0x00,0x00,
  0x00,0x00,0x00,0x00,0x00,0x00,0x00,0x00,0x00,0x00,0x00,0x00,0x00,0x00,0x00,0x00,
  0x00,0x00,0x00,0x00,0x00,0x00,0x00,0x00,0x00,0x00,0x00,0x00,0x00,0x00,0x00,0x00,
  0x00,0x00,0x00,0x00,0x00,0x00,0x00,0x00,0x00,0x00,0x00,0x00,0x00,0x00,0x00,0x00,
  0x00,0x00,0x00,0x00,0x00,0x00,0x00,0x00,0x00,0x00,0x00,0x00,0x00,0x00,0x00,0x00,
  0x00,0x00,0x00,0x00,0x00,0x00,0x00,0x00,0x00,0x00,0x00,0x00,0x00,0x00,0x00,0x00,
  0x00,0x00,0x00,0x00,0x00,0x00,0x00,0x00,0x00,0x00,0x00,0x00,0x00,0x00,0x00,0x00,
  0x00,0x00,0x00,0x00,0x00,0x00,0x00,0x00,0x00,0x00,0x00,0x00,0x00,0x00,0x00,0x00,
  0x00,0x00,0x00,0x00,0x00,0x00,0x00,0x00,0x00,0x00,0x00,0x00,0x00,0x00,0x00,0x00,
  0x00,0x00,0x00,0x00,0x00,0x00,0x00,0x00,0x00,0x00,0x00,0x00,0x00,0x00,0x00,0x00,
  0x00,0x00,0x00,0x00,0x00,0x00,0x00,0x00,0x00,0x00,0x00,0x00,0x00,0x00,0x00,0x00,
  0x00,0x00,0x00,0x00,0x00,0x00,0x00,0x00,0x00,0x00,0x00,0x00,0x00,0x00,0x00,0x00,
  0x00,0x00,0x00,0x00,0x00,0x00,0x00,0x00,0x00,0x00,0x00,0x00,0x00,0x00,0x00,0x00,
  0x00,0x00,0x00,0x00,0x00,0x00,0x00,0x00,0x00,0x00,0x00,0x00,0x00,0x00,0x00,0x00,
  0x00,0x00,0x00,0x00,0x00,0x00,0x00,0x00,0x00,0x00,0x00,0x00,0x00,0x00,0x00,0x00,
  0x00,0x00,0x00,0x00,0x00,0x00,0x00,0x00,0x00,0x00,0x00,0x00,0x00,0x00,0x00,0x00,
  0x00,0x00,0x00,0x00,0x00,0x00,0x00,0x00,0x00,0x00,0x00,0x00,0x00,0x00,0x00,0x00,
  0x00,0x00,0x00,0x00,0x00,0x00,0x00,0x00,0x00,0x00,0x00,0x00,0x00,0x00,0x00,0x00,
  0x00,0x00,0x00,0x00,0x00,0x00,0x00,0x00,0x00,0x00,0x00,0x00,0x00,0x00,0x00,0x00,
  0x00,0x00,0x00,0x00,0x00,0x00,0x00,0x00,0x00,0x00,0x00,0x00,0x00,0x00,0x00,0x00,
  0x00,0x00,0x00,0x00,0x00,0x00,0x00,0x00,0x00,0x00,0x00,0x00,0x00,0x00,0x00,0x00,
  0x00,0x00,0x00,0x00,0x00,0x00,0x00,0x00,0x00,0x00,0x00,0x00,0x00,0x00,0x00,0x00,
  0x00,0x00,0x00,0x00,0x00,0x00,0x00,0x00,0x00,0x00,0x00,0x00,0x00,0x00,0x00,0x00,
  0x00,0x00,0x00,0x00,0x00,0x00,0x00,0x00,0x00,0x00,0x00,0x00,0x00,0x00,0x00,0x00,
  0x00,0x00,0x00,0x00,0x00,0x00,0x00,0x00,0x00,0x00,0x00,0x00,0x00,0x00,0x00,0x00,
  0x00,0x00,0x00,0x00,0x00,0x00,0x00,0x00,0x00,0x00,0x00,0x00,0x00,0x00,0x00,0x00,
  0x00,0x00,0x00,0x00,0x00,0x00,0x00,0x00,0x00,0x00,0x00,0x00,0x00,0x00,0x00,0x00,
  0x00,0x00,0x00,0x00,0x00,0x00,0x00,0x00,0x00,0x00,0x00,0x00,0x00,0x00,0x00,0x00,
  0x00,0x00,0x00,0x00,0x00,0x00,0x00,0x00,0x00,0x00,0x00,0x00,0x00,0x00,0x00,0x00,
  0x00,0x00,0x00,0x00,0x00,0x00,0x00,0x00,0x00,0x00,0x00,0x00,0x00,0x00,0x00,0x00,
  0x00,0x00,0x00,0x00,0x00,0x00,0x00,0x00,0x00,0x00,0x00,0x00,0x00,0x00,0x00,0x00,
  0x00,0x00,0x00,0x00,0x00,0x00,0x00,0x00,0x00,0x00,0x00,0x00,0x00,0x00,0x00,0x00,
  0x00,0x00,0x00,0x00,0x00,0x00,0x00,0x00,0x00,0x00,0x00,0x00,0x00,0x00,0x00,0x00,
  0x00,0x00,0x00,0x00,0x00,0x00,0x00,0x00,0x00,0x00,0x00,0x00,0x00,0x00,0x00,0x00,
  0x00,0x00,0x00,0x00,0x00,0x00,0x00,0x00,0x00,0x00,0x00,0x00,0x00,0x00,0x00,0x00,
  0x00,0x00,0x00,0x00,0x00,0x00,0x00,0x00,0x00,0x00,0x00,0x00,0x00,0x00,0x00,0x00,
  0x00,0x00,0x00,0x00,0x00,0x00,0x00,0x00,0x00,0x00,0x00,0x00,0x00,0x00,0x00,0x00,
  0x00,0x00,0x00,0x00,0x00,0x00,0x00,0x00,0x00,0x00,0x00,0x00,0x00,0x00,0x00,0x00,
  0x00,0x00,0x00,0x00,0x00,0x00,0x00,0x00,0x00,0x00,0x00,0x00,0x00,0x00,0x00,0x00,
  0x00,0x00,0x00,0x00,0x00,0x00,0x00,0x00,0x00,0x00,0x00,0x00,0x00,0x00,0x00,0x00,
  0x00,0x00,0x00,0x00,0x00,0x00,0x00,0x00,0x00,0x00,0x00,0x00,0x00,0x00,0x00,0x00,
  0x00,0x00,0x00,0x00,0x00,0x00,0x00,0x00,0x00,0x00,0x00,0x00,0x00,0x00,0x00,0x00,
  0x00,0x00,0x00,0x00,0x00,0x00,0x00,0x00,0x00,0x00,0x00,0x00,0x00,0x00,0x00,0x00,
  0x00,0x00,0x00,0x00,0x00,0x00,0x00,0x00,0x00,0x00,0x00,0x00,0x00,0x00,0x00,0x00,
  0x00,0x00,0x00,0x00,0x00,0x00,0x00,0x00,0x00,0x00,0x00,0x00,0x00,0x00,0x00,0x00,
  0x00,0x00,0x00,0x00,0x00,0x00,0x00,0x00,0x00,0x00,0x00,0x00,0x00,0x00,0x00,0x00,
  0x00,0x00,0x00,0x00,0x00,0x00,0x00,0x00,0x00,0x00,0x00,0x00,0x00,0x00,0x00,0x00,
  0x00,0x00,0x00,0x00,0x00,0x00,0x00,0x00,0x00,0x00,0x00,0x00,0x00,0x00,0x00,0x00,
  0x00,0x00,0x00,0x00,0x00,0x00,0x00,0x00,0x00,0x00,0x00,0x00,0x00,0x00,0x00,0x00,
  0x00,0x00,0x00,0x00,0x00,0x00,0x00,0x00,0x00,0x00,0x00,0x00,0x00,0x00,0x00,0x00,
  0x00,0x00,0x00,0x00,0x00,0x00,0x00,0x00,0x00,0x00,0x00,0x00,0x00,0x00,0x00,0x00,
  0x00,0x00,0x00,0x00,0x00,0x00,0x00,0x00,0x00,0x00,0x00,0x00,0x00,0x00,0x00,0x00,
  0x00,0x00,0x00,0x00,0x00,0x00,0x00,0x00,0x00,0x00,0x00,0x00,0x00,0x00,0x00,0x00,
  0x00,0x00,0x00,0x00,0x00,0x00,0x00,0x00,0x00,0x00,0x00,0x00,0x00,0x00,0x00,0x00,
  0x00,0x00,0x00,0x00,0x00,0x00,0x00,0x00,0x00,0x00,0x00,0x00,0x00,0x00,0x00,0x00,
  0x00,0x00,0x00,0x00,0x00,0x00,0x00,0x00,0x00,0x00,0x00,0x00,0x00,0x00,0x00,0x00,
  0x00,0x00,0x00,0x00,0x00,0x00,0x00,0x00,0x00,0x00,0x00,0x00,0x00,0x00,0x00,0x00,
  0x00,0x00,0x00,0x00,0x00,0x00,0x00,0x00,0x00,0x00,0x00,0x00,0x00,0x00,0x00,0x00,
  0x00,0x00,0x00,0x00,0x00,0x00,0x00,0x00,0x00,0x00,0x00,0x00,0x00,0x00,0x00,0x00,
  0x00,0x00,0x00,0x00,0x00,0x00,0x00,0x00,0x00,0x00,0x00,0x00,0x00,0x00,0x00,0x00,
  0x00,0x00,0x00,0x00,0x00,0x00,0x00,0x00,0x00,0x00,0x00,0x00,0x00,0x00,0x00,0x00,
  0x00,0x00,0x00,0x00,0x00,0x00,0x00,0x00,0x00,0x00,0x00,0x00,0x00,0x00,0x00,0x00,
  0x00,0x00,0x00,0x00,0x00,0x00,0x00,0x00,0x00,0x00,0x00,0x00,0x00,0x00,0x00,0x00,
  0x00,0x00,0x00,0x00,0x00,0x00,0x00,0x00,0x00,0x00,0x00,0x00,0x00,0x00,0x00,0x00,
  0x00,0x00,0x00,0x00,0x00,0x00,0x00,0x00,0x00,0x00,0x00,0x00,0x00,0x00,0x00,0x00,
  0x00,0x00,0x00,0x00,0x00,0x00,0x00,0x00,0x00,0x00,0x00,0x02,0x03,0x03,0x03,0x03,
  0x03,0x03,0x03,0x03,0x03,0x03,0x03,0x03,0x00,0x00,0x00,0x00,0x00,0x00,0x00,0x00,
  0x00,0x00,0x00,0x00,0x00,0x00,0x00,0x00,0x00,0x00,0x00,0x00,0x00,0x00,0x00,0x00,
  0x00,0x00,0x00,0x00,0x00,0x00,0x00,0x00,0x00,0x00,0x00,0x00,0x00,0x00,0x00,0x00,
  0x00,0x00,0x00,0x00,0x00,0x00,0x00,0x00,0x02,0x03,0x03,0x03,0x03,0x03,0x03,0x03,
  0x03,0x03,0x03,0x03,0x02,0x00,0x00,0x00,0x00,0x00,0x00,0x00,0x00,0x00,0x00,0x00,
  0x00,0x00,0x00,0x00,0x00,0x00,0x00,0x00,0x00,0x00,0x00,0x00,0x00,0x00,0x00,0x00,
  0x00,0x00,0x00,0x00,0x00,0x00,0x00,0x00,0x00,0x00,0x00,0x00,0x00,0x00,0x00,0x00,
  0x00,0x00,0x00,0x00,0x00,0x00,0x00,0x00,0x00,0x00,0x00,0x00,0x00,0x00,0x00,0x00,
  0x00,0x00,0x00,0x00,0x00,0x00,0x00,0x00,0x00,0x00,0x00,0x00,0x00,0x00,0x00,0x00,
  0x00,0x00,0x00,0x00,0x00,0x00,0x00,0x00,0x00,0x00,0x00,0x00,0x00,0x00,0x00,0x00,
  0x00,0x00,0x00,0x00,0x00,0x00,0x00,0x00,0x00,0x00,0x00,0x00,0x00,0x00,0x00,0x00,
  0x00,0x00,0x00,0x00,0x00,0x00,0x00,0x00,0x00,0x01,0x00,0x2f,0x49,0x48,0x49,0x48,
  0x47,0x47,0x48,0x48,0x48,0x49,0x48,0x3c,0x03,0x00,0x00,0x00,0x00,0x00,0x00,0x00,
  0x00,0x00,0x00,0x00,0x00,0x00,0x00,0x00,0x00,0x00,0x00,0x00,0x00,0x00,0x00,0x00,
  0x00,0x00,0x00,0x00,0x00,0x00,0x00,0x00,0x00,0x00,0x00,0x00,0x00,0x00,0x00,0x00,
  0x00,0x00,0x00,0x00,0x00,0x00,0x01,0x00,0x2a,0x49,0x48,0x4b,0x4a,0x4b,0x4e,0x4d,
  0x4c,0x4c,0x49,0x47,0x3a,0x02,0x00,0x00,0x00,0x00,0x00,0x00,0x00,0x00,0x00,0x00,
  0x00,0x00,0x00,0x00,0x00,0x00,0x00,0x00,0x00,0x02,0x00,0xb8,0xff,0xff,0xff,0xff,
  0xff,0xff,0xff,0xff,0xff,0xff,0xff,0xea,0x0e,0x00,0x01,0x00,0x00,0x00,0x00,0x00,
  0x00,0x00,0x00,0x00,0x00,0x00,0x00,0x00,0x00,0x00,0x00,0x00,0x00,0x00,0x00,0x00,
  0x00,0x00,0x00,0x00,0x00,0x00,0x00,0x00,0x00,0x00,0x00,0x00,0x00,0x00,0x00,0x00,
  0x00,0x00,0x00,0x00,0x00,0x00,0x03,0x00,0xa2,0xff,0xff,0xff,0xff,0xff,0xff,0xff,
  0xff,0xff,0xff,0xff,0xde,0x06,0x00,0x01,0x00,0x00,0x00,0x00,0x00,0x00,0x00,0x00,
  0x00,0x00,0x00,0x00,0x00,0x00,0x00,0x00,0x00,0x02,0x00,0xb4,0xfd,0xf7,0xfb,0xfb,
  0xfb,0xfb,0xfb,0xfb,0xfb,0xf9,0xfd,0xe1,0x11,0x04,0x05,0x02,0x00,0x00,0x00,0x00,
  0x00,0x00,0x00,0x00,0x00,0x00,0x00,0x00,0x00,0x00,0x00,0x00,0x00,0x00,0x00,0x00,
  0x00,0x00,0x00,0x00,0x00,0x00,0x00,0x00,0x00,0x00,0x00,0x00,0x00,0x00,0x00,0x00,
  0x00,0x00,0x00,0x00,0x01,0x04,0x07,0x04,0x9c,0xfd,0xf7,0xfb,0xfb,0xfb,0xfb,0xfb,
  0xfb,0xfb,0xf9,0xfd,0xd6,0x05,0x00,0x01,0x00,0x00,0x00,0x00,0x00,0x00,0x00,0x00,
  0x00,0x00,0x00,0x00,0x00,0x00,0x00,0x00,0x00,0x02,0x00,0xb7,0xff,0xfa,0xfd,0xfd,
  0xfd,0xfd,0xfd,0xfd,0xfd,0xfc,0xff,0xe1,0x00,0x00,0x00,0x00,0x00,0x00,0x00,0x00,
  0x00,0x00,0x00,0x00,0x00,0x00,0x00,0x00,0x00,0x00,0x00,0x00,0x00,0x00,0x00,0x00,
  0x00,0x00,0x00,0x00,0x00,0x00,0x00,0x00,0x00,0x00,0x00,0x00,0x00,0x00,0x00,0x00,
  0x00,0x00,0x00,0x00,0x00,0x00,0x00,0x00,0x98,0xff,0xf9,0xfd,0xfd,0xfd,0xfd,0xfd,
  0xfd,0xfd,0xfb,0xff,0xd6,0x05,0x00,0x01,0x00,0x00,0x00,0x00,0x00,0x00,0x00,0x00,
  0x00,0x00,0x00,0x00,0x00,0x00,0x00,0x00,0x00,0x02,0x00,0xb7,0xff,0xfa,0xfd,0xfd,
  0xfd,0xfd,0xfd,0xfd,0xfd,0xfd,0xfe,0xf1,0x81,0x78,0x85,0x3e,0x00,0x02,0x00,0x00,
  0x00,0x00,0x00,0x00,0x00,0x00,0x00,0x00,0x00,0x00,0x00,0x00,0x00,0x00,0x00,0x00,
  0x00,0x00,0x00,0x00,0x00,0x00,0x00,0x00,0x00,0x00,0x00,0x00,0x00,0x00,0x00,0x00,
  0x00,0x00,0x01,0x00,0x22,0x78,0x74,0x6f,0xcc,0xfe,0xfc,0xfd,0xfd,0xfd,0xfe,0xfd,
  0xfd,0xfd,0xfb,0xff,0xd5,0x04,0x00,0x01,0x00,0x00,0x00,0x00,0x00,0x00,0x00,0x00,
  0x00,0x00,0x00,0x00,0x00,0x00,0x00,0x00,0x00,0x02,0x00,0xb9,0xff,0xfa,0xfd,0xfd,
  0xfd,0xfe,0xfe,0xfe,0xfd,0xfd,0xfd,0xfe,0xff,0xff,0xff,0x87,0x03,0x08,0x03,0x00,
  0x00,0x00,0x00,0x00,0x00,0x00,0x00,0x00,0x00,0x00,0x00,0x00,0x00,0x00,0x00,0x00,
  0x00,0x00,0x00,0x00,0x00,0x00,0x00,0x00,0x00,0x00,0x00,0x00,0x00,0x00,0x00,0x00,
  0x00,0x02,0x06,0x03,0x51,0xff,0xff,0xff,0xff,0xfd,0xfe,0xfe,0xfe,0xfd,0xfe,0xfe,
  0xfd,0xfd,0xfb,0xff,0xd5,0x04,0x00,0x01,0x00,0x00,0x00,0x00,0x00,0x00,0x00,0x00,
  0x00,0x00,0x00,0x00,0x00,0x00,0x00,0x00,0x00,0x02,0x00,0xbb,0xff,0xfa,0xfd,0xfd,
  0xfe,0xfe,0xfe,0xfe,0xfd,0xfd,0xfd,0xfd,0xf9,0xf5,0xfb,0x78,0x00,0x00,0x00,0x00,
  0x00,0x00,0x00,0x00,0x00,0x00,0x00,0x00,0x00,0x00,0x00,0x00,0x00,0x00,0x00,0x00,
  0x00,0x00,0x00,0x00,0x00,0x00,0x00,0x00,0x00,0x00,0x00,0x00,0x00,0x00,0x00,0x00,
  0x00,0x00,0x00,0x00,0x43,0xfb,0xf6,0xf9,0xfb,0xfe,0xfe,0xfe,0xfe,0xfe,0xfe,0xfe,
  0xfd,0xfd,0xfb,0xff,0xd6,0x05,0x00,0x01,0x00,0x00,0x00,0x00,0x00,0x00,0x00,0x00,
  0x00,0x00,0x00,0x00,0x00,0x00,0x00,0x00,0x00,0x02,0x00,0xba,0xff,0xfa,0xfd,0xfd,
  0xfd,0xfe,0xfe,0xfe,0xfd,0xfd,0xfd,0xfd,0xfd,0xfa,0xff,0xa9,0x4b,0x52,0x3c,0x00,
  0x00,0x00,0x00,0x00,0x00,0x00,0x00,0x00,0x00,0x00,0x00,0x00,0x00,0x00,0x00,0x00,
  0x00,0x00,0x00,0x00,0x00,0x00,0x00,0x00,0x00,0x00,0x00,0x00,0x00,0x00,0x00,0x01,
  0x00,0x28,0x4d,0x48,0x81,0xff,0xfb,0xfd,0xfd,0xfe,0xfe,0xfe,0xfe,0xfe,0xfe,0xfe,
  0xfd,0xfd,0xfb,0xff,0xd7,0x06,0x00,0x01,0x00,0x00,0x00,0x00,0x00,0x00,0x00,0x00,
  0x00,0x00,0x00,0x00,0x00,0x00,0x00,0x00,0x00,0x02,0x00,0xba,0xff,0xfa,0xfd,0xfd,
  0xfd,0xfe,0xfe,0xfd,0xfd,0xfd,0xfd,0xfd,0xfd,0xfd,0xfc,0xff,0xff,0xff,0xd6,0x03,
  0x03,0x03,0x03,0x03,0x03,0x03,0x03,0x01,0x00,0x00,0x00,0x00,0x00,0x00,0x00,0x00,
  0x00,0x00,0x00,0x00,0x00,0x00,0x00,0x00,0x00,0x03,0x03,0x03,0x03,0x03,0x03,0x06,
  0x03,0x95,0xff,0xff,0xff,0xfd,0xfd,0xfd,0xfe,0xfe,0xfe,0xfe,0xfe,0xfe,0xfe,0xfe,
  0xfd,0xfd,0xfb,0xff,0xd5,0x04,0x00,0x01,0x00,0x00,0x00,0x00,0x00,0x00,0x00,0x00,
  0x00,0x00,0x00,0x00,0x00,0x00,0x00,0x00,0x00,0x02,0x00,0xbb,0xff,0xfa,0xfd,0xfd,
  0xfd,0xfe,0xfe,0xfe,0xfe,0xfd,0xfd,0xfd,0xfd,0xfd,0xfd,0xfb,0xf7,0xfc,0xcc,0x00,
  0x00,0x00,0x00,0x00,0x00,0x00,0x00,0x00,0x00,0x00,0x00,0x00,0x00,0x00,0x00,0x00,
  0x00,0x00,0x00,0x00,0x00,0x00,0x00,0x00,0x00,0x00,0x00,0x00,0x00,0x00,0x00,0x00,
  0x00,0x8e,0xfd,0xf7,0xfb,0xfd,0xfd,0xfe,0xfe,0xfe,0xfe,0xfe,0xfe,0xfe,0xfe,0xfd,
  0xfd,0xfd,0xfb,0xff,0xd3,0x03,0x00,0x01,0x00,0x00,0x00,0x00,0x00,0x00,0x00,0x00,
  0x00,0x00,0x00,0x00,0x00,0x00,0x00,0x00,0x00,0x02,0x00,0xb5,0xfc,0xf7,0xfc,0xfd,
  0xfe,0xfe,0xfe,0xfe,0xfe,0xfe,0xfd,0xfe,0xfe,0xfd,0xfd,0xfd,0xfb,0xfe,0xdf,0x52,
  0x49,0x47,0x4c,0x49,0x47,0x47,0x48,0x12,0x00,0x01,0x00,0x00,0x00,0x00,0x00,0x00,
  0x00,0x00,0x00,0x00,0x00,0x00,0x00,0x00,0x0a,0x40,0x45,0x49,0x4b,0x49,0x48,0x49,
  0x42,0xb4,0xff,0xfa,0xfd,0xfd,0xfe,0xfe,0xfe,0xfe,0xfe,0xfe,0xfe,0xfe,0xfe,0xfe,
  0xfe,0xfd,0xf8,0xfc,0xd2,0x04,0x00,0x01,0x00,0x00,0x00,0x00,0x00,0x00,0x00,0x00,
  0x00,0x00,0x00,0x00,0x00,0x00,0x00,0x00,0x00,0x02,0x00,0xc0,0xff,0xff,0xff,0xfd,
  0xfe,0xfe,0xfe,0xfe,0xfe,0xfe,0xfe,0xfe,0xfe,0xfd,0xfd,0xfd,0xfd,0xfd,0xfe,0xff,
  0xff,0xff,0xff,0xff,0xff,0xff,0xff,0x46,0x01,0x04,0x01,0x01,0x01,0x01,0x01,0x01,
  0x01,0x01,0x01,0x01,0x01,0x01,0x03,0x01,0x28,0xfd,0xff,0xff,0xff,0xff,0xff,0xff,
  0xff,0xff,0xfd,0xfe,0xfe,0xfe,0xfe,0xfe,0xfe,0xfe,0xfe,0xfe,0xfe,0xfe,0xfe,0xfe,
  0xfe,0xfe,0xff,0xff,0xe3,0x06,0x00,0x01,0x00,0x00,0x00,0x00,0x00,0x00,0x00,0x00,
  0x00,0x00,0x00,0x00,0x00,0x00,0x00,0x00,0x00,0x02,0x00,0x83,0xc0,0xbf,0xf2,0xfe,
  0xfd,0xfe,0xfe,0xfe,0xfe,0xfe,0xfe,0xfe,0xfe,0xfd,0xfd,0xfd,0xfd,0xfd,0xfc,0xfa,
  0xfa,0xfa,0xfa,0xfa,0xfa,0xf8,0xfd,0x45,0x00,0x02,0x00,0x00,0x00,0x00,0x00,0x00,
  0x00,0x00,0x00,0x00,0x00,0x00,0x01,0x00,0x26,0xf6,0xfb,0xf9,0xfa,0xfa,0xfa,0xfa,
  0xfb,0xfc,0xfd,0xfe,0xfe,0xfe,0xfe,0xfe,0xfe,0xfe,0xfe,0xfd,0xfd,0xfd,0xfd,0xfd,
  0xfe,0xf8,0xbc,0xb3,0x97,0x05,0x00,0x01,0x00,0x00,0x00,0x00,0x00,0x00,0x00,0x00,
  0x00,0x00,0x00,0x00,0x00,0x00,0x00,0x00,0x00,0x00,0x00,0x00,0x00,0x00,0xc0,0xff,
  0xfa,0xfe,0xfe,0xfe,0xfe,0xfe,0xfe,0xfe,0xfe,0xfd,0xfd,0xfd,0xfd,0xfd,0xfd,0xfd,
  0xfd,0xfd,0xfd,0xfd,0xfd,0xfb,0xff,0x48,0x02,0x05,0x00,0x00,0x01,0x01,0x02,0x03,
  0x03,0x02,0x02,0x04,0x03,0x02,0x05,0x02,0x2d,0xfb,0xfd,0xfc,0xfc,0xfd,0xfd,0xfd,
  0xfd,0xfd,0xfd,0xfe,0xfe,0xfe,0xfe,0xfe,0xfe,0xfe,0xfe,0xfd,0xfd,0xfd,0xfe,0xfb,
  0xff,0xe4,0x07,0x00,0x00,0x00,0x00,0x00,0x00,0x00,0x00,0x00,0x00,0x00,0x00,0x00,
  0x00,0x00,0x00,0x00,0x00,0x00,0x00,0x00,0x00,0x00,0x00,0x01,0x03,0x01,0xb9,0xff,
  0xfa,0xfd,0xfe,0xfe,0xfe,0xfe,0xfe,0xfe,0xfe,0xfe,0xfe,0xfe,0xfd,0xfe,0xfe,0xfe,
  0xfe,0xfd,0xfd,0xfd,0xfd,0xfd,0xfe,0xde,0xd1,0xd0,0xcc,0xcd,0xce,0xcd,0xcf,0xd1,
  0xd0,0xcf,0xcf,0xd2,0xd1,0xcf,0xd2,0xd3,0xda,0xfd,0xfd,0xfd,0xfd,0xfd,0xfd,0xfd,
  0xfd,0xfe,0xfe,0xfe,0xfe,0xfe,0xfe,0xfe,0xfe,0xfe,0xfd,0xfd,0xfd,0xfe,0xfe,0xfb,
  0xff,0xe0,0x0d,0x02,0x03,0x00,0x00,0x00,0x00,0x00,0x00,0x00,0x00,0x00,0x00,0x00,
  0x00,0x00,0x00,0x00,0x00,0x00,0x00,0x00,0x00,0x00,0x00,0x00,0x02,0x00,0xb5,0xfe,
  0xf9,0xfd,0xfd,0xfd,0xfe,0xfe,0xfe,0xfe,0xfd,0xfd,0xfe,0xfe,0xfe,0xfe,0xfe,0xfe,
  0xfe,0xfe,0xfe,0xfd,0xfd,0xfd,0xfd,0xff,0xff,0xff,0xff,0xff,0xff,0xff,0xff,0xff,
  0xff,0xff,0xff,0xff,0xff,0xff,0xff,0xff,0xff,0xfd,0xfd,0xfe,0xfe,0xfe,0xfd,0xfd,
  0xfe,0xfe,0xfe,0xfe,0xfe,0xfe,0xfe,0xfe,0xfe,0xfe,0xfd,0xfd,0xfd,0xfe,0xfd,0xfa,
  0xfe,0xdc,0x0a,0x00,0x01,0x00,0x00,0x00,0x00,0x00,0x00,0x00,0x00,0x00,0x00,0x00,
  0x00,0x00,0x00,0x00,0x00,0x00,0x00,0x00,0x00,0x00,0x00,0x00,0x02,0x00,0xb1,0xff,
  0xff,0xfe,0xfd,0xfd,0xfd,0xfe,0xfe,0xfe,0xfe,0xfe,0xfe,0xfe,0xfe,0xfe,0xfe,0xfe,
  0xfe,0xfe,0xfe,0xfe,0xfe,0xfd,0xfd,0xfc,0xfb,0xfb,0xfb,0xfb,0xfb,0xfb,0xfb,0xfb,
  0xfb,0xfb,0xfb,0xfb,0xfb,0xfb,0xfb,0xfb,0xfb,0xfe,0xfe,0xfe,0xfe,0xfe,0xfe,0xfe,
  0xfe,0xfe,0xfe,0xfe,0xfe,0xfe,0xfe,0xfe,0xfe,0xfe,0xfd,0xfd,0xfd,0xfe,0xfe,0xff,
  0xff,0xde,0x07,0x00,0x01,0x00,0x00,0x00,0x00,0x00,0x00,0x00,0x00,0x00,0x00,0x00,
  0x00,0x00,0x00,0x00,0x00,0x00,0x00,0x00,0x00,0x00,0x00,0x00,0x01,0x00,0x24,0x3b,
  0x39,0xd2,0xff,0xfb,0xfd,0xfe,0xfe,0xfe,0xfe,0xfe,0xfe,0xfe,0xfe,0xfe,0xfe,0xfe,
  0xfe,0xfe,0xfe,0xfe,0xfe,0xfd,0xfd,0xfd,0xfd,0xfd,0xfd,0xfd,0xfd,0xfd,0xfd,0xfd,
  0xfd,0xfd,0xfd,0xfd,0xfd,0xfd,0xfe,0xfe,0xfe,0xfe,0xfe,0xfe,0xfe,0xfe,0xfe,0xfe,
  0xfe,0xfe,0xfe,0xfe,0xfe,0xfe,0xfe,0xfe,0xfe,0xfe,0xfd,0xfd,0xfb,0xff,0xe3,0x3f,
  0x38,0x31,0x01,0x00,0x00,0x00,0x00,0x00,0x00,0x00,0x00,0x00,0x00,0x00,0x00,0x00,
  0x00,0x00,0x00,0x00,0x00,0x00,0x00,0x00,0x00,0x00,0x00,0x00,0x00,0x01,0x00,0x00,
  0x00,0xbf,0xff,0xfa,0xfd,0xfd,0xfd,0xfd,0xfd,0xfe,0xfe,0xfe,0xfe,0xfe,0xfe,0xfe,
  0xfe,0xfe,0xfe,0xfe,0xfe,0xfe,0xfd,0xfd,0xfd,0xfd,0xfe,0xfe,0xfd,0xfd,0xfd,0xfd,
  0xfd,0xfd,0xfd,0xfd,0xfd,0xfd,0xfe,0xfe,0xfe,0xfe,0xfe,0xfe,0xfe,0xfe,0xfe,0xfe,
  0xfe,0xfe,0xfe,0xfe,0xfe,0xfe,0xfe,0xfe,0xfe,0xfd,0xfd,0xfd,0xfb,0xff,0xda,0x00,
  0x00,0x00,0x01,0x00,0x00,0x00,0x00,0x00,0x00,0x00,0x00,0x00,0x00,0x00,0x00,0x00,
  0x00,0x00,0x00,0x00,0x00,0x00,0x00,0x00,0x00,0x00,0x00,0x00,0x00,0x00,0x00,0x00,
  0x00,0xc0,0xff,0xfa,0xfd,0xfd,0xfd,0xfd,0xfd,0xfe,0xfe,0xfe,0xfe,0xfe,0xfe,0xfe,
  0xfe,0xfe,0xfe,0xfe,0xfe,0xfe,0xfe,0xfe,0xfd,0xfd,0xfe,0xfe,0xfe,0xfd,0xfd,0xfd,
  0xfe,0xfe,0xfe,0xfd,0xfd,0xfd,0xfd,0xfe,0xfe,0xfe,0xfe,0xfe,0xfe,0xfe,0xfe,0xfe,
  0xfe,0xfe,0xfe,0xfe,0xfe,0xfe,0xfe,0xfe,0xfe,0xfd,0xfd,0xfd,0xfb,0xff,0xdc,0x00,
  0x00,0x00,0x00,0x00,0x00,0x00,0x00,0x00,0x00,0x00,0x00,0x00,0x00,0x00,0x00,0x00,
  0x00,0x00,0x00,0x00,0x00,0x00,0x00,0x00,0x00,0x00,0x00,0x01,0x00,0x12,0x46,0x48,
  0x49,0xd6,0xff,0xfc,0xfd,0xfd,0xfd,0xfd,0xfd,0xfe,0xfe,0xfe,0xfe,0xfe,0xfe,0xfe,
  0xfe,0xfe,0xfe,0xfe,0xfe,0xfe,0xfe,0xfe,0xfe,0xfe,0xfe,0xfe,0xfe,0xfe,0xfd,0xfd,
  0xfe,0xfe,0xfe,0xfd,0xfd,0xfd,0xfd,0xfd,0xfe,0xfe,0xfe,0xfe,0xfe,0xfe,0xfe,0xfe,
  0xfe,0xfe,0xfe,0xfe,0xfe,0xfe,0xfe,0xfe,0xfe,0xfe,0xfe,0xfd,0xfc,0xff,0xe8,0x50,
  0x43,0x48,0x1c,0x00,0x01,0x00,0x00,0x00,0x00,0x00,0x00,0x00,0x00,0x00,0x00,0x00,
  0x00,0x00,0x00,0x00,0x00,0x00,0x00,0x00,0x00,0x00,0x00,0x03,0x00,0x4e,0xff,0xff,
  0xff,0xfe,0xfd,0xfd,0xfd,0xfe,0xfe,0xfd,0xfd,0xfe,0xfe,0xfe,0xfe,0xfe,0xfe,0xfe,
  0xfe,0xfe,0xfe,0xfe,0xfe,0xfe,0xfe,0xfe,0xfe,0xfe,0xfe,0xfe,0xfe,0xfe,0xfe,0xfe,
  0xfe,0xfe,0xfe,0xfe,0xfd,0xfd,0xfd,0xfd,0xfd,0xfe,0xfe,0xfe,0xfe,0xfe,0xfe,0xfe,
  0xfe,0xfe,0xfe,0xfe,0xfe,0xfe,0xfe,0xfe,0xfe,0xfe,0xfe,0xfd,0xfd,0xfd,0xfe,0xff,
  0xff,0xff,0x6c,0x00,0x04,0x00,0x00,0x00,0x00,0x00,0x00,0x00,0x00,0x00,0x00,0x00,
  0x00,0x00,0x00,0x00,0x00,0x00,0x00,0x00,0x00,0x00,0x03,0x06,0x04,0x4f,0xfd,0xf7,
  0xfa,0xfc,0xfd,0xfd,0xfe,0xfe,0xfe,0xfe,0xfe,0xfe,0xfe,0xfe,0xfe,0xfe,0xfe,0xfe,
  0xfe,0xfe,0xfe,0xfe,0xfe,0xfe,0xfe,0xfe,0xfe,0xfe,0xfe,0xfe,0xfe,0xfe,0xfe,0xfe,
  0xfe,0xfe,0xfe,0xfe,0xfd,0xfd,0xfe,0xfe,0xfd,0xfe,0xfe,0xfe,0xfe,0xfe,0xfe,0xfe,
  0xfe,0xfe,0xfe,0xfe,0xfe,0xfe,0xfe,0xfe,0xfe,0xfe,0xfe,0xfe,0xfe,0xfd,0xfd,0xfb,
  0xf7,0xfc,0x6b,0x04,0x07,0x04,0x01,0x00,0x00,0x00,0x00,0x00,0x00,0x00,0x00,0x00,
  0x00,0x00,0x00,0x00,0x00,0x00,0x00,0x00,0x00,0x00,0x00,0x00,0x00,0x44,0xff,0xfa,
  0xfd,0xfd,0xfd,0xfd,0xfe,0xfe,0xfe,0xfe,0xfe,0xfe,0xfe,0xfe,0xfe,0xfe,0xfe,0xfe,
  0xfe,0xfe,0xfe,0xfe,0xfe,0xfe,0xfe,0xfe,0xfe,0xfe,0xfe,0xfe,0xfe,0xfe,0xfe,0xfe,
  0xfe,0xfe,0xfe,0xfe,0xfe,0xfe,0xfe,0xfe,0xfe,0xfe,0xfe,0xfe,0xfe,0xfe,0xfe,0xfe,
  0xfe,0xfe,0xfe,0xfe,0xfe,0xfe,0xfe,0xfe,0xfe,0xfe,0xfe,0xfe,0xfe,0xfe,0xfd,0xfd,
  0xf9,0xff,0x62,0x00,0x00,0x00,0x00,0x00,0x00,0x00,0x00,0x00,0x00,0x00,0x00,0x00,
  0x00,0x00,0x00,0x00,0x00,0x00,0x00,0x01,0x00,0x0a,0x8a,0x9c,0x96,0xbb,0xfe,0xfc,
  0xfd,0xfd,0xfd,0xfe,0xfe,0xfe,0xfe,0xfe,0xfe,0xfe,0xfe,0xfe,0xfe,0xfe,0xfe,0xfe,
  0xfe,0xfe,0xfe,0xfe,0xfe,0xfe,0xfe,0xfe,0xfe,0xfe,0xfe,0xfe,0xfe,0xfe,0xfe,0xfe,
  0xfe,0xfe,0xfe,0xfe,0xfe,0xfe,0xfe,0xfe,0xfe,0xfe,0xfe,0xfe,0xfe,0xfe,0xfe,0xfe,
  0xfe,0xfe,0xfe,0xfe,0xfe,0xfe,0xfe,0xfe,0xfe,0xfe,0xfe,0xfe,0xfe,0xfe,0xfe,0xfd,
  0xfb,0xfe,0xc6,0x98,0x97,0x8f,0x17,0x00,0x01,0x00,0x00,0x00,0x00,0x00,0x00,0x00,
  0x00,0x00,0x00,0x00,0x00,0x00,0x00,0x01,0x00,0x14,0xf9,0xff,0xff,0xff,0xfd,0xfd,
  0xfd,0xfd,0xfe,0xfe,0xfe,0xfe,0xfe,0xfe,0xfe,0xfe,0xfe,0xfe,0xfd,0xfe,0xfe,0xfe,
  0xfe,0xfe,0xfe,0xfe,0xfe,0xfe,0xfe,0xfe,0xfe,0xfe,0xfe,0xfe,0xfe,0xfe,0xfe,0xfe,
  0xfe,0xfe,0xfe,0xfe,0xfe,0xfe,0xfe,0xfe,0xfe,0xfe,0xfe,0xfd,0xfe,0xfe,0xfe,0xfe,
  0xfe,0xfe,0xfe,0xfe,0xfe,0xfe,0xfe,0xfe,0xfe,0xfe,0xfe,0xfe,0xfe,0xfe,0xfe,0xfe,
  0xfd,0xfd,0xff,0xff,0xff,0xff,0x2e,0x00,0x02,0x00,0x00,0x00,0x00,0x00,0x00,0x00,
  0x00,0x00,0x00,0x00,0x00,0x00,0x01,0x03,0x02,0x17,0xe9,0xfb,0xf8,0xfb,0xfe,0xfd,
  0xfd,0xfd,0xfe,0xfe,0xfe,0xfe,0xfe,0xfe,0xfe,0xfe,0xfe,0xfd,0xfd,0xfe,0xfe,0xfe,
  0xfe,0xfe,0xfe,0xfe,0xfd,0xfd,0xfe,0xfe,0xfe,0xfe,0xfe,0xfe,0xfe,0xfe,0xfe,0xfe,
  0xfe,0xfe,0xfe,0xfe,0xfe,0xfe,0xfe,0xfe,0xfd,0xfe,0xfe,0xfd,0xfe,0xfe,0xfe,0xfe,
  0xfe,0xfe,0xfe,0xfe,0xfe,0xfe,0xfe,0xfe,0xfe,0xfe,0xfe,0xfe,0xfe,0xfe,0xfe,0xfe,
  0xfe,0xfd,0xfb,0xf9,0xf9,0xfa,0x2e,0x02,0x04,0x01,0x00,0x00,0x00,0x00,0x00,0x00,
  0x00,0x00,0x00,0x00,0x00,0x00,0x00,0x00,0x00,0x11,0xed,0xff,0xfc,0xfe,0xfe,0xfd,
  0xfd,0xfe,0xfe,0xfe,0xfe,0xfe,0xfe,0xfe,0xfe,0xfe,0xfd,0xfd,0xfd,0xfe,0xfe,0xfe,
  0xfe,0xfe,0xfe,0xfd,0xfd,0xfd,0xfe,0xfe,0xfe,0xfe,0xfe,0xfe,0xfe,0xfe,0xfe,0xfe,
  0xfe,0xfe,0xfe,0xfe,0xfe,0xfe,0xfe,0xfd,0xfd,0xfe,0xfe,0xfd,0xfd,0xfe,0xfe,0xfe,
  0xfe,0xfe,0xfe,0xfe,0xfe,0xfd,0xfd,0xfd,0xfe,0xfe,0xfe,0xfe,0xfe,0xfe,0xfe,0xfe,
  0xfe,0xfd,0xfd,0xfd,0xfd,0xfe,0x27,0x00,0x00,0x00,0x00,0x00,0x00,0x00,0x00,0x00,
  0x00,0x00,0x00,0x00,0x00,0x01,0x17,0x1f,0x1d,0x38,0xf1,0xff,0xfc,0xfe,0xfe,0xfe,
  0xfe,0xfe,0xfe,0xfe,0xfe,0xfe,0xfe,0xfe,0xfe,0xfe,0xfd,0xfd,0xfd,0xfe,0xfe,0xfe,
  0xfe,0xfe,0xfe,0xfd,0xfd,0xfd,0xfd,0xfe,0xfe,0xfe,0xfe,0xfe,0xfe,0xfe,0xfe,0xfe,
  0xfe,0xfe,0xfe,0xfe,0xfe,0xfe,0xfe,0xfd,0xfd,0xfd,0xfe,0xfd,0xfd,0xfe,0xfe,0xfe,
  0xfe,0xfd,0xfd,0xfd,0xfd,0xfd,0xfd,0xfd,0xfe,0xfe,0xfe,0xfe,0xfe,0xfe,0xfe,0xfe,
  0xfe,0xfe,0xfd,0xfd,0xfd,0xfe,0x47,0x1e,0x1f,0x19,0x04,0x00,0x00,0x00,0x00,0x00,
  0x00,0x00,0x00,0x01,0x00,0x0e,0xd6,0xf6,0xf2,0xf6,0xfd,0xfd,0xfd,0xfe,0xfe,0xfe,
  0xfe,0xfe,0xfe,0xfe,0xfd,0xfd,0xfd,0xfd,0xfe,0xfe,0xfd,0xfd,0xfd,0xfd,0xfe,0xfe,
  0xfe,0xfe,0xfd,0xfd,0xfd,0xfd,0xfd,0xfd,0xfe,0xfe,0xfe,0xfe,0xfe,0xfe,0xfe,0xfe,
  0xfe,0xfe,0xfe,0xfe,0xfe,0xfe,0xfd,0xfd,0xfd,0xfd,0xfe,0xfe,0xfe,0xfe,0xfe,0xfd,
  0xfd,0xfd,0xfd,0xfd,0xfd,0xfd,0xfe,0xfe,0xfe,0xfe,0xfe,0xfe,0xfe,0xfe,0xfe,0xfe,
  0xfe,0xfe,0xfd,0xfd,0xfd,0xfd,0xf6,0xf4,0xf3,0xf2,0x33,0x00,0x03,0x00,0x00,0x00,
  0x00,0x00,0x02,0x05,0x04,0x11,0xe5,0xff,0xfe,0xff,0xfd,0xfd,0xfe,0xfe,0xfe,0xfe,
  0xfe,0xfe,0xfe,0xfe,0xfd,0xfd,0xfd,0xfd,0xfe,0xfe,0xfd,0xfd,0xfd,0xfd,0xfd,0xfe,
  0xfd,0xfd,0xfd,0xfd,0xfd,0xfd,0xfd,0xfd,0xfd,0xfe,0xfe,0xfe,0xfe,0xfe,0xfe,0xfe,
  0xfe,0xfe,0xfe,0xfe,0xfe,0xfd,0xfd,0xfd,0xfd,0xfd,0xfe,0xfe,0xfe,0xfd,0xfd,0xfd,
  0xfd,0xfd,0xfd,0xfd,0xfd,0xfd,0xfe,0xfe,0xfe,0xfe,0xfe,0xfe,0xfe,0xfe,0xfe,0xfe,
  0xfe,0xfe,0xfd,0xfd,0xfd,0xfd,0xff,0xff,0xfe,0xff,0x3d,0x04,0x07,0x02,0x00,0x00,
  0x00,0x00,0x00,0x00,0x00,0x01,0xe1,0xfe,0xfb,0xfc,0xfd,0xfd,0xfe,0xfe,0xfe,0xfe,
  0xfe,0xfe,0xfe,0xfd,0xfd,0xfd,0xfd,0xfd,0xfd,0xfd,0xfd,0xfd,0xfd,0xfd,0xfd,0xfd,
  0xfd,0xfd,0xfd,0xfd,0xfd,0xfd,0xfd,0xfd,0xfd,0xfd,0xfd,0xfe,0xfe,0xfe,0xfe,0xfe,
  0xfe,0xfe,0xfe,0xfe,0xfe,0xfd,0xfd,0xfd,0xfd,0xfd,0xfd,0xfd,0xfd,0xfd,0xfd,0xfd,
  0xfd,0xfd,0xfd,0xfd,0xfd,0xfd,0xfe,0xfe,0xfe,0xfe,0xfe,0xfe,0xfe,0xfe,0xfe,0xfe,
  0xfe,0xfe,0xfd,0xfd,0xfd,0xfd,0xfc,0xfc,0xfb,0xfe,0x2f,0x00,0x00,0x00,0x00,0x00,
  0x02,0x00,0x3f,0x98,0x93,0xa3,0xf6,0xfe,0xfd,0xfd,0xfd,0xfd,0xfd,0xfe,0xfe,0xfe,
  0xfe,0xfe,0xfd,0xfd,0xfd,0xfd,0xfd,0xfd,0xfd,0xfd,0xfd,0xfd,0xfd,0xfd,0xfd,0xfd,
  0xfd,0xfd,0xfd,0xfd,0xfd,0xfd,0xfd,0xfd,0xfd,0xfd,0xfd,0xfd,0xfd,0xfe,0xfe,0xfe,
  0xfe,0xfe,0xfe,0xfe,0xfe,0xfd,0xfd,0xfd,0xfe,0xfe,0xfe,0xfd,0xfd,0xfd,0xfd,0xfd,
  0xfd,0xfd,0xfd,0xfd,0xfd,0xfd,0xfe,0xfe,0xfe,0xfd,0xfd,0xfd,0xfe,0xfe,0xfe,0xfe,
  0xfe,0xfe,0xfd,0xfd,0xfd,0xfd,0xfd,0xfd,0xfd,0xfe,0xb4,0x96,0x9e,0x4e,0x00,0x03,
  0x04,0x00,0x74,0xff,0xff,0xff,0xfe,0xfd,0xfd,0xfd,0xfd,0xfd,0xfd,0xfe,0xfe,0xfe,
  0xfe,0xfd,0xfd,0xfd,0xfd,0xfd,0xfd,0xfd,0xfd,0xfd,0xfd,0xfd,0xfe,0xfe,0xfd,0xfd,
  0xfd,0xfd,0xfd,0xfd,0xfd,0xfd,0xfd,0xfd,0xfd,0xfd,0xfd,0xfd,0xfd,0xfe,0xfe,0xfe,
  0xfe,0xfe,0xfe,0xfe,0xfe,0xfd,0xfd,0xfd,0xfe,0xfe,0xfe,0xfd,0xfd,0xfd,0xfd,0xfd,
  0xfd,0xfd,0xfd,0xfd,0xfd,0xfd,0xfe,0xfe,0xfe,0xfd,0xfd,0xfd,0xfe,0xfe,0xfe,0xfe,
  0xfe,0xfe,0xfd,0xfd,0xfd,0xfd,0xfd,0xfe,0xfe,0xfd,0xff,0xff,0xff,0x8a,0x00,0x04,
  0x04,0x00,0x6a,0xfb,0xf5,0xfa,0xfd,0xfe,0xfe,0xfe,0xfe,0xfd,0xfe,0xfe,0xfe,0xfe,
  0xfe,0xfd,0xfd,0xfd,0xfd,0xfd,0xfd,0xfd,0xfd,0xfd,0xfd,0xfd,0xfe,0xfe,0xfe,0xfd,
  0xfd,0xfd,0xfd,0xfd,0xfd,0xfd,0xfd,0xfd,0xfd,0xfd,0xfd,0xfd,0xfd,0xfe,0xfd,0xfd,
  0xfe,0xfe,0xfe,0xfe,0xfd,0xfd,0xfd,0xfd,0xfd,0xfd,0xfd,0xfd,0xfd,0xfd,0xfd,0xfd,
  0xfd,0xfd,0xfd,0xfd,0xfd,0xfd,0xfd,0xfd,0xfd,0xfd,0xfd,0xfd,0xfd,0xfe,0xfe,0xfe,
  0xfe,0xfe,0xfd,0xfd,0xfd,0xfd,0xfe,0xfe,0xfe,0xfd,0xfa,0xf5,0xfb,0x7c,0x00,0x04,
  0x04,0x00,0x6a,0xff,0xf9,0xfd,0xfe,0xfe,0xfe,0xfe,0xfd,0xfd,0xfd,0xfe,0xfe,0xfe,
  0xfe,0xfe,0xfe,0xfe,0xfd,0xfd,0xfd,0xfd,0xfd,0xfd,0xfd,0xfd,0xfd,0xfe,0xfe,0xfd,
  0xfd,0xfd,0xfd,0xfd,0xfd,0xfd,0xfd,0xfd,0xfd,0xfd,0xfd,0xfd,0xfd,0xfd,0xfd,0xfd,
  0xfd,0xfd,0xfd,0xfe,0xfe,0xfd,0xfd,0xfd,0xfd,0xfd,0xfd,0xfd,0xfd,0xfd,0xfd,0xfd,
  0xfd,0xfd,0xfd,0xfd,0xfd,0xfd,0xfd,0xfd,0xfd,0xfd,0xfd,0xfd,0xfd,0xfd,0xfe,0xfe,
  0xfe,0xfe,0xfd,0xfd,0xfd,0xfd,0xfe,0xfe,0xfe,0xfd,0xfd,0xf9,0xff,0x7d,0x00,0x04,
  0x04,0x00,0x6a,0xff,0xf9,0xfd,0xfe,0xfe,0xfe,0xfe,0xfd,0xfd,0xfd,0xfe,0xfe,0xfe,
  0xfe,0xfe,0xfe,0xfe,0xfd,0xfd,0xfd,0xfd,0xfd,0xfd,0xfe,0xfe,0xfd,0xfe,0xfe,0xfe,
  0xfd,0xfd,0xfd,0xfd,0xfd,0xfe,0xfd,0xfd,0xfd,0xfd,0xfd,0xfd,0xfd,0xfd,0xfd,0xfd,
  0xfd,0xfd,0xfd,0xfd,0xfe,0xfe,0xfd,0xfd,0xfd,0xfd,0xfd,0xfd,0xfd,0xfd,0xfd,0xfd,
  0xfd,0xfd,0xfd,0xfd,0xfd,0xfd,0xfd,0xfd,0xfd,0xfe,0xfe,0xfd,0xfd,0xfd,0xfe,0xfe,
  0xfe,0xfe,0xfd,0xfd,0xfd,0xfd,0xfe,0xfe,0xfe,0xfd,0xfd,0xf9,0xff,0x7d,0x00,0x04,
  0x04,0x00,0x6c,0xff,0xf9,0xfd,0xfe,0xfe,0xfe,0xfe,0xfe,0xfe,0xfe,0xfe,0xfe,0xfd,
  0xfd,0xfd,0xfd,0xfd,0xfd,0xfe,0xfe,0xfe,0xfd,0xfd,0xfe,0xfe,0xfe,0xfe,0xfe,0xfe,
  0xfe,0xfe,0xfe,0xfe,0xfe,0xfe,0xfe,0xfe,0xfe,0xfe,0xfd,0xfd,0xfd,0xfe,0xfd,0xfd,
  0xfd,0xfd,0xfd,0xfd,0xfd,0xfe,0xfd,0xfd,0xfd,0xfd,0xfd,0xfd,0xfd,0xfd,0xfd,0xfd,
  0xfd,0xfd,0xfd,0xfe,0xfe,0xfd,0xfe,0xfe,0xfe,0xfe,0xfe,0xfd,0xfd,0xfd,0xfd,0xfd,
  0xfe,0xfe,0xfd,0xfd,0xfd,0xfd,0xfe,0xfe,0xfd,0xfd,0xfd,0xf9,0xff,0x7c,0x00,0x04,
  0x04,0x00,0x6d,0xff,0xf9,0xfd,0xfe,0xfd,0xfe,0xfe,0xfd,0xfd,0xfe,0xfe,0xfe,0xfe,
  0xfe,0xfe,0xfd,0xfd,0xfd,0xfe,0xfe,0xfe,0xfe,0xfe,0xfe,0xfe,0xfe,0xfe,0xfe,0xfe,
  0xfe,0xfe,0xfe,0xfe,0xfe,0xfe,0xfe,0xfe,0xfd,0xfd,0xfd,0xfd,0xfd,0xfd,0xfd,0xfd,
  0xfd,0xfd,0xfd,0xfd,0xfd,0xfd,0xfd,0xfd,0xfd,0xfd,0xfd,0xfd,0xfd,0xfd,0xfe,0xfe,
  0xfd,0xfd,0xfe,0xfe,0xfe,0xfe,0xfe,0xfe,0xfe,0xfe,0xfe,0xfd,0xfd,0xfd,0xfd,0xfd,
  0xfe,0xfe,0xfd,0xfd,0xfd,0xfd,0xfe,0xfe,0xfe,0xfd,0xfd,0xf8,0xff,0x7d,0x00,0x04,
  0x04,0x00,0x6c,0xff,0xf9,0xfe,0xfe,0xfd,0xfd,0xfd,0xfd,0xfd,0xfd,0xfe,0xfe,0xfe,
  0xfe,0xfe,0xfd,0xfd,0xfe,0xfe,0xfe,0xfe,0xfe,0xfe,0xfe,0xfe,0xfe,0xfe,0xfe,0xfe,
  0xfe,0xfe,0xfe,0xfe,0xfd,0xfe,0xfe,0xfd,0xfd,0xfd,0xfd,0xfd,0xfd,0xfd,0xfd,0xfd,
  0xfd,0xfd,0xfd,0xfd,0xfd,0xfd,0xfd,0xfd,0xfd,0xfd,0xfd,0xfd,0xfd,0xfd,0xfe,0xfe,
  0xfd,0xfe,0xfe,0xfe,0xfe,0xfe,0xfe,0xfe,0xfe,0xfe,0xfd,0xfd,0xfd,0xfd,0xfd,0xfd,
  0xfe,0xfe,0xfd,0xfd,0xfd,0xfd,0xfe,0xfe,0xfe,0xfd,0xfd,0xf8,0xff,0x80,0x00,0x04,
  0x04,0x00,0x6a,0xff,0xf9,0xfe,0xfe,0xfd,0xfd,0xfd,0xfe,0xfe,0xfe,0xfe,0xfe,0xfe,
  0xfe,0xfd,0xfd,0xfd,0xfe,0xfd,0xfd,0xfd,0xfe,0xfe,0xfe,0xfe,0xfe,0xfe,0xfe,0xfe,
  0xfe,0xfe,0xfe,0xfd,0xfd,0xfe,0xfe,0xfd,0xfd,0xfd,0xfd,0xfd,0xfd,0xfd,0xfd,0xfd,
  0xfd,0xfd,0xfd,0xfd,0xfd,0xfd,0xfd,0xfd,0xfd,0xfd,0xfd,0xfe,0xfe,0xfd,0xfd,0xfe,
  0xfe,0xfe,0xfe,0xfe,0xfe,0xfe,0xfe,0xfe,0xfe,0xfe,0xfd,0xfd,0xfd,0xfd,0xfd,0xfd,
  0xfe,0xfe,0xfd,0xfd,0xfd,0xfe,0xfe,0xfe,0xfe,0xfd,0xfd,0xf8,0xff,0x81,0x00,0x04,
  0x04,0x00,0x69,0xff,0xf9,0xfd,0xfe,0xfd,0xfd,0xfd,0xfe,0xfe,0xfd,0xfe,0xfe,0xfe,
  0xfd,0xfd,0xfd,0xfd,0xfe,0xfd,0xfd,0xfd,0xfd,0xfe,0xfe,0xfe,0xfe,0xfe,0xfe,0xfe,
  0xfd,0xfe,0xfe,0xfe,0xfe,0xfe,0xfe,0xfd,0xfd,0xfd,0xfd,0xfd,0xfd,0xfd,0xfd,0xfd,
  0xfd,0xfd,0xfd,0xfd,0xfd,0xfd,0xfd,0xfd,0xfd,0xfd,0xfd,0xfe,0xfe,0xfd,0xfd,0xfe,
  0xfe,0xfd,0xfe,0xfe,0xfe,0xfe,0xfe,0xfe,0xfe,0xfd,0xfd,0xfd,0xfd,0xfd,0xfd,0xfe,
  0xfe,0xfe,0xfd,0xfd,0xfd,0xfe,0xfe,0xfe,0xfe,0xfd,0xfd,0xf8,0xff,0x80,0x00,0x04,
  0x04,0x00,0x6a,0xff,0xf9,0xfd,0xfe,0xfd,0xfd,0xfd,0xfd,0xfd,0xfd,0xfe,0xfe,0xfe,
  0xfd,0xfd,0xfd,0xfd,0xfe,0xfd,0xfd,0xfd,0xfd,0xfe,0xfd,0xfe,0xfe,0xfe,0xfe,0xfe,
  0xfd,0xfd,0xfe,0xfe,0xfe,0xfe,0xfe,0xfd,0xfd,0xfd,0xfe,0xfd,0xfd,0xfd,0xfd,0xfd,
  0xfd,0xfd,0xfd,0xfd,0xfd,0xfd,0xfd,0xfd,0xfd,0xfd,0xfe,0xfe,0xfe,0xfe,0xfe,0xfe,
  0xfd,0xfd,0xfd,0xfe,0xfe,0xfe,0xfe,0xfe,0xfe,0xfd,0xfd,0xfd,0xfd,0xfd,0xfd,0xfe,
  0xfe,0xfe,0xfe,0xfd,0xfd,0xfe,0xfe,0xfe,0xfe,0xfd,0xfd,0xf9,0xff,0x80,0x00,0x04,
  0x04,0x00,0x68,0xff,0xfa,0xfd,0xfe,0xfe,0xfe,0xfd,0xfd,0xfd,0xfd,0xfe,0xfe,0xfe,
  0xfd,0xfd,0xfd,0xfd,0xfd,0xfd,0xfd,0xfd,0xfe,0xfe,0xfe,0xfe,0xfe,0xfe,0xfe,0xfd,
  0xfd,0xfe,0xfe,0xfe,0xfe,0xfe,0xfe,0xfd,0xfd,0xfd,0xfe,0xfd,0xfd,0xfd,0xfd,0xfd,
  0xfe,0xfe,0xfe,0xfd,0xfd,0xfd,0xfd,0xfd,0xfd,0xfe,0xfe,0xfe,0xfe,0xfe,0xfe,0xfe,
  0xfe,0xfe,0xfd,0xfe,0xfe,0xfe,0xfe,0xfe,0xfe,0xfd,0xfd,0xfd,0xfd,0xfd,0xfd,0xfe,
  0xfe,0xfe,0xfd,0xfd,0xfd,0xfd,0xfe,0xfe,0xfe,0xfd,0xfd,0xf9,0xff,0x7f,0x00,0x04,
  0x04,0x00,0x69,0xff,0xf9,0xfd,0xfe,0xfe,0xfe,0xfe,0xfe,0xfd,0xfd,0xfe,0xfe,0xfe,
  0xfd,0xfd,0xfd,0xfd,0xfd,0xfd,0xfd,0xfd,0xfd,0xfe,0xfe,0xfe,0xfe,0xfe,0xfe,0xfd,
  0xfd,0xfe,0xfe,0xfe,0xfe,0xfe,0xfd,0xfd,0xfd,0xfd,0xfe,0xfe,0xfd,0xfd,0xfd,0xfe,
  0xfe,0xfe,0xfe,0xfe,0xfd,0xfd,0xfd,0xfd,0xfd,0xfe,0xfe,0xfe,0xfe,0xfe,0xfe,0xfe,
  0xfe,0xfe,0xfe,0xfd,0xfe,0xfe,0xfe,0xfe,0xfe,0xfd,0xfd,0xfd,0xfd,0xfd,0xfd,0xfe,
  0xfe,0xfd,0xfd,0xfd,0xfd,0xfd,0xfe,0xfe,0xfe,0xfd,0xfd,0xf9,0xff,0x7f,0x00,0x04,
  0x04,0x00,0x6d,0xff,0xf9,0xfe,0xfe,0xfe,0xfe,0xfe,0xfe,0xfd,0xfe,0xfe,0xfe,0xfe,
  0xfe,0xfe,0xfe,0xfe,0xfe,0xfe,0xfd,0xfd,0xfd,0xfe,0xfe,0xfe,0xfe,0xfe,0xfe,0xfe,
  0xfe,0xfe,0xfe,0xfe,0xfe,0xfe,0xfd,0xfd,0xfd,0xfd,0xfd,0xfe,0xfe,0xfe,0xfe,0xfe,
  0xfe,0xfe,0xfe,0xfe,0xfe,0xfe,0xfd,0xfd,0xfd,0xfd,0xfd,0xfe,0xfe,0xfd,0xfe,0xfe,
  0xfe,0xfe,0xfe,0xfd,0xfd,0xfd,0xfe,0xfe,0xfe,0xfd,0xfd,0xfd,0xfd,0xfe,0xfe,0xfe,
  0xfe,0xfe,0xfe,0xfd,0xfd,0xfe,0xfe,0xfe,0xfe,0xfe,0xfd,0xf9,0xff,0x81,0x00,0x04,
  0x04,0x00,0x6d,0xfc,0xf6,0xfb,0xfe,0xfe,0xfe,0xfd,0xfd,0xfd,0xfe,0xfe,0xfe,0xfe,
  0xfe,0xfe,0xfe,0xfe,0xfe,0xfe,0xfd,0xfd,0xfd,0xfd,0xfe,0xfe,0xfe,0xfe,0xfe,0xfe,
  0xfe,0xfe,0xfd,0xfd,0xfd,0xfd,0xfd,0xfe,0xfd,0xfd,0xfd,0xfe,0xfe,0xfe,0xfe,0xfe,
  0xfe,0xfe,0xfe,0xfe,0xfe,0xfe,0xfd,0xfd,0xfd,0xfd,0xfd,0xfd,0xfd,0xfd,0xfd,0xfe,
  0xfe,0xfe,0xfe,0xfe,0xfd,0xfd,0xfe,0xfe,0xfd,0xfe,0xfe,0xfe,0xfe,0xfe,0xfe,0xfe,
  0xfe,0xfe,0xfe,0xfe,0xfe,0xfe,0xfe,0xfe,0xfe,0xfd,0xfa,0xf6,0xfc,0x80,0x00,0x04,
  0x04,0x00,0x71,0xff,0xff,0xff,0xff,0xfe,0xfe,0xfd,0xfd,0xfd,0xfe,0xfe,0xfe,0xfe,
  0xfe,0xfe,0xfe,0xfe,0xfe,0xfd,0xfd,0xfd,0xfd,0xfd,0xfd,0xfd,0xfd,0xfe,0xfe,0xfd,
  0xfd,0xfd,0xfd,0xfd,0xfd,0xfd,0xfd,0xfe,0xfd,0xfd,0xfd,0xfd,0xfd,0xfe,0xfe,0xfe,
  0xfd,0xfe,0xfe,0xfe,0xfe,0xfe,0xfd,0xfd,0xfd,0xfd,0xfd,0xfd,0xfd,0xfe,0xfd,0xfd,
  0xfe,0xfe,0xfe,0xfe,0xfe,0xfd,0xfe,0xfe,0xfd,0xfe,0xfe,0xfe,0xfe,0xfe,0xfe,0xfe,
  0xfe,0xfe,0xfe,0xfe,0xfe,0xfe,0xfe,0xfe,0xfd,0xfd,0xff,0xff,0xff,0x85,0x00,0x04,
  0x03,0x00,0x47,0xb0,0xab,0xbb,0xf8,0xfe,0xfd,0xfd,0xfd,0xfd,0xfe,0xfe,0xfe,0xfe,
  0xfe,0xfe,0xfe,0xfe,0xfe,0xfe,0xfd,0xfd,0xfd,0xfd,0xfd,0xfd,0xfd,0xfe,0xfe,0xfd,
  0xfd,0xfd,0xfd,0xfd,0xfd,0xfd,0xfd,0xfe,0xfe,0xfd,0xfd,0xfd,0xfd,0xfe,0xfd,0xfd,
  0xfd,0xfd,0xfd,0xfd,0xfd,0xfe,0xfd,0xfd,0xfd,0xfd,0xfd,0xfd,0xfe,0xfe,0xfe,0xfe,
  0xfe,0xfe,0xfe,0xfe,0xfe,0xfd,0xfe,0xfe,0xfe,0xfe,0xfe,0xfe,0xfe,0xfe,0xfe,0xfe,
  0xfe,0xfe,0xfe,0xfe,0xfe,0xfe,0xfe,0xfe,0xfd,0xfd,0xbf,0xa7,0xae,0x52,0x00,0x03,
  0x00,0x00,0x00,0x00,0x00,0x0b,0xe6,0xfd,0xfa,0xfc,0xfd,0xfd,0xfd,0xfe,0xfe,0xfe,
  0xfe,0xfe,0xfe,0xfe,0xfe,0xfe,0xfd,0xfd,0xfd,0xfd,0xfd,0xfd,0xfd,0xfe,0xfe,0xfd,
  0xfd,0xfd,0xfd,0xfd,0xfd,0xfd,0xfe,0xfe,0xfe,0xfd,0xfd,0xfd,0xfd,0xfd,0xfd,0xfd,
  0xfd,0xfd,0xfd,0xfd,0xfd,0xfd,0xfd,0xfd,0xfd,0xfd,0xfd,0xfd,0xfe,0xfe,0xfe,0xfe,
  0xfe,0xfe,0xfe,0xfe,0xfe,0xfd,0xfe,0xfe,0xfe,0xfe,0xfe,0xfe,0xfe,0xfe,0xfe,0xfe,
  0xfe,0xfe,0xfe,0xfe,0xfe,0xfe,0xfd,0xfc,0xfb,0xfe,0x2b,0x00,0x00,0x00,0x00,0x00,
  0x00,0x00,0x01,0x04,0x03,0x13,0xec,0xff,0xff,0xff,0xfd,0xfd,0xfd,0xfe,0xfe,0xfe,
  0xfe,0xfe,0xfe,0xfe,0xfe,0xfe,0xfd,0xfd,0xfd,0xfd,0xfd,0xfd,0xfd,0xfe,0xfe,0xfd,
  0xfd,0xfd,0xfd,0xfd,0xfd,0xfd,0xfe,0xfe,0xfe,0xfd,0xfd,0xfd,0xfd,0xfd,0xfd,0xfd,
  0xfd,0xfd,0xfd,0xfd,0xfd,0xfd,0xfd,0xfd,0xfd,0xfd,0xfd,0xfd,0xfd,0xfe,0xfe,0xfe,
  0xfe,0xfe,0xfe,0xfe,0xfe,0xfd,0xfe,0xfe,0xfe,0xfe,0xfe,0xfe,0xfe,0xfe,0xfe,0xfe,
  0xfe,0xfe,0xfe,0xfe,0xfe,0xfe,0xff,0xff,0xff,0xff,0x37,0x03,0x05,0x01,0x00,0x00,
  0x00,0x00,0x00,0x01,0x00,0x0d,0xc4,0xe0,0xdf,0xe7,0xfc,0xfd,0xfe,0xfe,0xfe,0xfe,
  0xfe,0xfe,0xfe,0xfe,0xfe,0xfe,0xfd,0xfd,0xfd,0xfd,0xfd,0xfd,0xfd,0xfd,0xfd,0xfd,
  0xfd,0xfd,0xfd,0xfd,0xfd,0xfd,0xfe,0xfe,0xfe,0xfe,0xfd,0xfd,0xfd,0xfd,0xfe,0xfe,
  0xfe,0xfe,0xfd,0xfd,0xfd,0xfd,0xfd,0xfd,0xfd,0xfd,0xfd,0xfd,0xfe,0xfe,0xfe,0xfe,
  0xfe,0xfe,0xfe,0xfe,0xfe,0xfd,0xfe,0xfe,0xfe,0xfe,0xfe,0xfe,0xfe,0xfe,0xfe,0xfe,
  0xfe,0xfe,0xfe,0xfd,0xfd,0xfe,0xee,0xe4,0xe2,0xe7,0x31,0x00,0x02,0x00,0x00,0x00,
  0x00,0x00,0x00,0x00,0x00,0x00,0x07,0x0c,0x0b,0x29,0xf2,0xff,0xfd,0xfe,0xfe,0xfe,
  0xfe,0xfe,0xfe,0xfe,0xfe,0xfe,0xfd,0xfd,0xfd,0xfd,0xfd,0xfd,0xfd,0xfd,0xfd,0xfd,
  0xfd,0xfd,0xfd,0xfd,0xfd,0xfd,0xfd,0xfe,0xfe,0xfe,0xfd,0xfd,0xfd,0xfd,0xfe,0xfe,
  0xfe,0xfe,0xfd,0xfd,0xfd,0xfd,0xfd,0xfe,0xfe,0xfd,0xfd,0xfe,0xfe,0xfe,0xfe,0xfe,
  0xfd,0xfd,0xfd,0xfd,0xfd,0xfd,0xfd,0xfe,0xfe,0xfe,0xfe,0xfe,0xfe,0xfe,0xfe,0xfe,
  0xfe,0xfe,0xfe,0xfd,0xfc,0xff,0x47,0x0d,0x11,0x11,0x04,0x00,0x00,0x00,0x00,0x00,
  0x00,0x00,0x00,0x00,0x00,0x00,0x00,0x00,0x00,0x15,0xed,0xfe,0xfb,0xfd,0xfe,0xfe,
  0xfe,0xfe,0xfe,0xfe,0xfe,0xfe,0xfd,0xfd,0xfd,0xfd,0xfd,0xfd,0xfd,0xfd,0xfd,0xfd,
  0xfd,0xfd,0xfd,0xfd,0xfd,0xfd,0xfd,0xfd,0xfe,0xfe,0xfd,0xfd,0xfd,0xfe,0xfe,0xfe,
  0xfe,0xfe,0xfe,0xfd,0xfd,0xfd,0xfe,0xfe,0xfe,0xfd,0xfd,0xfe,0xfe,0xfe,0xfd,0xfd,
  0xfd,0xfd,0xfd,0xfd,0xfd,0xfd,0xfd,0xfe,0xfe,0xfe,0xfe,0xfe,0xfe,0xfe,0xfe,0xfe,
  0xfe,0xfd,0xfd,0xfc,0xfb,0xfe,0x34,0x00,0x00,0x00,0x00,0x00,0x00,0x00,0x00,0x00,
  0x00,0x00,0x00,0x00,0x00,0x00,0x01,0x02,0x01,0x16,0xef,0xff,0xfe,0xfd,0xfd,0xfd,
  0xfe,0xfe,0xfe,0xfe,0xfd,0xfd,0xfd,0xfd,0xfd,0xfd,0xfd,0xfd,0xfd,0xfd,0xfd,0xfd,
  0xfd,0xfd,0xfd,0xfd,0xfd,0xfd,0xfd,0xfd,0xfe,0xfe,0xfd,0xfd,0xfd,0xfd,0xfd,0xfd,
  0xfd,0xfd,0xfd,0xfd,0xfd,0xfd,0xfe,0xfe,0xfe,0xfe,0xfd,0xfe,0xfe,0xfe,0xfd,0xfd,
  0xfd,0xfd,0xfd,0xfd,0xfd,0xfd,0xfd,0xfe,0xfe,0xfe,0xfe,0xfe,0xfe,0xfe,0xfe,0xfd,
  0xfd,0xfd,0xfe,0xff,0xfe,0xff,0x3d,0x01,0x04,0x01,0x00,0x00,0x00,0x00,0x00,0x00,
  0x00,0x00,0x00,0x00,0x00,0x00,0x00,0x01,0x00,0x11,0xe2,0xfa,0xf7,0xfc,0xfd,0xfd,
  0xfe,0xfe,0xfe,0xfe,0xfd,0xfd,0xfd,0xfd,0xfd,0xfd,0xfd,0xfd,0xfd,0xfd,0xfd,0xfd,
  0xfd,0xfd,0xfd,0xfd,0xfd,0xfd,0xfd,0xfd,0xfe,0xfe,0xfe,0xfd,0xfd,0xfd,0xfd,0xfd,
  0xfd,0xfd,0xfd,0xfe,0xfe,0xfe,0xfe,0xfe,0xfe,0xfe,0xfe,0xfd,0xfe,0xfe,0xfd,0xfd,
  0xfd,0xfd,0xfd,0xfd,0xfd,0xfd,0xfd,0xfe,0xfe,0xfe,0xfe,0xfe,0xfe,0xfe,0xfe,0xfd,
  0xfd,0xfd,0xfb,0xf7,0xf6,0xf8,0x39,0x00,0x03,0x00,0x00,0x00,0x00,0x00,0x00,0x00,
  0x00,0x00,0x00,0x00,0x00,0x00,0x00,0x00,0x00,0x02,0x1f,0x28,0x23,0x70,0xff,0xfa,
  0xfd,0xfe,0xfe,0xfe,0xfe,0xfe,0xfe,0xfd,0xfd,0xfd,0xfe,0xfe,0xfd,0xfd,0xfd,0xfd,
  0xfd,0xfe,0xfd,0xfd,0xfe,0xfe,0xfd,0xfe,0xfe,0xfe,0xfe,0xfe,0xfd,0xfe,0xfd,0xfd,
  0xfd,0xfd,0xfd,0xfe,0xfe,0xfe,0xfe,0xfe,0xfe,0xfe,0xfe,0xfd,0xfd,0xfe,0xfe,0xfe,
  0xfe,0xfe,0xfe,0xfe,0xfe,0xfd,0xfd,0xfd,0xfd,0xfe,0xfe,0xfe,0xfe,0xfe,0xfe,0xfd,
  0xfa,0xff,0x8c,0x23,0x28,0x23,0x07,0x00,0x00,0x00,0x00,0x00,0x00,0x00,0x00,0x00,
  0x00,0x00,0x00,0x00,0x00,0x00,0x00,0x00,0x00,0x00,0x00,0x00,0x00,0x48,0xfe,0xf9,
  0xfc,0xfe,0xfe,0xfe,0xfe,0xfe,0xfe,0xfd,0xfd,0xfd,0xfe,0xfe,0xfe,0xfe,0xfe,0xfe,
  0xfe,0xfe,0xfe,0xfe,0xfe,0xfe,0xfe,0xfe,0xfe,0xfe,0xfe,0xfe,0xfe,0xfe,0xfd,0xfd,
  0xfd,0xfd,0xfd,0xfe,0xfe,0xfe,0xfe,0xfe,0xfe,0xfe,0xfe,0xfe,0xfe,0xfe,0xfe,0xfe,
  0xfe,0xfe,0xfe,0xfe,0xfe,0xfe,0xfe,0xfe,0xfe,0xfe,0xfe,0xfe,0xfe,0xfe,0xfd,0xfc,
  0xf8,0xfe,0x72,0x00,0x00,0x00,0x00,0x00,0x00,0x00,0x00,0x00,0x00,0x00,0x00,0x00,
  0x00,0x00,0x00,0x00,0x00,0x00,0x00,0x00,0x00,0x00,0x02,0x05,0x02,0x4e,0xff,0xfd,
  0xff,0xfd,0xfe,0xfe,0xfe,0xfe,0xfe,0xfd,0xfd,0xfd,0xfe,0xfe,0xfe,0xfe,0xfe,0xfe,
  0xfe,0xfe,0xfe,0xfe,0xfe,0xfe,0xfe,0xfe,0xfe,0xfe,0xfe,0xfe,0xfe,0xfd,0xfd,0xfd,
  0xfe,0xfe,0xfd,0xfe,0xfe,0xfe,0xfe,0xfe,0xfe,0xfe,0xfe,0xfe,0xfe,0xfe,0xfe,0xfe,
  0xfe,0xfe,0xfe,0xfe,0xfe,0xfe,0xfe,0xfe,0xfe,0xfe,0xfe,0xfe,0xfe,0xfd,0xfd,0xff,
  0xfd,0xff,0x77,0x02,0x06,0x02,0x00,0x00,0x00,0x00,0x00,0x00,0x00,0x00,0x00,0x00,
  0x00,0x00,0x00,0x00,0x00,0x00,0x00,0x00,0x00,0x00,0x00,0x03,0x00,0x4a,0xf5,0xee,
  0xf4,0xfd,0xfd,0xfd,0xfe,0xfe,0xfe,0xfe,0xfd,0xfd,0xfe,0xfe,0xfe,0xfe,0xfe,0xfe,
  0xfe,0xfe,0xfe,0xfe,0xfe,0xfe,0xfe,0xfe,0xfd,0xfd,0xfe,0xfe,0xfe,0xfe,0xfe,0xfe,
  0xfe,0xfe,0xfe,0xfe,0xfe,0xfe,0xfe,0xfe,0xfe,0xfe,0xfe,0xfe,0xfe,0xfe,0xfe,0xfe,
  0xfe,0xfe,0xfe,0xfe,0xfe,0xfe,0xfe,0xfe,0xfe,0xfe,0xfe,0xfe,0xfd,0xfd,0xfd,0xf2,
  0xe8,0xf1,0x6a,0x00,0x04,0x00,0x00,0x00,0x00,0x00,0x00,0x00,0x00,0x00,0x00,0x00,
  0x00,0x00,0x00,0x00,0x00,0x00,0x00,0x00,0x00,0x00,0x00,0x00,0x00,0x08,0x1e,0x1b,
  0x24,0xde,0xff,0xfb,0xfd,0xfe,0xfe,0xfe,0xfd,0xfd,0xfe,0xfe,0xfe,0xfe,0xfe,0xfe,
  0xfe,0xfe,0xfe,0xfe,0xfe,0xfe,0xfe,0xfd,0xfd,0xfd,0xfe,0xfe,0xfe,0xfe,0xfe,0xfe,
  0xfe,0xfe,0xfe,0xfe,0xfe,0xfe,0xfe,0xfe,0xfe,0xfe,0xfe,0xfe,0xfe,0xfe,0xfe,0xfe,
  0xfe,0xfe,0xfe,0xfe,0xfe,0xfe,0xfe,0xfe,0xfe,0xfd,0xfd,0xfd,0xfd,0xfc,0xff,0x4e,
  0x14,0x1b,0x0a,0x00,0x00,0x00,0x00,0x00,0x00,0x00,0x00,0x00,0x00,0x00,0x00,0x00,
  0x00,0x00,0x00,0x00,0x00,0x00,0x00,0x00,0x00,0x00,0x00,0x00,0x00,0x00,0x00,0x00,
  0x00,0xd4,0xfc,0xf8,0xfc,0xfd,0xfd,0xfe,0xfe,0xfe,0xfe,0xfe,0xfe,0xfe,0xfe,0xfe,
  0xfe,0xfe,0xfe,0xfe,0xfe,0xfe,0xfe,0xfd,0xfd,0xfd,0xfe,0xfe,0xfe,0xfe,0xfe,0xfe,
  0xfe,0xfe,0xfe,0xfe,0xfe,0xfe,0xfe,0xfe,0xfe,0xfe,0xfe,0xfe,0xfe,0xfe,0xfe,0xfe,
  0xfe,0xfe,0xfe,0xfe,0xfe,0xfe,0xfe,0xfe,0xfd,0xfd,0xfd,0xfc,0xfa,0xf9,0xfc,0x35,
  0x00,0x00,0x00,0x00,0x00,0x00,0x00,0x00,0x00,0x00,0x00,0x00,0x00,0x00,0x00,0x00,
  0x00,0x00,0x00,0x00,0x00,0x00,0x00,0x00,0x00,0x00,0x00,0x00,0x00,0x00,0x03,0x02,
  0x06,0xe3,0xff,0xff,0xff,0xfd,0xfd,0xfd,0xfd,0xfe,0xfe,0xfe,0xfe,0xfd,0xfd,0xfd,
  0xfe,0xfe,0xfe,0xfe,0xfe,0xfe,0xfe,0xfd,0xfd,0xfd,0xfe,0xfe,0xfe,0xfe,0xfe,0xfe,
  0xfe,0xfe,0xfe,0xfe,0xfe,0xfe,0xfe,0xfe,0xfe,0xfe,0xfe,0xfe,0xfe,0xfe,0xfe,0xfe,
  0xfe,0xfe,0xfe,0xfe,0xfe,0xfd,0xfd,0xfd,0xfd,0xfd,0xfd,0xff,0xff,0xff,0xff,0x3b,
  0x01,0x04,0x01,0x00,0x00,0x00,0x00,0x00,0x00,0x00,0x00,0x00,0x00,0x00,0x00,0x00,
  0x00,0x00,0x00,0x00,0x00,0x00,0x00,0x00,0x00,0x00,0x00,0x00,0x00,0x00,0x00,0x00,
  0x01,0x44,0x59,0x56,0xb8,0xff,0xfa,0xfd,0xfd,0xfd,0xfd,0xfe,0xfe,0xfd,0xfd,0xfd,
  0xfe,0xfe,0xfe,0xfe,0xfe,0xfe,0xfe,0xfd,0xfd,0xfd,0xfe,0xfe,0xfe,0xfe,0xfe,0xfe,
  0xfe,0xfe,0xfe,0xfe,0xfe,0xfe,0xfe,0xfe,0xfe,0xfe,0xfe,0xfe,0xfe,0xfe,0xfd,0xfd,
  0xfd,0xfe,0xfe,0xfe,0xfe,0xfd,0xfd,0xfd,0xfd,0xfb,0xfe,0xd6,0x55,0x54,0x54,0x12,
  0x00,0x01,0x00,0x00,0x00,0x00,0x00,0x00,0x00,0x00,0x00,0x00,0x00,0x00,0x00,0x00,
  0x00,0x00,0x00,0x00,0x00,0x00,0x00,0x00,0x00,0x00,0x00,0x00,0x00,0x00,0x00,0x00,
  0x00,0x00,0x00,0x00,0x86,0xfd,0xf7,0xfb,0xfb,0xfb,0xfb,0xfb,0xfd,0xfe,0xfd,0xfe,
  0xfe,0xfe,0xfe,0xfe,0xfe,0xfe,0xfe,0xfd,0xfd,0xfd,0xfe,0xfe,0xfe,0xfe,0xfe,0xfe,
  0xfe,0xfe,0xfe,0xfe,0xfe,0xfe,0xfe,0xfe,0xfe,0xfe,0xfe,0xfe,0xfe,0xfe,0xfe,0xfd,
  0xfd,0xfd,0xfe,0xfd,0xfb,0xfb,0xfb,0xfb,0xfb,0xf8,0xfd,0xb7,0x00,0x00,0x00,0x00,
  0x00,0x00,0x00,0x00,0x00,0x00,0x00,0x00,0x00,0x00,0x00,0x00,0x00,0x00,0x00,0x00,
  0x00,0x00,0x00,0x00,0x00,0x00,0x00,0x00,0x00,0x00,0x00,0x00,0x00,0x00,0x00,0x00,
  0x00,0x03,0x08,0x03,0x96,0xff,0xff,0xff,0xff,0xff,0xff,0xff,0xff,0xfe,0xfe,0xfe,
  0xfe,0xfe,0xfe,0xfe,0xfe,0xfe,0xfe,0xfd,0xfd,0xfd,0xfe,0xfe,0xfe,0xfe,0xfe,0xfe,
  0xfe,0xfe,0xfe,0xfe,0xfe,0xfe,0xfe,0xfe,0xfe,0xfe,0xfe,0xfe,0xfe,0xfe,0xfe,0xfe,
  0xfd,0xfd,0xfd,0xff,0xff,0xff,0xff,0xff,0xff,0xff,0xff,0xc4,0x03,0x05,0x03,0x01,
  0x00,0x00,0x00,0x00,0x00,0x00,0x00,0x00,0x00,0x00,0x00,0x00,0x00,0x00,0x00,0x00,
  0x00,0x00,0x00,0x00,0x00,0x00,0x00,0x00,0x00,0x00,0x00,0x00,0x00,0x00,0x00,0x00,
  0x00,0x00,0x03,0x00,0x77,0xda,0xd0,0xcf,0xd3,0xd4,0xd2,0xd1,0xe8,0xfe,0xfd,0xfe,
  0xfe,0xfe,0xfe,0xfe,0xfe,0xfe,0xfe,0xfd,0xfd,0xfd,0xfe,0xfe,0xfe,0xfe,0xfe,0xfe,
  0xfd,0xfd,0xfd,0xfd,0xfe,0xfd,0xfd,0xfd,0xfd,0xfe,0xfe,0xfe,0xfe,0xfe,0xfe,0xfe,
  0xfd,0xfd,0xfd,0xf1,0xd8,0xd6,0xd0,0xcf,0xd0,0xd0,0xd6,0x9c,0x00,0x02,0x00,0x00,
  0x00,0x00,0x00,0x00,0x00,0x00,0x00,0x00,0x00,0x00,0x00,0x00,0x00,0x00,0x00,0x00,
  0x00,0x00,0x00,0x00,0x00,0x00,0x00,0x00,0x00,0x00,0x00,0x00,0x00,0x00,0x00,0x00,
  0x00,0x00,0x00,0x00,0x01,0x05,0x03,0x00,0x02,0x03,0x05,0x00,0x79,0xff,0xfa,0xfe,
  0xfe,0xfe,0xfe,0xfe,0xfd,0xfd,0xfe,0xfd,0xfd,0xfc,0xfa,0xfa,0xfa,0xfa,0xfa,0xfa,
  0xfa,0xfa,0xfa,0xfa,0xfa,0xfa,0xfb,0xfd,0xfd,0xfd,0xfd,0xfe,0xfe,0xfe,0xfe,0xfe,
  0xfe,0xfa,0xff,0xad,0x04,0x07,0x00,0x00,0x00,0x01,0x02,0x01,0x00,0x00,0x00,0x00,
  0x00,0x00,0x00,0x00,0x00,0x00,0x00,0x00,0x00,0x00,0x00,0x00,0x00,0x00,0x00,0x00,
  0x00,0x00,0x00,0x00,0x00,0x00,0x00,0x00,0x00,0x00,0x00,0x00,0x00,0x00,0x00,0x00,
  0x00,0x00,0x00,0x00,0x00,0x00,0x00,0x00,0x00,0x00,0x03,0x00,0x77,0xff,0xf9,0xfe,
  0xfe,0xfe,0xfe,0xfe,0xfe,0xfd,0xfd,0xfd,0xfd,0xff,0xff,0xff,0xff,0xff,0xff,0xff,
  0xff,0xff,0xff,0xff,0xff,0xff,0xff,0xfd,0xfd,0xfd,0xfd,0xfd,0xfe,0xfe,0xfe,0xfe,
  0xfd,0xfa,0xff,0xac,0x00,0x02,0x00,0x00,0x00,0x00,0x00,0x00,0x00,0x00,0x00,0x00,
  0x00,0x00,0x00,0x00,0x00,0x00,0x00,0x00,0x00,0x00,0x00,0x00,0x00,0x00,0x00,0x00,
  0x00,0x00,0x00,0x00,0x00,0x00,0x00,0x00,0x00,0x00,0x00,0x00,0x00,0x00,0x00,0x00,
  0x00,0x00,0x00,0x00,0x00,0x01,0x01,0x01,0x01,0x01,0x04,0x01,0x75,0xfc,0xf6,0xfb,
  0xfe,0xfe,0xfe,0xfe,0xfe,0xfd,0xfd,0xf9,0xfc,0xcf,0x53,0x54,0x51,0x52,0x51,0x50,
  0x51,0x53,0x52,0x51,0x55,0x53,0xb4,0xfc,0xf8,0xfc,0xfd,0xfd,0xfd,0xfe,0xfe,0xfd,
  0xfb,0xf7,0xfb,0xab,0x01,0x04,0x00,0x00,0x01,0x01,0x01,0x00,0x00,0x00,0x00,0x00,
  0x00,0x00,0x00,0x00,0x00,0x00,0x00,0x00,0x00,0x00,0x00,0x00,0x00,0x00,0x00,0x00,
  0x00,0x00,0x00,0x00,0x00,0x00,0x00,0x00,0x00,0x00,0x00,0x00,0x00,0x00,0x00,0x00,
  0x00,0x00,0x00,0x00,0x00,0x00,0x00,0x00,0x00,0x00,0x04,0x00,0x7b,0xff,0xff,0xff,
  0xfd,0xfd,0xfd,0xfd,0xfd,0xfd,0xff,0xff,0xff,0xba,0x00,0x00,0x00,0x00,0x00,0x00,
  0x00,0x00,0x00,0x00,0x00,0x00,0x87,0xff,0xff,0xff,0xfd,0xfd,0xfd,0xfd,0xfd,0xfd,
  0xff,0xff,0xff,0xb6,0x00,0x03,0x00,0x00,0x00,0x00,0x00,0x00,0x00,0x00,0x00,0x00,
  0x00,0x00,0x00,0x00,0x00,0x00,0x00,0x00,0x00,0x00,0x00,0x00,0x00,0x00,0x00,0x00,
  0x00,0x00,0x00,0x00,0x00,0x00,0x00,0x00,0x00,0x00,0x00,0x00,0x00,0x00,0x00,0x00,
  0x00,0x00,0x00,0x00,0x00,0x00,0x00,0x00,0x00,0x00,0x01,0x00,0x28,0x61,0x5d,0x93,
  0xfe,0xfb,0xfd,0xfd,0xfd,0xfe,0xf5,0xc4,0xc4,0x86,0x04,0x05,0x03,0x03,0x03,0x03,
  0x03,0x04,0x03,0x03,0x07,0x04,0x65,0xc6,0xbc,0xe8,0xfe,0xfc,0xfd,0xfd,0xfb,0xfe,
  0xb9,0x61,0x65,0x3e,0x00,0x01,0x00,0x00,0x00,0x00,0x00,0x00,0x00,0x00,0x00,0x00,
  0x00,0x00,0x00,0x00,0x00,0x00,0x00,0x00,0x00,0x00,0x00,0x00,0x00,0x00,0x00,0x00,
  0x00,0x00,0x00,0x00,0x00,0x00,0x00,0x00,0x00,0x00,0x00,0x00,0x00,0x00,0x00,0x00,
  0x00,0x00,0x00,0x00,0x00,0x00,0x00,0x00,0x00,0x00,0x00,0x00,0x00,0x00,0x00,0x3f,
  0xff,0xfb,0xfc,0xfc,0xfa,0xff,0xd7,0x01,0x00,0x00,0x00,0x00,0x00,0x00,0x00,0x00,
  0x00,0x00,0x00,0x00,0x00,0x00,0x00,0x00,0x00,0xa0,0xff,0xf9,0xfd,0xfd,0xf8,0xff,
  0x7f,0x00,0x00,0x00,0x00,0x00,0x00,0x00,0x00,0x00,0x00,0x00,0x00,0x00,0x00,0x00,
  0x00,0x00,0x00,0x00,0x00,0x00,0x00,0x00,0x00,0x00,0x00,0x00,0x00,0x00,0x00,0x00,
  0x00,0x00,0x00,0x00,0x00,0x00,0x00,0x00,0x00,0x00,0x00,0x00,0x00,0x00,0x00,0x00,
  0x00,0x00,0x00,0x00,0x00,0x00,0x00,0x00,0x00,0x00,0x00,0x00,0x02,0x07,0x04,0x4c,
  0xfd,0xf9,0xfa,0xfa,0xf8,0xfd,0xd4,0x05,0x01,0x02,0x00,0x00,0x00,0x00,0x00,0x00,
  0x00,0x00,0x00,0x00,0x00,0x00,0x01,0x04,0x02,0x9c,0xfd,0xf7,0xfb,0xfa,0xf6,0xfd,
  0x87,0x04,0x08,0x02,0x00,0x00,0x00,0x00,0x00,0x00,0x00,0x00,0x00,0x00,0x00,0x00,
  0x00,0x00,0x00,0x00,0x00,0x00,0x00,0x00,0x00,0x00,0x00,0x00,0x00,0x00,0x00,0x00,
  0x00,0x00,0x00,0x00,0x00,0x00,0x00,0x00,0x00,0x00,0x00,0x00,0x00,0x00,0x00,0x00,
  0x00,0x00,0x00,0x00,0x00,0x00,0x00,0x00,0x00,0x00,0x00,0x00,0x00,0x03,0x00,0x4a,
  0xff,0xff,0xff,0xff,0xff,0xff,0xd6,0x02,0x00,0x01,0x00,0x00,0x00,0x00,0x00,0x00,
  0x00,0x00,0x00,0x00,0x00,0x00,0x00,0x04,0x00,0x9d,0xff,0xff,0xff,0xff,0xff,0xff,
  0x88,0x00,0x04,0x00,0x00,0x00,0x00,0x00,0x00,0x00,0x00,0x00,0x00,0x00,0x00,0x00,
  0x00,0x00,0x00,0x00,0x00,0x00,0x00,0x00,0x00,0x00,0x00,0x00,0x00,0x00,0x00,0x00,
  0x00,0x00,0x00,0x00,0x00,0x00,0x00,0x00,0x00,0x00,0x00,0x00,0x00,0x00,0x00,0x00,
  0x00,0x00,0x00,0x00,0x00,0x00,0x00,0x00,0x00,0x00,0x00,0x00,0x00,0x01,0x00,0x10,
  0x3e,0x40,0x41,0x40,0x3e,0x3f,0x30,0x00,0x00,0x00,0x00,0x00,0x00,0x00,0x00,0x00,
  0x00,0x00,0x00,0x00,0x00,0x00,0x00,0x01,0x00,0x24,0x42,0x3b,0x3f,0x43,0x3e,0x40,
  0x1f,0x00,0x01,0x00,0x00,0x00,0x00,0x00,0x00,0x00,0x00,0x00,0x00,0x00,0x00,0x00,
  0x00,0x00,0x00,0x00,0x00,0x00,0x00,0x00,0x00,0x00,0x00,0x00,0x00,0x00,0x00,0x00,
  0x00,0x00,0x00,0x00,0x00,0x00,0x00,0x00,0x00,0x00,0x00,0x00,0x00,0x00,0x00,0x00,
  0x00,0x00,0x00,0x00,0x00,0x00,0x00,0x00,0x00,0x00,0x00,0x00,0x00,0x00,0x00,0x00,
  0x00,0x00,0x00,0x00,0x00,0x00,0x00,0x00,0x00,0x00,0x00,0x00,0x00,0x00,0x00,0x00,
  0x00,0x00,0x00,0x00,0x00,0x00,0x00,0x00,0x00,0x00,0x00,0x00,0x00,0x00,0x00,0x00,
  0x00,0x00,0x00,0x00,0x00,0x00,0x00,0x00,0x00,0x00,0x00,0x00,0x00,0x00,0x00,0x00,
  0x00,0x00,0x00,0x00,0x00,0x00,0x00,0x00,0x00,0x00,0x00,0x00,0x00,0x00,0x00,0x00,
  0x00,0x00,0x00,0x00,0x00,0x00,0x00,0x00,0x00,0x00,0x00,0x00,0x00,0x00,0x00,0x00,
  0x00,0x00,0x00,0x00,0x00,0x00,0x00,0x00,0x00,0x00,0x00,0x00,0x00,0x00,0x00,0x01,
  0x03,0x03,0x03,0x03,0x03,0x03,0x02,0x00,0x00,0x00,0x00,0x00,0x00,0x00,0x00,0x00,
  0x00,0x00,0x00,0x00,0x00,0x00,0x00,0x00,0x00,0x02,0x03,0x03,0x03,0x03,0x03,0x03,
  0x01,0x00,0x00,0x00,0x00,0x00,0x00,0x00,0x00,0x00,0x00,0x00,0x00,0x00,0x00,0x00,
  0x00,0x00,0x00,0x00,0x00,0x00,0x00,0x00,0x00,0x00,0x00,0x00,0x00,0x00,0x00,0x00,
  0x00,0x00,0x00,0x00,0x00,0x00,0x00,0x00,0x00,0x00,0x00,0x00,0x00,0x00,0x00,0x00,
  0x00,0x00,0x00,0x00,0x00,0x00,0x00,0x00,0x00,0x00,0x00,0x00,0x00,0x00,0x00,0x00,
  0x00,0x00,0x00,0x00,0x00,0x00,0x00,0x00,0x00,0x00,0x00,0x00,0x00,0x00,0x00,0x00,
  0x00,0x00,0x00,0x00,0x00,0x00,0x00,0x00,0x00,0x00,0x00,0x00,0x00,0x00,0x00,0x00,
  0x00,0x00,0x00,0x00,0x00,0x00,0x00,0x00,0x00,0x00,0x00,0x00,0x00,0x00,0x00,0x00,
  0x00,0x00,0x00,0x00,0x00,0x00,0x00,0x00,0x00,0x00,0x00,0x00,0x00,0x00,0x00,0x00,
  0x00,0x00,0x00,0x00,0x00,0x00,0x00,0x00,0x00,0x00,0x00,0x00,0x00,0x00,0x00,0x00,
  0x00,0x00,0x00,0x00,0x00,0x00,0x00,0x00,0x00,0x00,0x00,0x00,0x00,0x00,0x00,0x00,
  0x00,0x00,0x00,0x00,0x00,0x00,0x00,0x00,0x00,0x00,0x00,0x00,0x00,0x00,0x00,0x00,
  0x00,0x00,0x00,0x00,0x00,0x00,0x00,0x00,0x00,0x00,0x00,0x00,0x00,0x00,0x00,0x00,
  0x00,0x00,0x00,0x00,0x00,0x00,0x00,0x00,0x00,0x00,0x00,0x00,0x00,0x00,0x00,0x00,
  0x00,0x00,0x00,0x00,0x00,0x00,0x00,0x00,0x00,0x00,0x00,0x00,0x00,0x00,0x00,0x00,
  0x00,0x00,0x00,0x00,0x00,0x00,0x00,0x00,0x00,0x00,0x00,0x00,0x00,0x00,0x00,0x00,
  0x00,0x00,0x00,0x00,0x00,0x00,0x00,0x00,0x00,0x00,0x00,0x00,0x00,0x00,0x00,0x00,
  0x00,0x00,0x00,0x00,0x00,0x00,0x00,0x00,0x00,0x00,0x00,0x00,0x00,0x00,0x00,0x00,
  0x00,0x00,0x00,0x00,0x00,0x00,0x00,0x00,0x00,0x00,0x00,0x00,0x00,0x00,0x00,0x00,
  0x00,0x00,0x00,0x00,0x00,0x00,0x00,0x00,0x00,0x00,0x00,0x00,0x00,0x00,0x00,0x00,
  0x00,0x00,0x00,0x00,0x00,0x00,0x00,0x00,0x00,0x00,0x00,0x00,0x00,0x00,0x00,0x00,
  0x00,0x00,0x00,0x00,0x00,0x00,0x00,0x00,0x00,0x00,0x00,0x00,0x00,0x00,0x00,0x00,
  0x00,0x00,0x00,0x00,0x00,0x00,0x00,0x00,0x00,0x00,0x00,0x00,0x00,0x00,0x00,0x00,
  0x00,0x00,0x00,0x00,0x00,0x00,0x00,0x00,0x00,0x00,0x00,0x00,0x00,0x00,0x00,0x00,
  0x00,0x00,0x00,0x00,0x00,0x00,0x00,0x00,0x00,0x00,0x00,0x00,0x00,0x00,0x00,0x00,
  0x00,0x00,0x00,0x00,0x00,0x00,0x00,0x00,0x00,0x00,0x00,0x00,0x00,0x00,0x00,0x00,
  0x00,0x00,0x00,0x00,0x00,0x00,0x00,0x00,0x00,0x00,0x00,0x00,0x00,0x00,0x00,0x00,
  0x00,0x00,0x00,0x00,0x00,0x00,0x00,0x00,0x00,0x00,0x00,0x00,0x00,0x00,0x00,0x00,
  0x00,0x00,0x00,0x00,0x00,0x00,0x00,0x00,0x00,0x00,0x00,0x00,0x00,0x00,0x00,0x00,
  0x00,0x00,0x00,0x00,0x00,0x00,0x00,0x00,0x00,0x00,0x00,0x00,0x00,0x00,0x00,0x00,
  0x00,0x00,0x00,0x00,0x00,0x00,0x00,0x00,0x00,0x00,0x00,0x00,0x00,0x00,0x00,0x00,
  0x00,0x00,0x00,0x00,0x00,0x00,0x00,0x00,0x00,0x00,0x00,0x00,0x00,0x00,0x00,0x00,
  0x00,0x00,0x00,0x00,0x00,0x00,0x00,0x00,0x00,0x00,0x00,0x00,0x00,0x00,0x00,0x00,
  0x00,0x00,0x00,0x00,0x00,0x00,0x00,0x00,0x00,0x00,0x00,0x00,0x00,0x00,0x00,0x00,
  0x00,0x00,0x00,0x00,0x00,0x00,0x00,0x00,0x00,0x00,0x00,0x00,0x00,0x00,0x00,0x00,
  0x00,0x00,0x00,0x00,0x00,0x00,0x00,0x00,0x00,0x00,0x00,0x00,0x00,0x00,0x00,0x00,
  0x00,0x00,0x00,0x00,0x00,0x00,0x00,0x00,0x00,0x00,0x00,0x00,0x00,0x00,0x00,0x00,
  0x00,0x00,0x00,0x00,0x00,0x00,0x00,0x00,0x00,0x00,0x00,0x00,0x00,0x00,0x00,0x00,
  0x00,0x00,0x00,0x00,0x00,0x00,0x00,0x00,0x00,0x00,0x00,0x00,0x00,0x00,0x00,0x00,
  0x00,0x00,0x00,0x00,0x00,0x00,0x00,0x00,0x00,0x00,0x00,0x00,0x00,0x00,0x00,0x00,
  0x00,0x00,0x00,0x00,0x00,0x00,0x00,0x00,0x00,0x00,0x00,0x00,0x00,0x00,0x00,0x00,
  0x00,0x00,0x00,0x00,0x00,0x00,0x00,0x00,0x00,0x00,0x00,0x00,0x00,0x00,0x00,0x00,
  0x00,0x00,0x00,0x00,0x00,0x00,0x00,0x00,0x00,0x00,0x00,0x00,0x00,0x00,0x00,0x00,
  0x00,0x00,0x00,0x00,0x00,0x00,0x00,0x00,0x00,0x00,0x00,0x00,0x00,0x00,0x00,0x00,
  0x00,0x00,0x00,0x00,0x00,0x00,0x00,0x00,0x00,0x00,0x00,0x00,0x00,0x00,0x00,0x00,
  0x00,0x00,0x00,0x00,0x00,0x00,0x00,0x00,0x00,0x00,0x00,0x00,0x00,0x00,0x00,0x00,
  0x00,0x00,0x00,0x00,0x00,0x00,0x00,0x00,0x00,0x00,0x00,0x00,0x00,0x00,0x00,0x00,
  0x00,0x00,0x00,0x00,0x00,0x00,0x00,0x00,0x00,0x00,0x00,0x00,0x00,0x00,0x00,0x00,
  0x00,0x00,0x00,0x00,0x00,0x00,0x00,0x00,0x00,0x00,0x00,0x00,0x00,0x00,0x00,0x00,
  0x00,0x00,0x00,0x00,0x00,0x00,0x00,0x00,0x00,0x00,0x00,0x00,0x00,0x00,0x00,0x00,
  0x00,0x00,0x00,0x00,0x00,0x00,0x00,0x00,0x00,0x00,0x00,0x00,0x00,0x00,0x00,0x00,
};

static const lv_image_dsc_t img_scene_finish = {
  .header.w = 96,
  .header.h = 96,
  .header.stride = 192,
  .header.cf = LV_COLOR_FORMAT_RGB565A8,
  .data = img_scene_finish_map,
  .data_size = sizeof(img_scene_finish_map),
};

static const LV_ATTRIBUTE_MEM_ALIGN uint8_t img_scene_giveup_map[] = {
  0x00,0x00,0x00,0x00,0x00,0x00,0x00,0x00,0x00,0x00,0x00,0x00,0x00,0x00,0x00,0x00,
  0x00,0x00,0x00,0x00,0x00,0x00,0x00,0x00,0x00,0x00,0x00,0x00,0x00,0x00,0x00,0x00,
  0x00,0x00,0x00,0x00,0x00,0x00,0x00,0x00,0x00,0x00,0x00,0x00,0x00,0x00,0x00,0x00,
  0x00,0x00,0x00,0x00,0x00,0x00,0x00,0x00,0x00,0x00,0x00,0x00,0x00,0x00,0x00,0x00,
  0x00,0x00,0x00,0x00,0x00,0x00,0x00,0x00,0x00,0x00,0x00,0x00,0x00,0x00,0x00,0x00,
  0x00,0x00,0x00,0x00,0x00,0x00,0x00,0x00,0x00,0x00,0x00,0x00,0x00,0x00,0x00,0x00,
  0x00,0x00,0x00,0x00,0x00,0x00,0x00,0x00,0x00,0x00,0x00,0x00,0x00,0x00,0x00,0x00,
  0x00,0x00,0x00,0x00,0x00,0x00,0x00,0x00,0x00,0x00,0x00,0x00,0x00,0x00,0x00,0x00,
  0x00,0x00,0x00,0x00,0x00,0x00,0x00,0x00,0x00,0x00,0x00,0x00,0x00,0x00,0x00,0x00,
  0x00,0x00,0x00,0x00,0x00,0x00,0x00,0x00,0x00,0x00,0x00,0x00,0x00,0x00,0x00,0x00,
  0x00,0x00,0x00,0x00,0x00,0x00,0x00,0x00,0x00,0x00,0x00,0x00,0x00,0x00,0x00,0x00,
  0x00,0x00,0x00,0x00,0x00,0x00,0x00,0x00,0x00,0x00,0x00,0x00,0x00,0x00,0x00,0x00,
  0x00,0x00,0x00,0x00,0x00,0x00,0x00,0x00,0x00,0x00,0x00,0x00,0x00,0x00,0x00,0x00,
  0x00,0x00,0x00,0x00,0x00,0x00,0x00,0x00,0x00,0x00,0x00,0x00,0x00,0x00,0x00,0x00,
  0x00,0x00,0x00,0x00,0x00,0x00,0x00,0x00,0x00,0x00,0x00,0x00,0x00,0x00,0x00,0x00,
  0x00,0x00,0x00,0x00,0x00,0x00,0x00,0x00,0x00,0x00,0x00,0x00,0x00,0x00,0x00,0x00,
  0x00,0x00,0x00,0x00,0x00,0x00,0x00,0x00,0x00,0x00,0x00,0x00,0x00,0x00,0x00,0x00,
  0x00,0x00,0x00,0x00,0x00,0x00,0x00,0x00,0x00,0x00,0x00,0x00,0x00,0x00,0x00,0x00,
  0x00,0x00,0x00,0x00,0x00,0x00,0x00,0x00,0x00,0x00,0x00,0x00,0x00,0x00,0x00,0x00,
  0x00,0x00,0x00,0x00,0x00,0x00,0x00,0x00,0x00,0x00,0x00,0x00,0x00,0x00,0x00,0x00,
  0x00,0x00,0x00,0x00,0x00,0x00,0x00,0x00,0x00,0x00,0x00,0x00,0x00,0x00,0x00,0x00,
  0x00,0x00,0x00,0x00,0x00,0x00,0x00,0x00,0x00,0x00,0x00,0x00,0x00,0x00,0x00,0x00,
  0x00,0x00,0x00,0x00,0x00,0x00,0x00,0x00,0x00,0x00,0x00,0x00,0x00,0x00,0x00,0x00,
  0x00,0x00,0x00,0x00,0x00,0x00,0x00,0x00,0x00,0x00,0x00,0x00,0x00,0x00,0x00,0x00,
  0x00,0x00,0x00,0x00,0x00,0x00,0x00,0x00,0x00,0x00,0x00,0x00,0x00,0x00,0x00,0x00,
  0x00,0x00,0x00,0x00,0x00,0x00,0x00,0x00,0x00,0x00,0x00,0x00,0x00,0x00,0x00,0x00,
  0x00,0x00,0x00,0x00,0x00,0x00,0x00,0x00,0x00,0x00,0x00,0x00,0x00,0x00,0x00,0x00,
  0x00,0x00,0x00,0x00,0x00,0x00,0x00,0x00,0x00,0x00,0x00,0x00,0x00,0x00,0x00,0x00,
  0x00,0x00,0x00,0x00,0x00,0x00,0x00,0x00,0x00,0x00,0x00,0x00,0x00,0x00,0x00,0x00,
  0x00,0x00,0x00,0x00,0x00,0x00,0x00,0x00,0x00,0x00,0x00,0x00,0x00,0x00,0x00,0x00,
  0x00,0x00,0x00,0x00,0x00,0x00,0x00,0x00,0x00,0x00,0x00,0x00,0x00,0x00,0x00,0x00,
  0x00,0x00,0x00,0x00,0x00,0x00,0x00,0x00,0x00,0x00,0x00,0x00,0x00,0x00,0x00,0x00,
  0x00,0x00,0x00,0x00,0x00,0x00,0x00,0x00,0x00,0x00,0x00,0x00,0x00,0x00,0x00,0x00,
  0x00,0x00,0x00,0x00,0x00,0x00,0x00,0x00,0x00,0x00,0x00,0x00,0x00,0x00,0x00,0x00,
  0x00,0x00,0x00,0x00,0x00,0x00,0x00,0x00,0x00,0x00,0x00,0x00,0x00,0x00,0x00,0x00,
  0x00,0x00,0x00,0x00,0x00,0x00,0x00,0x00,0x00,0x00,0x00,0x00,0x00,0x00,0x00,0x00,
  0x00,0x00,0x00,0x00,0x00,0x00,0x00,0x00,0x00,0x00,0x00,0x00,0x00,0x00,0x00,0x00,
  0x00,0x00,0x00,0x00,0x00,0x00,0x00,0x00,0x00,0x00,0x00,0x00,0x00,0x00,0x00,0x00,
  0x00,0x00,0x00,0x00,0x00,0x00,0x00,0x00,0x00,0x00,0x00,0x00,0x00,0x00,0x00,0x00,
  0x00,0x00,0x00,0x00,0x00,0x00,0x00,0x00,0x00,0x00,0x00,0x00,0x00,0x00,0x00,0x00,
  0x00,0x00,0x00,0x00,0x00,0x00,0x00,0x00,0x00,0x00,0x00,0x00,0x00,0x00,0x00,0x00,
  0x00,0x00,0x00,0x00,0x00,0x00,0x00,0x00,0x00,0x00,0x00,0x00,0x00,0x00,0x00,0x00,
  0x00,0x00,0x00,0x00,0x00,0x00,0x00,0x00,0x00,0x00,0x00,0x00,0x00,0x00,0x00,0x00,
  0x00,0x00,0x00,0x00,0x00,0x00,0x00,0x00,0x00,0x00,0x00,0x00,0x00,0x00,0x00,0x00,
  0x00,0x00,0x00,0x00,0x00,0x00,0x00,0x00,0x00,0x00,0x00,0x00,0x00,0x00,0x00,0x00,
  0x00,0x00,0x00,0x00,0x00,0x00,0x00,0x00,0x00,0x00,0x00,0x00,0x00,0x00,0x00,0x00,
  0x00,0x00,0x00,0x00,0x00,0x00,0x00,0x00,0x00,0x00,0x00,0x00,0x00,0x00,0x00,0x00,
  0x00,0x00,0x00,0x00,0x00,0x00,0x00,0x00,0x00,0x00,0x00,0x00,0x00,0x00,0x00,0x00,
  0x00,0x00,0x00,0x00,0x00,0x00,0x00,0x00,0x00,0x00,0x00,0x00,0x00,0x00,0x00,0x00,
  0x00,0x00,0x00,0x00,0x00,0x00,0x00,0x00,0x00,0x00,0x00,0x00,0x00,0x00,0x00,0x00,
  0x00,0x00,0x00,0x00,0x00,0x00,0x00,0x00,0x00,0x00,0x00,0x00,0x00,0x00,0x00,0x00,
  0x00,0x00,0x00,0x00,0x00,0x00,0x00,0x00,0x00,0x00,0x00,0x00,0x00,0x00,0x00,0x00,
  0x00,0x00,0x00,0x00,0x00,0x00,0x00,0x00,0x00,0x00,0x00,0x00,0x00,0x00,0x00,0x00,
  0x00,0x00,0x00,0x00,0x00,0x00,0x00,0x00,0x00,0x00,0x00,0x00,0x00,0x00,0x00,0x00,
  0x00,0x00,0x00,0x00,0x00,0x00,0x00,0x00,0x00,0x00,0x00,0x00,0x00,0x00,0x00,0x00,
  0x00,0x00,0x00,0x00,0x00,0x00,0x00,0x00,0x00,0x00,0x00,0x00,0x00,0x00,0x00,0x00,
  0x00,0x00,0x00,0x00,0x00,0x00,0x00,0x00,0x00,0x00,0x00,0x00,0x00,0x00,0x00,0x00,
  0x00,0x00,0x00,0x00,0x00,0x00,0x00,0x00,0x00,0x00,0x00,0x00,0x00,0x00,0x00,0x00,
  0x00,0x00,0x00,0x00,0x00,0x00,0x00,0x00,0x00,0x00,0x00,0x00,0x00,0x00,0x00,0x00,
  0x00,0x00,0x00,0x00,0x00,0x00,0x00,0x00,0x00,0x00,0x00,0x00,0x00,0x00,0x00,0x00,
  0x00,0x00,0x00,0x00,0x00,0x00,0x00,0x00,0x00,0x00,0x00,0x00,0x00,0x00,0x00,0x00,
  0x00,0x00,0x00,0x00,0x00,0x00,0x00,0x00,0x00,0x00,0x00,0x00,0x00,0x00,0x00,0x00,
  0x00,0x00,0x00,0x00,0x00,0x00,0x00,0x00,0x00,0x00,0x00,0x00,0x00,0x00,0x00,0x00,
  0x00,0x00,0x00,0x00,0x00,0x00,0x00,0x00,0x00,0x00,0x00,0x00,0x00,0x00,0x00,0x00,
  0x00,0x00,0x00,0x00,0x00,0x00,0x00,0x00,0x00,0x00,0x00,0x00,0x00,0x00,0x00,0x00,
  0x00,0x00,0x00,0x00,0x00,0x00,0x00,0x00,0x00,0x00,0x00,0x00,0x00,0x00,0x00,0x00,
  0x00,0x00,0x00,0x00,0x00,0x00,0x00,0x00,0x00,0x00,0x00,0x00,0x00,0x00,0x00,0x00,
  0x00,0x00,0x00,0x00,0x00,0x00,0x00,0x00,0x00,0x00,0x00,0x00,0x00,0x00,0x00,0x00,
  0x00,0x00,0x00,0x00,0x00,0x00,0x00,0x00,0x00,0x00,0x00,0x00,0x00,0x00,0x00,0x00,
  0x00,0x00,0x00,0x00,0x00,0x00,0x00,0x00,0x00,0x00,0x00,0x00,0x00,0x00,0x00,0x00,
  0x00,0x00,0x00,0x00,0x00,0x00,0x00,0x00,0x00,0x00,0x00,0x00,0x00,0x00,0x00,0x00,
  0x00,0x00,0x00,0x00,0x00,0x00,0x00,0x00,0x00,0x00,0x00,0x00,0x00,0x00,0x00,0x00,
  0x00,0x00,0x00,0x00,0x00,0x00,0x00,0x00,0x00,0x00,0x00,0x00,0x00,0x00,0x00,0x00,
  0x00,0x00,0x00,0x00,0x00,0x00,0x00,0x00,0x00,0x00,0x00,0x00,0x00,0x00,0x00,0x00,
  0x00,0x00,0x00,0x00,0x00,0x00,0x00,0x00,0x00,0x00,0x00,0x00,0x00,0x00,0x00,0x00,
  0x00,0x00,0x00,0x00,0x00,0x00,0x00,0x00,0x00,0x00,0x00,0x00,0x00,0x00,0x00,0x00,
  0x00,0x00,0x00,0x00,0x00,0x00,0x00,0x00,0x00,0x00,0x00,0x00,0x00,0x00,0x00,0x00,
  0x00,0x00,0x00,0x00,0x00,0x00,0x00,0x00,0x00,0x00,0x00,0x00,0x00,0x00,0x00,0x00,
  0x00,0x00,0x00,0x00,0x00,0x00,0x00,0x00,0x00,0x00,0x00,0x00,0x00,0x00,0x00,0x00,
  0x00,0x00,0x00,0x00,0x00,0x00,0x00,0x00,0x00,0x00,0x00,0x00,0x00,0x00,0x00,0x00,
  0x00,0x00,0x00,0x00,0x00,0x00,0x00,0x00,0x00,0x00,0x00,0x00,0x00,0x00,0x00,0x00,
  0x00,0x00,0x00,0x00,0x00,0x00,0x00,0x00,0x00,0x00,0x00,0x00,0x00,0x00,0x00,0x00,
  0x00,0x00,0x00,0x00,0x00,0x00,0x00,0x00,0x00,0x00,0x00,0x00,0x00,0x00,0x00,0x00,
  0x00,0x00,0x00,0x00,0x00,0x00,0x00,0x00,0x00,0x00,0x00,0x00,0x00,0x00,0x00,0x00,
  0x00,0x00,0x00,0x00,0x00,0x00,0x00,0x00,0x00,0x00,0x00,0x00,0x00,0x00,0x00,0x00,
  0x00,0x00,0x00,0x00,0x00,0x00,0x00,0x00,0x00,0x00,0x00,0x00,0x00,0x00,0x00,0x00,
  0x00,0x00,0x00,0x00,0x00,0x00,0x00,0x00,0x00,0x00,0x00,0x00,0x00,0x00,0x00,0x00,
  0x00,0x00,0x00,0x00,0x00,0x00,0x00,0x00,0x00,0x00,0x00,0x00,0x00,0x00,0x00,0x00,
  0x00,0x00,0x00,0x00,0x00,0x00,0x00,0x00,0x00,0x00,0x00,0x00,0x00,0x00,0x00,0x00,
  0x00,0x00,0x00,0x00,0x00,0x00,0x00,0x00,0x00,0x00,0x00,0x00,0x00,0x00,0x00,0x00,
  0x00,0x00,0x00,0x00,0x00,0x00,0x00,0x00,0x00,0x00,0x00,0x00,0x00,0x00,0x00,0x00,
  0x00,0x00,0x00,0x00,0x00,0x00,0x00,0x00,0x00,0x00,0x00,0x00,0x00,0x00,0x00,0x00,
  0x00,0x00,0x00,0x00,0x00,0x00,0x00,0x00,0x00,0x00,0x00,0x00,0x00,0x00,0x00,0x00,
  0x00,0x00,0x00,0x00,0x00,0x00,0x00,0x00,0x00,0x00,0x00,0x00,0x00,0x00,0x00,0x00,
  0x00,0x00,0x00,0x00,0x00,0x00,0x00,0x00,0x00,0x00,0x00,0x00,0x00,0x00,0x00,0x00,
  0x00,0x00,0x00,0x00,0x00,0x00,0x00,0x00,0x00,0x00,0x00,0x00,0x00,0x00,0x00,0x00,
  0x00,0x00,0x00,0x00,0x00,0x00,0x00,0x00,0x00,0x00,0x00,0x00,0x00,0x00,0x00,0x00,
  0x00,0x00,0x00,0x00,0x00,0x00,0x00,0x00,0x00,0x00,0x00,0x00,0x00,0x00,0x00,0x00,
  0x00,0x00,0x00,0x00,0x00,0x00,0x00,0x00,0x00,0x00,0x00,0x00,0x00,0x00,0x00,0x00,
  0x00,0x00,0x00,0x00,0x00,0x00,0x00,0x00,0x00,0x00,0x00,0x00,0x00,0x00,0x00,0x00,
  0x00,0x00,0x00,0x00,0x00,0x00,0x00,0x00,0x00,0x00,0x00,0x00,0x00,0x00,0x00,0x00,
  0x00,0x00,0x00,0x00,0x00,0x00,0x00,0x00,0x00,0x00,0x00,0x00,0x00,0x00,0x00,0x00,
  0x00,0x00,0x00,0x00,0x00,0x00,0x00,0x00,0x00,0x00,0x00,0x00,0x00,0x00,0x00,0x00,
  0x00,0x00,0x00,0x00,0x00,0x00,0x00,0x00,0x00,0x00,0x00,0x00,0x00,0x00,0x00,0x00,
  0x00,0x00,0x00,0x00,0x00,0x00,0x00,0x00,0x00,0x00,0x00,0x00,0x00,0x00,0x00,0x00,
  0x00,0x00,0x00,0x00,0x00,0x00,0x00,0x00,0x00,0x00,0x00,0x00,0x00,0x00,0x00,0x00,
  0x00,0x00,0x00,0x00,0x00,0x00,0x00,0x00,0x00,0x00,0x00,0x00,0x00,0x00,0x00,0x00,
  0x00,0x00,0x00,0x00,0x00,0x00,0x00,0x00,0x00,0x00,0x00,0x00,0x00,0x00,0x00,0x00,
  0x00,0x00,0x00,0x00,0x00,0x00,0x00,0x00,0x00,0x00,0x00,0x00,0x00,0x00,0x00,0x00,
  0x00,0x00,0x00,0x00,0x00,0x00,0x00,0x00,0x00,0x00,0x00,0x00,0x00,0x00,0x00,0x00,
  0x00,0x00,0x00,0x00,0x00,0x00,0x00,0x00,0x00,0x00,0x00,0x00,0x00,0x00,0x00,0x00,
  0x00,0x00,0x00,0x00,0x00,0x00,0x00,0x00,0x00,0x00,0x00,0x00,0x00,0x00,0x00,0x00,
  0x00,0x00,0x00,0x00,0x00,0x00,0x00,0x00,0x00,0x00,0x00,0x00,0x00,0x00,0x00,0x00,
  0x00,0x00,0x00,0x00,0x00,0x00,0x00,0x00,0x00,0x00,0x00,0x00,0x00,0x00,0x00,0x00,
  0x00,0x00,0x00,0x00,0x00,0x00,0x00,0x00,0x00,0x00,0x00,0x00,0x00,0x00,0x00,0x00,
  0x00,0x00,0x00,0x00,0x00,0x00,0x00,0x00,0x00,0x00,0x00,0x00,0x00,0x00,0x00,0x00,
  0x00,0x00,0x00,0x00,0x00,0x00,0x00,0x00,0x00,0x00,0x00,0x00,0x00,0x00,0x00,0x00,
  0x00,0x00,0x00,0x00,0x00,0x00,0x00,0x00,0x00,0x00,0x00,0x00,0x00,0x00,0x00,0x00,
  0x00,0x00,0x00,0x00,0x00,0x00,0x00,0x00,0x00,0x00,0x00,0x00,0x00,0x00,0x00,0x00,
  0x00,0x00,0x00,0x00,0x00,0x00,0x00,0x00,0x00,0x00,0x00,0x00,0x00,0x00,0x00,0x00,
  0x00,0x00,0x00,0x00,0x00,0x00,0x00,0x00,0x00,0x00,0x00,0x00,0x00,0x00,0x00,0x00,
  0x00,0x00,0x00,0x00,0x00,0x00,0x62,0x00,0x83,0x08,0x83,0x08,0x83,0x00,0x83,0x00,
  0x84,0x08,0x83,0x08,0x83,0x00,0x83,0x08,0x83,0x00,0x83,0x00,0x83,0x00,0x63,0x08,
  0x00,0x00,0x00,0x00,0x00,0x00,0x00,0x00,0x00,0x00,0x00,0x00,0x00,0x00,0x00,0x00,
  0x00,0x00,0x00,0x00,0x00,0x00,0x00,0x00,0x00,0x00,0x00,0x00,0x00,0x00,0x00,0x00,
  0x00,0x00,0x00,0x00,0x00,0x00,0x00,0x00,0x00,0x00,0x00,0x00,0x00,0x00,0x00,0x00,
  0x00,0x00,0x00,0x00,0x00,0x00,0x00,0x00,0x00,0x00,0x00,0x00,0x00,0x00,0x00,0x00,
  0x00,0x00,0x00,0x00,0x00,0x00,0x00,0x00,0x00,0x00,0x00,0x00,0x00,0x00,0x00,0x00,
  0x00,0x00,0x00,0x00,0x00,0x00,0x00,0x00,0x00,0x00,0x00,0x00,0x00,0x00,0x00,0x00,
  0x84,0x10,0x83,0x08,0x83,0x08,0x83,0x08,0x83,0x08,0x83,0x08,0x83,0x08,0x83,0x08,
  0x83,0x08,0x82,0x08,0x83,0x08,0x83,0x08,0x83,0x08,0x00,0x00,0x00,0x00,0x00,0x00,
  0x00,0x00,0x00,0x00,0x00,0x00,0x00,0x00,0x00,0x00,0x00,0x00,0x00,0x00,0x00,0x00,
  0x00,0x00,0x00,0x00,0x00,0x00,0x00,0x00,0x00,0x00,0x00,0x00,0x00,0x00,0x00,0x00,
  0x00,0x00,0x00,0x00,0xa2,0x00,0x83,0x08,0x83,0x08,0x83,0x08,0x83,0x08,0x83,0x08,
  0x83,0x08,0x83,0x08,0x83,0x08,0x83,0x08,0x83,0x08,0x83,0x08,0x83,0x08,0x83,0x08,
  0x00,0x00,0x00,0x00,0x00,0x00,0x00,0x00,0x00,0x00,0x00,0x00,0x00,0x00,0x00,0x00,
  0x00,0x00,0x00,0x00,0x00,0x00,0x00,0x00,0x00,0x00,0x00,0x00,0x00,0x00,0x00,0x00,
  0x00,0x00,0x00,0x00,0x00,0x00,0x00,0x00,0x00,0x00,0x00,0x00,0x00,0x00,0x00,0x00,
  0x00,0x00,0x00,0x00,0x00,0x00,0x00,0x00,0x00,0x00,0x00,0x00,0x00,0x00,0x00,0x00,
  0x00,0x00,0x00,0x00,0x00,0x00,0x00,0x00,0x00,0x00,0x00,0x00,0x00,0x00,0x00,0x00,
  0x00,0x00,0x00,0x00,0x00,0x00,0x00,0x00,0x00,0x00,0x00,0x00,0x00,0x00,0x00,0x00,
  0x83,0x08,0x83,0x08,0x83,0x08,0x83,0x08,0x83,0x08,0x83,0x08,0x83,0x08,0x83,0x08,
  0x83,0x08,0x83,0x08,0x83,0x08,0x83,0x08,0x83,0x08,0xa5,0x00,0x00,0x00,0x00,0x00,
  0x00,0x00,0x00,0x00,0x00,0x00,0x00,0x00,0x00,0x00,0x00,0x00,0x00,0x00,0x00,0x00,
  0x00,0x00,0x00,0x00,0x00,0x00,0x00,0x00,0x00,0x00,0x00,0x00,0x00,0x00,0x00,0x00,
  0x00,0x00,0x00,0x00,0x84,0x00,0x83,0x08,0x83,0x08,0x83,0x08,0x83,0x08,0xa4,0x08,
  0xa3,0x08,0xa4,0x08,0xa4,0x08,0xa4,0x08,0x83,0x08,0x83,0x08,0x83,0x08,0x83,0x08,
  0x00,0x00,0x00,0x00,0x00,0x00,0x00,0x00,0x00,0x00,0x00,0x00,0x00,0x00,0x00,0x00,
  0x00,0x00,0x00,0x00,0x00,0x00,0x00,0x00,0x00,0x00,0x00,0x00,0x00,0x00,0x00,0x00,
  0x00,0x00,0x00,0x00,0x00,0x00,0x00,0x00,0x00,0x00,0x00,0x00,0x00,0x00,0x00,0x00,
  0x00,0x00,0x00,0x00,0x00,0x00,0x00,0x00,0x00,0x00,0x00,0x00,0x00,0x00,0x00,0x00,
  0x00,0x00,0x00,0x00,0x00,0x00,0x00,0x00,0x00,0x00,0x00,0x00,0x00,0x00,0x00,0x00,
  0x00,0x00,0x00,0x00,0x00,0x00,0x00,0x00,0x00,0x00,0x00,0x00,0x00,0x00,0x00,0x00,
  0x83,0x08,0x83,0x08,0x83,0x08,0x83,0x08,0xa4,0x08,0xa4,0x08,0xa4,0x08,0xa4,0x08,
  0xa4,0x08,0xa3,0x08,0x83,0x08,0x83,0x08,0x83,0x08,0x63,0x08,0x00,0x00,0x00,0x00,
  0x00,0x00,0x00,0x00,0x00,0x00,0x00,0x00,0x00,0x00,0x00,0x00,0x00,0x00,0x00,0x00,
  0x00,0x00,0x00,0x00,0x00,0x00,0x00,0x00,0x00,0x00,0x00,0x00,0x00,0x00,0x00,0x00,
  0x00,0x00,0x00,0x00,0x84,0x00,0x83,0x08,0x83,0x08,0x83,0x08,0x63,0x08,0x41,0x08,
  0x42,0x08,0x62,0x08,0x42,0x08,0x41,0x08,0x63,0x08,0x83,0x08,0x83,0x08,0x83,0x08,
  0x00,0x00,0x00,0x00,0x00,0x00,0x00,0x00,0x00,0x00,0x00,0x00,0x00,0x00,0x00,0x00,
  0x00,0x00,0x00,0x00,0x00,0x00,0x00,0x00,0x00,0x00,0x00,0x00,0x00,0x00,0x00,0x00,
  0x00,0x00,0x00,0x00,0x00,0x00,0x00,0x00,0x00,0x00,0x00,0x00,0x00,0x00,0x00,0x00,
  0x00,0x00,0x00,0x00,0x00,0x00,0x00,0x00,0x00,0x00,0x00,0x00,0x00,0x00,0x00,0x00,
  0x00,0x00,0x00,0x00,0x00,0x00,0x00,0x00,0x00,0x00,0x00,0x00,0x00,0x00,0x00,0x00,
  0x00,0x00,0x00,0x00,0x00,0x00,0x00,0x00,0x00,0x00,0x00,0x00,0x00,0x00,0x00,0x00,
  0x83,0x08,0x83,0x08,0x83,0x08,0x83,0x08,0x42,0x08,0x62,0x08,0x62,0x08,0x62,0x08,
  0x41,0x08,0x62,0x08,0x83,0x08,0x83,0x08,0x83,0x08,0x63,0x00,0x00,0x00,0x00,0x00,
  0x00,0x00,0x00,0x00,0x00,0x00,0x00,0x00,0x00,0x00,0x00,0x00,0x00,0x00,0x00,0x00,
  0x00,0x00,0x00,0x00,0x00,0x00,0x00,0x00,0x00,0x00,0x00,0x00,0x00,0x00,0x00,0x00,
  0x00,0x00,0x00,0x00,0x84,0x00,0x83,0x08,0x83,0x08,0x83,0x08,0xe6,0x08,0xcc,0x01,
  0xcc,0x09,0xed,0x09,0xed,0x09,0xac,0x01,0xc5,0x08,0x83,0x08,0x83,0x08,0x83,0x08,
  0x83,0x08,0x83,0x08,0x83,0x08,0xa3,0x08,0x00,0x00,0x00,0x00,0x00,0x00,0x00,0x00,
  0x00,0x00,0x00,0x00,0x00,0x00,0x00,0x00,0x00,0x00,0x00,0x00,0x00,0x00,0x00,0x00,
  0x00,0x00,0x00,0x00,0x00,0x00,0x00,0x00,0x00,0x00,0x00,0x00,0x00,0x00,0x00,0x00,
  0x00,0x00,0x00,0x00,0x00,0x00,0x00,0x00,0x00,0x00,0x00,0x00,0x00,0x00,0x00,0x00,
  0x00,0x00,0x00,0x00,0x00,0x00,0x00,0x00,0x00,0x00,0x00,0x00,0x00,0x00,0x00,0x00,
  0x00,0x00,0x00,0x00,0x00,0x00,0x00,0x00,0xc5,0x08,0x83,0x08,0x83,0x08,0x83,0x08,
  0x83,0x08,0x83,0x08,0x83,0x08,0xa4,0x08,0xcc,0x09,0x0d,0x0a,0xed,0x09,0xcc,0x09,
  0xcc,0x09,0x07,0x09,0x83,0x08,0xa4,0x08,0x83,0x08,0x84,0x00,0x00,0x00,0x00,0x00,
  0x00,0x00,0x00,0x00,0x00,0x00,0x00,0x00,0x00,0x00,0x00,0x00,0x00,0x00,0x00,0x00,
  0x00,0x00,0x00,0x00,0x00,0x00,0x00,0x00,0x00,0x00,0x00,0x00,0x00,0x00,0x00,0x00,
  0x00,0x00,0x00,0x00,0x84,0x00,0x83,0x08,0xa4,0x08,0x42,0x08,0xcc,0x01,0xbf,0x04,
  0x5f,0x04,0x5f,0x04,0x5f,0x04,0x7f,0x04,0x6a,0x09,0x62,0x08,0xa4,0x08,0x83,0x08,
  0x83,0x08,0x83,0x08,0x83,0x08,0x63,0x08,0x00,0x00,0x00,0x00,0x00,0x00,0x00,0x00,
  0x00,0x00,0x00,0x00,0x00,0x00,0x00,0x00,0x00,0x00,0x00,0x00,0x00,0x00,0x00,0x00,
  0x00,0x00,0x00,0x00,0x00,0x00,0x00,0x00,0x00,0x00,0x00,0x00,0x00,0x00,0x00,0x00,
  0x00,0x00,0x00,0x00,0x00,0x00,0x00,0x00,0x00,0x00,0x00,0x00,0x00,0x00,0x00,0x00,
  0x00,0x00,0x00,0x00,0x00,0x00,0x00,0x00,0x00,0x00,0x00,0x00,0x00,0x00,0x00,0x00,
  0x00,0x00,0x00,0x00,0x00,0x00,0x00,0x00,0x83,0x08,0x83,0x08,0x83,0x08,0x83,0x08,
  0x83,0x08,0xa4,0x08,0x83,0x08,0x07,0x09,0x7e,0x04,0x7f,0x04,0x5f,0x04,0x3f,0x04,
  0x9f,0x04,0x0f,0x0a,0x41,0x08,0xa4,0x08,0x83,0x08,0x84,0x00,0x00,0x00,0x00,0x00,
  0x00,0x00,0x00,0x00,0x00,0x00,0x00,0x00,0x00,0x00,0x00,0x00,0x00,0x00,0x00,0x00,
  0x00,0x00,0x00,0x00,0x00,0x00,0x00,0x00,0x00,0x00,0x00,0x00,0x00,0x00,0x00,0x00,
  0x00,0x00,0x00,0x00,0x63,0x00,0x83,0x08,0xa4,0x08,0x41,0x08,0xab,0x01,0x7f,0x04,
  0x1e,0x04,0x1e,0x04,0x1e,0x04,0x3f,0x04,0x29,0x01,0x41,0x08,0x83,0x08,0x83,0x08,
  0x83,0x08,0x83,0x08,0x83,0x08,0x83,0x08,0x00,0x00,0x00,0x00,0x00,0x00,0x00,0x00,
  0x00,0x00,0x00,0x00,0x00,0x00,0x00,0x00,0x00,0x00,0x00,0x00,0x00,0x00,0x00,0x00,
  0x00,0x00,0x00,0x00,0x00,0x00,0x00,0x00,0x00,0x00,0x00,0x00,0x00,0x00,0x00,0x00,
  0x00,0x00,0x00,0x00,0x00,0x00,0x00,0x00,0x00,0x00,0x00,0x00,0x00,0x00,0x00,0x00,
  0x00,0x00,0x00,0x00,0x00,0x00,0x00,0x00,0x00,0x00,0x00,0x00,0x00,0x00,0x00,0x00,
  0x00,0x00,0x00,0x00,0x00,0x00,0x00,0x00,0x83,0x08,0x83,0x08,0x83,0x08,0x83,0x08,
  0x83,0x08,0x83,0x08,0x62,0x08,0xc5,0x00,0x1d,0x04,0x3f,0x04,0x1e,0x04,0x1e,0x04,
  0x3f,0x04,0xcd,0x09,0x41,0x08,0xa4,0x08,0x83,0x08,0x63,0x00,0x00,0x00,0x00,0x00,
  0x00,0x00,0x00,0x00,0x00,0x00,0x00,0x00,0x00,0x00,0x00,0x00,0x00,0x00,0x00,0x00,
  0x00,0x00,0x00,0x00,0x00,0x00,0x00,0x00,0x00,0x00,0x00,0x00,0x00,0x00,0x00,0x00,
  0x00,0x00,0x00,0x00,0x63,0x00,0x83,0x08,0x83,0x08,0x41,0x08,0xab,0x01,0x7f,0x04,
  0x3f,0x04,0x3f,0x04,0x3f,0x04,0x3f,0x04,0x8b,0x01,0xa3,0x08,0xc5,0x08,0x83,0x08,
  0x83,0x08,0x83,0x08,0x83,0x08,0x83,0x08,0xa2,0x00,0x61,0x08,0xe3,0x00,0x00,0x00,
  0x00,0x00,0x00,0x00,0x00,0x00,0x00,0x00,0x00,0x00,0x00,0x00,0x00,0x00,0x00,0x00,
  0x00,0x00,0x00,0x00,0x00,0x00,0x00,0x00,0x00,0x00,0x00,0x00,0x00,0x00,0x00,0x00,
  0x00,0x00,0x00,0x00,0x00,0x00,0x00,0x00,0x00,0x00,0x00,0x00,0x00,0x00,0x00,0x00,
  0x00,0x00,0x00,0x00,0x00,0x00,0x00,0x00,0x00,0x00,0x00,0x00,0x00,0x00,0x00,0x00,
  0x00,0x00,0xe3,0x00,0x63,0x08,0xa5,0x10,0xa4,0x08,0xa4,0x08,0xa4,0x08,0x83,0x08,
  0xa4,0x08,0xc5,0x08,0xa4,0x08,0x28,0x01,0x3e,0x04,0x3f,0x04,0x3f,0x04,0x1f,0x04,
  0x3f,0x04,0xce,0x09,0x62,0x08,0xa4,0x08,0x83,0x08,0x65,0x00,0x00,0x00,0x00,0x00,
  0x00,0x00,0x00,0x00,0x00,0x00,0x00,0x00,0x00,0x00,0x00,0x00,0x00,0x00,0x00,0x00,
  0x00,0x00,0x00,0x00,0x00,0x00,0x00,0x00,0x00,0x00,0x00,0x00,0x00,0x00,0x00,0x00,
  0x00,0x00,0x00,0x00,0x63,0x00,0x83,0x08,0xa3,0x08,0x62,0x08,0xac,0x01,0x5f,0x04,
  0x3e,0x04,0x3f,0x04,0x3f,0x04,0x3f,0x04,0xfd,0x03,0xdc,0x03,0x1d,0x04,0x0f,0x02,
  0x62,0x08,0xa4,0x08,0x83,0x08,0x83,0x08,0x83,0x08,0x83,0x08,0x83,0x08,0x00,0x00,
  0x00,0x00,0x00,0x00,0x00,0x00,0x00,0x00,0x00,0x00,0x00,0x00,0x00,0x00,0x00,0x00,
  0x00,0x00,0x00,0x00,0x00,0x00,0x00,0x00,0x00,0x00,0x00,0x00,0x00,0x00,0x00,0x00,
  0x00,0x00,0x00,0x00,0x00,0x00,0x00,0x00,0x00,0x00,0x00,0x00,0x00,0x00,0x00,0x00,
  0x00,0x00,0x00,0x00,0x00,0x00,0x00,0x00,0x00,0x00,0x00,0x00,0x00,0x00,0x00,0x00,
  0x00,0x00,0x83,0x08,0x83,0x08,0x83,0x08,0x83,0x08,0xa3,0x08,0xa4,0x08,0x42,0x08,
  0x2e,0x0a,0x5d,0x04,0xdb,0x03,0x1d,0x04,0x3f,0x04,0x3f,0x04,0x3f,0x04,0x1e,0x04,
  0x3f,0x04,0xee,0x09,0x62,0x10,0x84,0x08,0x83,0x08,0x63,0x00,0x00,0x00,0x00,0x00,
  0x00,0x00,0x00,0x00,0x00,0x00,0x00,0x00,0x00,0x00,0x00,0x00,0x00,0x00,0x00,0x00,
  0x00,0x00,0x00,0x00,0x00,0x00,0x00,0x00,0x00,0x00,0x00,0x00,0x00,0x00,0x00,0x00,
  0x00,0x00,0x00,0x00,0x84,0x00,0x83,0x08,0xa4,0x08,0x41,0x08,0x8b,0x01,0x7f,0x04,
  0x3f,0x04,0x3f,0x04,0x3f,0x04,0x3f,0x04,0x3f,0x04,0x1f,0x04,0x5f,0x04,0x52,0x02,
  0x62,0x08,0xa4,0x08,0xa3,0x08,0x83,0x08,0x83,0x08,0x83,0x08,0x83,0x08,0x00,0x00,
  0x00,0x00,0x00,0x00,0x00,0x00,0x00,0x00,0x00,0x00,0x00,0x00,0x00,0x00,0x00,0x00,
  0x00,0x00,0x00,0x00,0x00,0x00,0x00,0x00,0x00,0x00,0x00,0x00,0x00,0x00,0x00,0x00,
  0x00,0x00,0x00,0x00,0x00,0x00,0x00,0x00,0x00,0x00,0x00,0x00,0x00,0x00,0x00,0x00,
  0x00,0x00,0x00,0x00,0x00,0x00,0x00,0x00,0x00,0x00,0x00,0x00,0x00,0x00,0x00,0x00,
  0x00,0x00,0x83,0x08,0x83,0x08,0x83,0x08,0x83,0x08,0x83,0x08,0xa4,0x08,0x62,0x08,
  0x70,0x0a,0xbf,0x04,0x3f,0x04,0x3f,0x04,0x3f,0x04,0x3f,0x04,0x3f,0x04,0x3f,0x04,
  0x5f,0x04,0xee,0x01,0x62,0x08,0xa4,0x08,0x83,0x08,0x63,0x00,0x00,0x00,0x00,0x00,
  0x00,0x00,0x00,0x00,0x00,0x00,0x00,0x00,0x00,0x00,0x00,0x00,0x00,0x00,0x00,0x00,
  0x00,0x00,0x00,0x00,0x00,0x00,0x00,0x00,0x00,0x00,0x00,0x00,0x00,0x00,0x00,0x00,
  0x00,0x00,0x00,0x00,0x84,0x00,0x83,0x08,0x83,0x08,0x41,0x08,0x8b,0x01,0x5e,0x04,
  0x1d,0x04,0x5e,0x04,0x3f,0x04,0x1f,0x04,0x3f,0x04,0x1e,0x04,0x5f,0x04,0x10,0x02,
  0x00,0x08,0x83,0x08,0x63,0x08,0x83,0x08,0x83,0x08,0xa4,0x08,0xa3,0x08,0xc5,0x08,
  0x84,0x10,0x84,0x10,0x84,0x10,0x84,0x10,0x84,0x10,0x63,0x08,0xa2,0x10,0x00,0x00,
  0x00,0x00,0x00,0x00,0x00,0x00,0x00,0x00,0x00,0x00,0x00,0x00,0x00,0x00,0x00,0x00,
  0x00,0x00,0x00,0x00,0x00,0x00,0x00,0x00,0x00,0x00,0x00,0x00,0x00,0x00,0x00,0x00,
  0x00,0x00,0xe3,0x00,0x84,0x10,0x84,0x10,0xe3,0x08,0x84,0x10,0x84,0x10,0x63,0x08,
  0xe5,0x08,0x83,0x08,0x83,0x08,0x83,0x08,0x83,0x08,0x83,0x08,0x62,0x08,0x00,0x08,
  0x0e,0x02,0x9f,0x04,0x3e,0x04,0x3f,0x04,0x3f,0x04,0x3f,0x04,0x1e,0x04,0xdd,0x03,
  0x3e,0x04,0xac,0x01,0x41,0x08,0xa4,0x08,0x83,0x08,0x63,0x00,0x00,0x00,0x00,0x00,
  0x00,0x00,0x00,0x00,0x00,0x00,0x00,0x00,0x00,0x00,0x00,0x00,0x00,0x00,0x00,0x00,
  0x00,0x00,0x00,0x00,0x00,0x00,0x00,0x00,0x00,0x00,0x00,0x00,0x00,0x00,0x00,0x00,
  0x00,0x00,0x00,0x00,0x84,0x00,0x83,0x08,0x83,0x08,0x83,0x08,0xa4,0x08,0x07,0x09,
  0x84,0x00,0xd4,0x02,0x7f,0x04,0x1e,0x04,0x3f,0x04,0x3f,0x04,0x3f,0x04,0x9b,0x03,
  0xf6,0x02,0x57,0x03,0xac,0x01,0x62,0x08,0xa4,0x08,0x83,0x08,0x83,0x08,0x83,0x08,
  0x83,0x08,0x83,0x08,0x83,0x08,0x83,0x08,0x83,0x08,0x83,0x08,0xa3,0x08,0x00,0x00,
  0x00,0x00,0x00,0x00,0x00,0x00,0x00,0x00,0x00,0x00,0x00,0x00,0x00,0x00,0x00,0x00,
  0x00,0x00,0x00,0x00,0x00,0x00,0x00,0x00,0x00,0x00,0x00,0x00,0x00,0x00,0x00,0x00,
  0x00,0x00,0xa3,0x08,0x84,0x08,0xa3,0x08,0x83,0x08,0x83,0x08,0x83,0x08,0x83,0x08,
  0x83,0x08,0x83,0x08,0xa3,0x08,0xa4,0x08,0x62,0x08,0xcc,0x09,0x77,0x03,0xf4,0x02,
  0x99,0x03,0x7f,0x04,0x3f,0x04,0x3f,0x04,0x1e,0x04,0x5f,0x04,0xf5,0x02,0x84,0x08,
  0xe6,0x08,0xa4,0x08,0x83,0x08,0xa4,0x08,0x83,0x08,0x63,0x00,0x00,0x00,0x00,0x00,
  0x00,0x00,0x00,0x00,0x00,0x00,0x00,0x00,0x00,0x00,0x00,0x00,0x00,0x00,0x00,0x00,
  0x00,0x00,0x00,0x00,0x00,0x00,0x00,0x00,0x00,0x00,0x00,0x00,0x00,0x00,0x00,0x00,
  0x00,0x00,0x00,0x00,0xe3,0x00,0x83,0x08,0x83,0x08,0x83,0x08,0x83,0x08,0x83,0x08,
  0x20,0x08,0x92,0x02,0x7f,0x04,0x1e,0x04,0x3f,0x04,0x3f,0x04,0x3f,0x04,0x3f,0x04,
  0x5f,0x04,0x9f,0x04,0x51,0x02,0x41,0x08,0xa4,0x08,0xa3,0x08,0xa4,0x10,0xa4,0x10,
  0xa4,0x10,0xa4,0x10,0xa3,0x10,0xa4,0x10,0xa3,0x08,0xa4,0x08,0xa4,0x08,0x00,0x00,
  0x00,0x00,0x00,0x00,0x00,0x00,0x00,0x00,0x00,0x00,0x00,0x00,0x00,0x00,0x00,0x00,
  0x00,0x00,0x00,0x00,0x00,0x00,0x00,0x00,0x00,0x00,0x00,0x00,0x00,0x00,0x00,0x00,
  0x00,0x00,0xa4,0x10,0xa4,0x08,0xa3,0x08,0xa4,0x10,0xa4,0x10,0xa4,0x10,0xa3,0x08,
  0xa4,0x10,0xa4,0x10,0xa4,0x08,0xa4,0x08,0x21,0x08,0x2f,0x02,0xdf,0x04,0x7f,0x04,
  0x7f,0x04,0x5f,0x04,0x3f,0x04,0x1f,0x04,0x1e,0x04,0x7f,0x04,0xd4,0x02,0x41,0x08,
  0x83,0x08,0x83,0x08,0xa4,0x08,0x83,0x08,0x83,0x08,0xe3,0x00,0x00,0x00,0x00,0x00,
  0x00,0x00,0x00,0x00,0x00,0x00,0x00,0x00,0x00,0x00,0x00,0x00,0x00,0x00,0x00,0x00,
  0x00,0x00,0x00,0x00,0x00,0x00,0x00,0x00,0x00,0x00,0x00,0x00,0x00,0x00,0x00,0x00,
  0x00,0x00,0x00,0x00,0x00,0x00,0x00,0x00,0x00,0x00,0x84,0x00,0x83,0x08,0xa4,0x08,
  0x42,0x08,0xf4,0x02,0xbf,0x04,0x7f,0x04,0x5f,0x04,0x3f,0x04,0x1f,0x04,0x1f,0x04,
  0x1e,0x04,0x5f,0x04,0x31,0x02,0x41,0x08,0xa4,0x08,0x42,0x00,0x22,0x00,0x22,0x00,
  0x01,0x00,0x01,0x00,0x01,0x00,0x01,0x00,0x42,0x00,0xa4,0x08,0xa3,0x08,0x00,0x00,
  0x00,0x00,0x00,0x00,0x00,0x00,0x00,0x00,0x00,0x00,0x00,0x00,0x00,0x00,0x00,0x00,
  0x00,0x00,0x00,0x00,0x00,0x00,0x00,0x00,0x00,0x00,0x00,0x00,0x00,0x00,0x00,0x00,
  0x00,0x00,0xa4,0x08,0xa4,0x08,0x42,0x00,0x01,0x00,0x01,0x00,0x01,0x00,0x01,0x00,
  0x22,0x00,0x22,0x00,0x21,0x00,0x83,0x08,0x41,0x08,0x0e,0x02,0x9f,0x04,0x3e,0x04,
  0x3f,0x04,0x3f,0x04,0x3f,0x04,0x3f,0x04,0x5f,0x04,0xbf,0x04,0x36,0x03,0x62,0x08,
  0xa4,0x08,0x83,0x08,0xa4,0x00,0x00,0x00,0x00,0x00,0x00,0x00,0x00,0x00,0x00,0x00,
  0x00,0x00,0x00,0x00,0x00,0x00,0x00,0x00,0x00,0x00,0x00,0x00,0x00,0x00,0x00,0x00,
  0x00,0x00,0x00,0x00,0x00,0x00,0x00,0x00,0x00,0x00,0x00,0x00,0x00,0x00,0x00,0x00,
  0x00,0x00,0x00,0x00,0x00,0x00,0x00,0x00,0x00,0x00,0x84,0x08,0x83,0x08,0x83,0x08,
  0x83,0x08,0x6a,0x09,0x2f,0x0a,0x0e,0x02,0xdb,0x03,0x5f,0x04,0x1f,0x04,0x3f,0x04,
  0x3e,0x04,0x7f,0x04,0x72,0x02,0x62,0x08,0x84,0x08,0xac,0x52,0xaf,0x73,0x8f,0x6b,
  0x8e,0x6b,0x6e,0x6b,0x6e,0x6b,0xaf,0x73,0x4a,0x42,0x63,0x08,0x83,0x08,0x83,0x08,
  0xa4,0x08,0x83,0x08,0x83,0x08,0x83,0x08,0x83,0x08,0x83,0x08,0x83,0x08,0x83,0x08,
  0x83,0x08,0x83,0x08,0x83,0x08,0x83,0x08,0x83,0x08,0x83,0x08,0x83,0x08,0x83,0x08,
  0x83,0x08,0x83,0x08,0x62,0x08,0x8b,0x4a,0x8f,0x6b,0x6e,0x6b,0x6e,0x6b,0x6e,0x6b,
  0x8f,0x6b,0xaf,0x73,0xab,0x52,0x83,0x08,0x62,0x08,0x50,0x02,0x9f,0x04,0x3e,0x04,
  0x3f,0x04,0x3f,0x04,0x5f,0x04,0xdb,0x03,0xee,0x01,0x2f,0x02,0x8a,0x09,0x63,0x08,
  0xa4,0x08,0x83,0x08,0x83,0x08,0x00,0x00,0x00,0x00,0x00,0x00,0x00,0x00,0x00,0x00,
  0x00,0x00,0x00,0x00,0x00,0x00,0x00,0x00,0x00,0x00,0x00,0x00,0x00,0x00,0x00,0x00,
  0x00,0x00,0x00,0x00,0x00,0x00,0x00,0x00,0x00,0x00,0x00,0x00,0x00,0x00,0x00,0x00,
  0x00,0x00,0x00,0x00,0x00,0x00,0x00,0x00,0x00,0x00,0xa3,0x08,0x83,0x08,0x83,0x08,
  0x83,0x08,0x62,0x08,0x42,0x08,0x21,0x08,0x37,0x03,0x7f,0x04,0x1e,0x04,0x3e,0x04,
  0x3e,0x04,0x7f,0x04,0x92,0x0a,0x83,0x10,0x62,0x00,0x18,0xc6,0xff,0xff,0xff,0xff,
  0xff,0xff,0xff,0xff,0xff,0xff,0xff,0xff,0xd4,0x9c,0x21,0x00,0xc4,0x10,0xa4,0x10,
  0xa4,0x08,0xa4,0x08,0xa4,0x08,0x83,0x08,0x83,0x08,0x83,0x08,0x83,0x08,0x83,0x08,
  0xa3,0x08,0x83,0x08,0x83,0x08,0x83,0x08,0x83,0x08,0xa4,0x08,0xa4,0x08,0xa4,0x08,
  0xa4,0x10,0xa4,0x10,0x21,0x00,0x96,0xb5,0xff,0xff,0xff,0xff,0xff,0xff,0xff,0xff,
  0xff,0xff,0xff,0xff,0x79,0xce,0x83,0x08,0x83,0x10,0x70,0x0a,0x9f,0x04,0x1e,0x04,
  0x3e,0x04,0x3e,0x04,0x7f,0x04,0x79,0x03,0x42,0x08,0x62,0x08,0x62,0x08,0x83,0x08,
  0x83,0x08,0x83,0x08,0x83,0x08,0x00,0x00,0x00,0x00,0x00,0x00,0x00,0x00,0x00,0x00,
  0x00,0x00,0x00,0x00,0x00,0x00,0x00,0x00,0x00,0x00,0x00,0x00,0x00,0x00,0x00,0x00,
  0x00,0x00,0x00,0x00,0x00,0x00,0x00,0x00,0x00,0x00,0x00,0x00,0x00,0x00,0x00,0x00,
  0x00,0x00,0x00,0x00,0x00,0x00,0x00,0x00,0x00,0x00,0xa3,0x08,0x83,0x08,0xa3,0x08,
  0xa3,0x08,0xa4,0x08,0xa4,0x08,0x83,0x08,0x59,0x03,0xbf,0x04,0x7f,0x04,0x9f,0x04,
  0x7f,0x04,0xdf,0x04,0x31,0x02,0x00,0x00,0x00,0x00,0x96,0xb5,0xff,0xff,0xbe,0xf7,
  0xdf,0xff,0xdf,0xff,0xbe,0xf7,0xff,0xff,0x52,0x8c,0x00,0x00,0x63,0x00,0x21,0x00,
  0x63,0x08,0xa3,0x08,0x83,0x08,0x83,0x08,0x83,0x08,0x83,0x08,0x83,0x08,0x83,0x08,
  0x83,0x08,0x83,0x08,0x83,0x08,0x83,0x08,0x83,0x08,0x83,0x08,0xa4,0x08,0x63,0x08,
  0x21,0x00,0x42,0x00,0x00,0x00,0xf4,0x9c,0xff,0xff,0xbe,0xf7,0xdf,0xff,0xdf,0xff,
  0xbe,0xf7,0xff,0xff,0xf8,0xbd,0x01,0x00,0x00,0x00,0xee,0x01,0xdf,0x04,0x5f,0x04,
  0x7f,0x04,0x7f,0x04,0xbf,0x04,0xdb,0x03,0x84,0x08,0xa4,0x08,0xa4,0x08,0x83,0x08,
  0x83,0x08,0x83,0x08,0x83,0x08,0x00,0x00,0x00,0x00,0x00,0x00,0x00,0x00,0x00,0x00,
  0x00,0x00,0x00,0x00,0x00,0x00,0x00,0x00,0x00,0x00,0x00,0x00,0x00,0x00,0x00,0x00,
  0x00,0x00,0x00,0x00,0x00,0x00,0x00,0x00,0x00,0x00,0x00,0x00,0x00,0x00,0x00,0x00,
  0x00,0x00,0x00,0x00,0x00,0x00,0x00,0x00,0x00,0x00,0xa2,0x00,0x83,0x08,0xa4,0x08,
  0xa4,0x08,0x83,0x08,0x83,0x08,0x83,0x08,0xee,0x01,0xb3,0x02,0xb3,0x02,0xd4,0x02,
  0x92,0x02,0x92,0x02,0x14,0x54,0xcf,0x7b,0xaf,0x73,0xdb,0xde,0xff,0xff,0xdf,0xff,
  0xff,0xff,0xff,0xff,0xdf,0xff,0xff,0xff,0xb7,0xb5,0x6a,0x4a,0xab,0x4a,0x6a,0x4a,
  0x05,0x19,0x83,0x08,0x83,0x08,0x83,0x08,0x83,0x08,0x83,0x08,0x83,0x08,0x83,0x08,
  0x83,0x08,0x83,0x08,0x83,0x08,0x83,0x08,0x83,0x08,0x83,0x08,0x83,0x08,0xe4,0x18,
  0x6a,0x4a,0xac,0x52,0x6a,0x4a,0xf8,0xbd,0xff,0xff,0xdf,0xff,0xff,0xff,0xff,0xff,
  0xdf,0xff,0xff,0xff,0x1c,0xdf,0xf0,0x7b,0xef,0x7b,0x13,0x5c,0x93,0x02,0x93,0x02,
  0xb4,0x02,0x93,0x02,0xb3,0x02,0x30,0x02,0x83,0x08,0x83,0x08,0x83,0x08,0xa4,0x08,
  0x83,0x08,0xa3,0x08,0xa2,0x00,0x00,0x00,0x00,0x00,0x00,0x00,0x00,0x00,0x00,0x00,
  0x00,0x00,0x00,0x00,0x00,0x00,0x00,0x00,0x00,0x00,0x00,0x00,0x00,0x00,0x00,0x00,
  0x00,0x00,0x00,0x00,0x00,0x00,0x00,0x00,0x00,0x00,0x00,0x00,0x00,0x00,0x00,0x00,
  0x00,0x00,0x00,0x00,0x00,0x00,0x00,0x00,0x00,0x00,0x00,0x00,0x00,0x00,0x00,0x00,
  0x05,0x00,0x83,0x08,0x83,0x08,0xa3,0x08,0x62,0x08,0x41,0x08,0x62,0x08,0x82,0x10,
  0x62,0x10,0x00,0x00,0x79,0xce,0xff,0xff,0xff,0xff,0xff,0xff,0xdf,0xff,0xff,0xff,
  0xff,0xff,0xff,0xff,0xff,0xff,0xdf,0xff,0xff,0xff,0xff,0xff,0xff,0xff,0xff,0xff,
  0x6b,0x4a,0x42,0x00,0xa4,0x10,0xa4,0x08,0xa4,0x08,0xa4,0x10,0xa4,0x08,0xa4,0x10,
  0xa3,0x08,0xa4,0x10,0xa4,0x10,0xa4,0x08,0xa4,0x10,0xc4,0x10,0x42,0x00,0x49,0x42,
  0xff,0xff,0xff,0xff,0xff,0xff,0xff,0xff,0xdf,0xff,0xff,0xff,0xff,0xff,0xff,0xff,
  0xff,0xff,0xff,0xff,0xff,0xff,0xff,0xff,0xff,0xff,0x9a,0xd6,0x20,0x08,0x62,0x10,
  0x82,0x10,0x41,0x08,0x41,0x08,0x62,0x08,0x83,0x08,0x83,0x08,0x83,0x08,0x24,0x21,
  0x00,0x00,0x00,0x00,0x00,0x00,0x00,0x00,0x00,0x00,0x00,0x00,0x00,0x00,0x00,0x00,
  0x00,0x00,0x00,0x00,0x00,0x00,0x00,0x00,0x00,0x00,0x00,0x00,0x00,0x00,0x00,0x00,
  0x00,0x00,0x00,0x00,0x00,0x00,0x00,0x00,0x00,0x00,0x00,0x00,0x00,0x00,0x00,0x00,
  0x00,0x00,0x00,0x00,0x00,0x00,0x00,0x00,0x00,0x00,0x00,0x00,0x00,0x00,0x00,0x00,
  0xa2,0x10,0x83,0x08,0x83,0x08,0x83,0x08,0x22,0x00,0x22,0x00,0x43,0x00,0x42,0x00,
  0x22,0x00,0x00,0x00,0x18,0xbe,0xdf,0xff,0xbe,0xf7,0xdf,0xff,0xdf,0xff,0xff,0xff,
  0xff,0xff,0xff,0xff,0xdf,0xff,0xff,0xff,0xdf,0xff,0xdf,0xff,0xdf,0xff,0xff,0xff,
  0x09,0x3a,0x00,0x00,0x22,0x00,0x22,0x00,0x22,0x00,0x22,0x00,0x22,0x00,0x22,0x00,
  0x21,0x00,0x22,0x00,0x22,0x00,0x22,0x00,0x22,0x00,0x22,0x00,0x00,0x00,0xe8,0x39,
  0xff,0xff,0xdf,0xff,0xdf,0xff,0xdf,0xff,0xdf,0xff,0xdf,0xff,0xff,0xff,0xdf,0xff,
  0xff,0xff,0xff,0xff,0xdf,0xff,0xbe,0xf7,0xdf,0xff,0x39,0xc6,0x01,0x00,0x22,0x00,
  0x42,0x00,0x22,0x00,0x22,0x00,0x22,0x00,0x83,0x08,0x83,0x08,0x83,0x08,0xa5,0x10,
  0x00,0x00,0x00,0x00,0x00,0x00,0x00,0x00,0x00,0x00,0x00,0x00,0x00,0x00,0x00,0x00,
  0x00,0x00,0x00,0x00,0x00,0x00,0x00,0x00,0x00,0x00,0x00,0x00,0x00,0x00,0x00,0x00,
  0x00,0x00,0x00,0x00,0x00,0x00,0x00,0x00,0x00,0x00,0x00,0x00,0x00,0x00,0x00,0x00,
  0x00,0x00,0x00,0x00,0x00,0x00,0x00,0x00,0x00,0x00,0x84,0x10,0xc5,0x10,0x83,0x10,
  0x83,0x08,0x84,0x08,0x83,0x08,0x62,0x08,0x29,0x42,0xcc,0x52,0xcc,0x52,0xab,0x52,
  0x8b,0x4a,0x8b,0x4a,0xdb,0xde,0xff,0xff,0xdf,0xff,0xff,0xff,0xff,0xff,0xff,0xff,
  0xff,0xff,0xdf,0xff,0xdf,0xff,0xff,0xff,0xff,0xff,0xdf,0xff,0xdf,0xff,0xff,0xff,
  0xf0,0x7b,0x6a,0x4a,0xab,0x52,0xab,0x52,0xab,0x52,0xab,0x52,0x8b,0x4a,0x8b,0x4a,
  0x8b,0x4a,0xab,0x52,0xac,0x52,0xcc,0x52,0xab,0x52,0x8b,0x52,0x6a,0x4a,0xf0,0x7b,
  0xff,0xff,0xff,0xff,0xdf,0xff,0xff,0xff,0xff,0xff,0xdf,0xff,0xdf,0xff,0xff,0xff,
  0xff,0xff,0xff,0xff,0xdf,0xff,0xdf,0xff,0xff,0xff,0xdb,0xde,0xab,0x52,0x8a,0x4a,
  0xab,0x4a,0xac,0x52,0xab,0x52,0x4a,0x42,0x83,0x08,0x83,0x08,0x83,0x08,0xe4,0x10,
  0x83,0x08,0x84,0x10,0x84,0x10,0x00,0x00,0x00,0x00,0x00,0x00,0x00,0x00,0x00,0x00,
  0x00,0x00,0x00,0x00,0x00,0x00,0x00,0x00,0x00,0x00,0x00,0x00,0x00,0x00,0x00,0x00,
  0x00,0x00,0x00,0x00,0x00,0x00,0x00,0x00,0x00,0x00,0x00,0x00,0x00,0x00,0x00,0x00,
  0x00,0x00,0x00,0x00,0x00,0x00,0x00,0x00,0x00,0x00,0x83,0x08,0xa4,0x08,0xa4,0x08,
  0x83,0x08,0xa4,0x10,0xa3,0x08,0xa3,0x10,0xdb,0xde,0xff,0xff,0xff,0xff,0xff,0xff,
  0xff,0xff,0xff,0xff,0xff,0xff,0xff,0xff,0xdf,0xff,0xff,0xff,0xff,0xff,0xff,0xff,
  0xff,0xff,0xff,0xff,0xff,0xff,0xff,0xff,0xff,0xff,0xff,0xff,0xff,0xff,0xdf,0xff,
  0xff,0xff,0xff,0xff,0xff,0xff,0xff,0xff,0xff,0xff,0xff,0xff,0xff,0xff,0xff,0xff,
  0xff,0xff,0xff,0xff,0xff,0xff,0xff,0xff,0xff,0xff,0xff,0xff,0xff,0xff,0xff,0xff,
  0xff,0xff,0xff,0xff,0xff,0xff,0xff,0xff,0xff,0xff,0xff,0xff,0xff,0xff,0xff,0xff,
  0xff,0xff,0xff,0xff,0xff,0xff,0xdf,0xff,0xdf,0xff,0xff,0xff,0xff,0xff,0xff,0xff,
  0xff,0xff,0xff,0xff,0xff,0xff,0xdb,0xde,0x83,0x08,0xa3,0x08,0xa4,0x10,0x83,0x08,
  0x83,0x08,0xa4,0x08,0xa4,0x08,0x00,0x00,0x07,0x00,0x00,0x00,0x00,0x00,0x00,0x00,
  0x00,0x00,0x00,0x00,0x00,0x00,0x00,0x00,0x00,0x00,0x00,0x00,0x00,0x00,0x00,0x00,
  0x00,0x00,0x00,0x00,0x00,0x00,0x00,0x00,0x00,0x00,0x00,0x00,0x00,0x00,0x00,0x00,
  0x00,0x00,0x00,0x00,0x00,0x00,0x00,0x00,0x00,0x00,0x83,0x08,0xa4,0x08,0xa3,0x08,
  0x83,0x08,0x22,0x00,0x22,0x00,0x42,0x00,0x9a,0xd6,0xff,0xff,0xdf,0xff,0xdf,0xff,
  0xdf,0xff,0xdf,0xff,0xdf,0xff,0xbf,0xf7,0xbf,0xff,0xdf,0xff,0xdf,0xff,0xdf,0xff,
  0xbf,0xff,0xdf,0xff,0xdf,0xff,0xdf,0xff,0xdf,0xff,0xff,0xff,0xdf,0xff,0xff,0xff,
  0xdf,0xff,0xdf,0xff,0xdf,0xff,0xdf,0xff,0xdf,0xff,0xdf,0xff,0xdf,0xff,0xdf,0xff,
  0xdf,0xff,0xdf,0xff,0xdf,0xff,0xdf,0xff,0xdf,0xff,0xdf,0xff,0xdf,0xff,0xdf,0xff,
  0xff,0xff,0xdf,0xff,0xff,0xff,0xdf,0xff,0xdf,0xff,0xdf,0xff,0xdf,0xff,0xbf,0xff,
  0xdf,0xff,0xdf,0xff,0xdf,0xff,0xdf,0xff,0xdf,0xff,0xdf,0xff,0xdf,0xff,0xdf,0xff,
  0xdf,0xff,0xdf,0xff,0xff,0xff,0x9a,0xd6,0x22,0x00,0x42,0x00,0x22,0x00,0x83,0x08,
  0xa4,0x08,0xa4,0x08,0x83,0x08,0x00,0x00,0x04,0x00,0x00,0x00,0x00,0x00,0x00,0x00,
  0x00,0x00,0x00,0x00,0x00,0x00,0x00,0x00,0x00,0x00,0x00,0x00,0x00,0x00,0x00,0x00,
  0x00,0x00,0x00,0x00,0x00,0x00,0x00,0x00,0x00,0x00,0x00,0x00,0x00,0x00,0x00,0x00,
  0x00,0x00,0x00,0x00,0x00,0x00,0x00,0x00,0x00,0x00,0x83,0x08,0x83,0x08,0x63,0x08,
  0xa3,0x10,0x6a,0x4a,0xcc,0x52,0xcc,0x52,0x1c,0xe7,0xff,0xff,0xdf,0xff,0xff,0xff,
  0xff,0xff,0xff,0xff,0xff,0xff,0xff,0xff,0xff,0xff,0xff,0xff,0xff,0xff,0xff,0xff,
  0xff,0xff,0xff,0xff,0xff,0xff,0xff,0xff,0xff,0xff,0xdf,0xff,0xdf,0xff,0xff,0xff,
  0xdf,0xff,0xdf,0xff,0xff,0xff,0xff,0xff,0xdf,0xff,0xdf,0xff,0xff,0xff,0xff,0xff,
  0xff,0xff,0xdf,0xff,0xdf,0xff,0xdf,0xff,0xff,0xff,0xff,0xff,0xff,0xff,0xff,0xff,
  0xff,0xff,0xff,0xff,0xff,0xff,0xff,0xff,0xff,0xff,0xff,0xff,0xff,0xff,0xff,0xff,
  0xff,0xff,0xff,0xff,0xff,0xff,0xff,0xff,0xff,0xff,0xff,0xff,0xff,0xff,0xff,0xff,
  0xff,0xff,0xdf,0xff,0xff,0xff,0x1c,0xe7,0xcc,0x52,0xac,0x52,0x8b,0x4a,0xc4,0x10,
  0x83,0x08,0xa4,0x08,0x83,0x08,0x00,0x00,0x00,0x00,0x00,0x00,0x00,0x00,0x00,0x00,
  0x00,0x00,0x00,0x00,0x00,0x00,0x00,0x00,0x00,0x00,0x00,0x00,0x00,0x00,0x00,0x00,
  0x00,0x00,0x00,0x00,0x00,0x00,0x00,0x00,0x00,0x00,0x00,0x00,0x00,0x00,0x00,0x00,
  0x00,0x00,0xa2,0x10,0x83,0x08,0xa4,0x08,0xa4,0x08,0x83,0x08,0xa3,0x08,0x62,0x00,
  0x45,0x21,0xbe,0xf7,0xff,0xff,0xff,0xff,0xff,0xff,0xff,0xff,0xdf,0xff,0xff,0xff,
  0xdf,0xff,0x92,0x8c,0x8e,0x6b,0xaf,0x73,0xcf,0x73,0xaf,0x73,0x8f,0x73,0xaf,0x73,
  0xaf,0x73,0x8f,0x73,0xaf,0x73,0xaf,0x73,0x51,0x84,0xdf,0xff,0xff,0xff,0xdf,0xff,
  0xff,0xff,0xff,0xff,0xff,0xff,0xdf,0xff,0xff,0xff,0xff,0xff,0xff,0xff,0xff,0xff,
  0xff,0xff,0xdf,0xff,0xdf,0xff,0xff,0xff,0xdf,0xff,0xff,0xff,0xff,0xff,0xdf,0xff,
  0xdf,0xff,0xff,0xff,0x9e,0xf7,0x31,0x84,0xaf,0x73,0xaf,0x73,0x8f,0x73,0xaf,0x73,
  0x8f,0x73,0xaf,0x73,0xaf,0x73,0xaf,0x73,0xaf,0x73,0x6e,0x6b,0x51,0x8c,0xff,0xff,
  0xff,0xff,0xdf,0xff,0xff,0xff,0xff,0xff,0xff,0xff,0xff,0xff,0xbe,0xf7,0x46,0x21,
  0x42,0x00,0xa3,0x08,0x83,0x08,0x83,0x08,0xa4,0x08,0x83,0x08,0x84,0x10,0x00,0x00,
  0x00,0x00,0x00,0x00,0x00,0x00,0x00,0x00,0x00,0x00,0x00,0x00,0x00,0x00,0x00,0x00,
  0x00,0x00,0x00,0x00,0x00,0x00,0x00,0x00,0x00,0x00,0x00,0x00,0x00,0x00,0x00,0x00,
  0x00,0x00,0x83,0x08,0x83,0x08,0xa4,0x08,0xa4,0x08,0x83,0x08,0xa4,0x10,0x83,0x08,
  0x66,0x21,0x5d,0xef,0xdf,0xff,0xdf,0xff,0xff,0xff,0xdf,0xff,0xdf,0xff,0xdf,0xff,
  0xbf,0xff,0x66,0x29,0x00,0x00,0x22,0x00,0x01,0x00,0x01,0x00,0x01,0x00,0x01,0x00,
  0x01,0x00,0x01,0x00,0x22,0x00,0x00,0x00,0x25,0x19,0xbe,0xf7,0xff,0xff,0xdf,0xff,
  0xff,0xff,0xff,0xff,0xdf,0xff,0xff,0xff,0xff,0xff,0xff,0xff,0xff,0xff,0xff,0xff,
  0xff,0xff,0xff,0xff,0xff,0xff,0xff,0xff,0xff,0xff,0xdf,0xff,0xff,0xff,0xff,0xff,
  0xdf,0xff,0xff,0xff,0x7d,0xef,0xe5,0x10,0x01,0x00,0x01,0x00,0x01,0x00,0x01,0x00,
  0x01,0x00,0x21,0x00,0x21,0x00,0x01,0x00,0x22,0x00,0x00,0x00,0x66,0x29,0xff,0xff,
  0xdf,0xff,0xdf,0xff,0xff,0xff,0xff,0xff,0xdf,0xff,0xff,0xff,0x7d,0xef,0x87,0x29,
  0x83,0x08,0xa4,0x10,0x83,0x08,0xa3,0x08,0xa4,0x08,0x83,0x08,0x83,0x08,0x00,0x00,
  0x00,0x00,0x00,0x00,0x00,0x00,0x00,0x00,0x00,0x00,0x00,0x00,0x00,0x00,0x00,0x00,
  0x00,0x00,0x00,0x00,0x00,0x00,0x00,0x00,0x00,0x00,0x00,0x00,0x00,0x00,0x00,0x00,
  0x00,0x00,0xa3,0x08,0x83,0x08,0x83,0x08,0x83,0x08,0x62,0x00,0x42,0x00,0x22,0x00,
  0xe5,0x18,0x7d,0xef,0xff,0xff,0xdf,0xff,0xff,0xff,0xff,0xff,0xff,0xff,0xff,0xff,
  0xff,0xff,0xc8,0x39,0x42,0x00,0xc4,0x10,0xa4,0x10,0xa3,0x08,0xa4,0x10,0xa4,0x10,
  0xa3,0x08,0xa4,0x08,0xa4,0x10,0x63,0x08,0xc8,0x31,0xdf,0xff,0xff,0xff,0xff,0xff,
  0xff,0xff,0xdf,0xff,0xff,0xff,0xff,0xff,0xff,0xff,0xff,0xff,0xff,0xff,0xff,0xff,
  0xff,0xff,0xdf,0xff,0xdf,0xff,0xff,0xff,0xff,0xff,0xff,0xff,0xdf,0xff,0xff,0xff,
  0xff,0xff,0xff,0xff,0x7d,0xef,0x66,0x21,0x83,0x08,0xa4,0x10,0xa4,0x10,0xa3,0x08,
  0xa4,0x10,0xa4,0x10,0xa3,0x08,0xa4,0x10,0xc4,0x10,0x63,0x00,0x09,0x3a,0xff,0xff,
  0xff,0xff,0xdf,0xff,0xff,0xff,0xff,0xff,0xdf,0xff,0xff,0xff,0x7d,0xef,0x05,0x19,
  0x22,0x00,0x42,0x00,0x63,0x00,0xa3,0x08,0x83,0x08,0x83,0x08,0x83,0x08,0x00,0x00,
  0x00,0x00,0x00,0x00,0x00,0x00,0x00,0x00,0x00,0x00,0x00,0x00,0x00,0x00,0x00,0x00,
  0x00,0x00,0x00,0x00,0x00,0x00,0x00,0x00,0x00,0x00,0x00,0x00,0x00,0x00,0x00,0x00,
  0x00,0x00,0x84,0x08,0x83,0x08,0xa3,0x08,0x21,0x00,0x0c,0x5b,0xb7,0xb5,0x96,0xad,
  0xf8,0xbd,0xdf,0xff,0xff,0xff,0xdf,0xff,0xbf,0xff,0xff,0xff,0x31,0x84,0xe8,0x39,
  0x4a,0x42,0xc4,0x10,0x63,0x08,0x83,0x08,0x83,0x08,0x83,0x08,0x83,0x08,0x83,0x08,
  0x83,0x08,0x83,0x08,0x83,0x08,0x83,0x08,0xc4,0x10,0x09,0x3a,0x4a,0x42,0x09,0x3a,
  0x96,0xad,0xff,0xff,0xdf,0xff,0xff,0xff,0xff,0xff,0xff,0xff,0xff,0xff,0xff,0xff,
  0xff,0xff,0xff,0xff,0xff,0xff,0xff,0xff,0xdf,0xff,0xbf,0xf7,0xff,0xff,0x55,0xad,
  0xe8,0x39,0x4a,0x42,0xe8,0x39,0xa4,0x10,0x83,0x08,0x83,0x08,0x83,0x08,0x83,0x08,
  0x83,0x08,0x83,0x08,0x83,0x08,0x83,0x08,0x83,0x08,0x83,0x08,0xe4,0x10,0x6a,0x42,
  0xc8,0x39,0xb3,0x94,0xff,0xff,0xbf,0xf7,0xdf,0xff,0xff,0xff,0xbe,0xf7,0xb7,0xb5,
  0x96,0xad,0xb7,0xb5,0x2d,0x63,0x21,0x00,0xa3,0x08,0x83,0x08,0xa3,0x08,0x00,0x00,
  0x00,0x00,0x00,0x00,0x00,0x00,0x00,0x00,0x00,0x00,0x00,0x00,0x00,0x00,0x00,0x00,
  0x00,0x00,0x00,0x00,0x00,0x00,0x00,0x00,0x00,0x00,0x00,0x00,0x83,0x08,0x83,0x08,
  0x83,0x08,0xa3,0x08,0xa3,0x08,0xa3,0x08,0x00,0x00,0x71,0x8c,0xff,0xff,0xff,0xff,
  0xff,0xff,0xff,0xff,0xdf,0xff,0xff,0xff,0xff,0xff,0xff,0xff,0x0c,0x5b,0x00,0x00,
  0x62,0x00,0x83,0x08,0xa3,0x08,0x83,0x08,0x83,0x08,0x83,0x08,0x83,0x08,0x83,0x08,
  0x83,0x08,0x83,0x08,0x83,0x08,0x83,0x08,0x83,0x08,0x42,0x00,0x63,0x00,0x00,0x00,
  0xf4,0x9c,0xff,0xff,0xff,0xff,0xff,0xff,0xdf,0xff,0xff,0xff,0xff,0xff,0xff,0xff,
  0xff,0xff,0xff,0xff,0xff,0xff,0xdf,0xff,0xff,0xff,0xff,0xff,0xff,0xff,0x92,0x94,
  0x00,0x00,0x63,0x00,0x22,0x00,0x83,0x08,0x83,0x08,0x83,0x08,0x83,0x08,0x83,0x08,
  0x83,0x08,0x83,0x08,0x83,0x08,0x83,0x08,0x83,0x08,0x83,0x08,0x83,0x08,0x63,0x08,
  0x00,0x00,0xaf,0x73,0xff,0xff,0xff,0xff,0xff,0xff,0xff,0xff,0xff,0xff,0xff,0xff,
  0xff,0xff,0xff,0xff,0x92,0x8c,0x01,0x00,0xa3,0x10,0x83,0x08,0xa4,0x08,0xa4,0x08,
  0x83,0x08,0x82,0x08,0x00,0x00,0x00,0x00,0x00,0x00,0x00,0x00,0x00,0x00,0x00,0x00,
  0x00,0x00,0x00,0x00,0x00,0x00,0x00,0x00,0x00,0x00,0x00,0x00,0xa3,0x08,0xa4,0x08,
  0x83,0x08,0x83,0x08,0x83,0x08,0xa4,0x10,0x22,0x00,0x31,0x84,0xff,0xff,0xbe,0xf7,
  0xdf,0xff,0xdf,0xff,0xff,0xff,0x7e,0xef,0x38,0xc6,0x79,0xce,0x8a,0x4a,0x42,0x00,
  0xc4,0x10,0xa4,0x08,0xa4,0x08,0x83,0x08,0x83,0x08,0x83,0x08,0x83,0x08,0x83,0x08,
  0x83,0x08,0x83,0x08,0x83,0x08,0x83,0x08,0x83,0x08,0xa4,0x08,0xc4,0x10,0x22,0x00,
  0xf0,0x7b,0x7a,0xce,0x59,0xce,0xbe,0xf7,0xff,0xff,0xff,0xff,0xff,0xff,0xdf,0xff,
  0xdf,0xff,0xff,0xff,0xff,0xff,0xff,0xff,0xbe,0xf7,0x9a,0xce,0x9a,0xce,0xcf,0x73,
  0x21,0x00,0xa4,0x10,0xa3,0x08,0x83,0x08,0x83,0x08,0x83,0x08,0x83,0x08,0x83,0x08,
  0x83,0x08,0x83,0x08,0x83,0x08,0xa3,0x08,0x83,0x08,0xa4,0x08,0xa4,0x08,0xa4,0x10,
  0x22,0x00,0x2d,0x63,0x9a,0xd6,0x39,0xc6,0x9e,0xf7,0xff,0xff,0xff,0xff,0xdf,0xff,
  0xbe,0xf7,0xff,0xff,0x31,0x84,0x01,0x00,0xa4,0x10,0x83,0x08,0xa4,0x08,0xa4,0x08,
  0xa4,0x08,0x83,0x08,0x00,0x00,0x00,0x00,0x00,0x00,0x00,0x00,0x00,0x00,0x00,0x00,
  0x00,0x00,0x00,0x00,0x00,0x00,0x00,0x00,0x00,0x00,0x00,0x00,0xa3,0x08,0xa4,0x08,
  0x83,0x08,0x83,0x08,0x83,0x08,0xa4,0x10,0x22,0x00,0x31,0x84,0xff,0xff,0xdf,0xff,
  0xff,0xff,0xbe,0xf7,0xdf,0xff,0xd7,0xb5,0x22,0x00,0x63,0x08,0x62,0x08,0x83,0x08,
  0x83,0x08,0x83,0x08,0x83,0x08,0x62,0x08,0x62,0x08,0x83,0x08,0x83,0x08,0x83,0x08,
  0x83,0x08,0x83,0x08,0x83,0x08,0x83,0x08,0x83,0x08,0x83,0x08,0x83,0x08,0x83,0x08,
  0x83,0x08,0x62,0x00,0xa4,0x10,0xfb,0xde,0xdf,0xff,0xdf,0xff,0xff,0xff,0xff,0xff,
  0xdf,0xff,0xdf,0xff,0xdf,0xff,0xdf,0xff,0x9a,0xce,0x83,0x08,0x63,0x08,0x83,0x08,
  0x83,0x08,0x83,0x08,0x83,0x08,0x83,0x08,0x83,0x08,0x83,0x08,0x83,0x08,0x83,0x08,
  0x83,0x08,0x83,0x08,0x62,0x08,0x62,0x08,0x83,0x10,0x83,0x10,0x83,0x08,0x83,0x08,
  0x83,0x08,0x83,0x08,0xa4,0x08,0x22,0x00,0xf7,0xbd,0xdf,0xff,0xbe,0xf7,0xff,0xff,
  0xdf,0xff,0xff,0xff,0x31,0x84,0x01,0x00,0xc4,0x10,0xa3,0x08,0x83,0x08,0x83,0x08,
  0xa3,0x08,0x83,0x08,0x00,0x00,0x00,0x00,0x00,0x00,0x00,0x00,0x00,0x00,0x00,0x00,
  0x00,0x00,0x00,0x00,0x00,0x00,0x00,0x00,0x00,0x00,0x00,0x00,0x83,0x08,0x83,0x08,
  0x83,0x08,0x83,0x08,0x83,0x08,0xa4,0x10,0x22,0x00,0x31,0x84,0xff,0xff,0xbf,0xf7,
  0xff,0xff,0xff,0xff,0xff,0xff,0x39,0xc6,0x42,0x00,0xa4,0x10,0x83,0x08,0xa4,0x08,
  0x42,0x08,0x0e,0x0a,0xb9,0x03,0x37,0x03,0x79,0x03,0x0e,0x0a,0x62,0x08,0xa4,0x08,
  0xa4,0x08,0xa4,0x08,0x83,0x08,0x83,0x08,0x83,0x08,0x83,0x08,0x83,0x08,0x83,0x08,
  0xa3,0x08,0x83,0x08,0xe5,0x10,0x5d,0xef,0xff,0xff,0xff,0xff,0xdf,0xff,0xff,0xff,
  0xff,0xff,0xdf,0xff,0xff,0xff,0xff,0xff,0xfb,0xde,0x83,0x08,0x83,0x08,0x83,0x08,
  0x83,0x08,0x83,0x08,0x83,0x08,0x83,0x08,0x83,0x08,0x83,0x08,0x84,0x08,0x84,0x08,
  0xa4,0x08,0x42,0x08,0x2f,0x02,0x99,0x03,0x58,0x03,0x99,0x0b,0x8b,0x09,0x41,0x08,
  0x83,0x08,0x83,0x08,0xa4,0x08,0x62,0x00,0x7a,0xce,0xff,0xff,0xff,0xff,0xff,0xff,
  0xbf,0xff,0xff,0xff,0x51,0x84,0x01,0x00,0xa4,0x10,0xa3,0x08,0x83,0x08,0x83,0x08,
  0xa3,0x08,0xa4,0x08,0x00,0x00,0x00,0x00,0x00,0x00,0x00,0x00,0x00,0x00,0x00,0x00,
  0x00,0x00,0x00,0x00,0x83,0x08,0x84,0x08,0x83,0x08,0x84,0x08,0x83,0x08,0x63,0x08,
  0x83,0x08,0x83,0x08,0x83,0x08,0xa4,0x10,0x01,0x00,0x10,0x84,0xff,0xff,0xdf,0xff,
  0x5d,0xef,0x72,0x8c,0x72,0x8c,0x2d,0x63,0x42,0x00,0x83,0x08,0x83,0x08,0xa4,0x08,
  0x42,0x08,0x71,0x02,0x9f,0x04,0x1f,0x04,0x7f,0x04,0x51,0x0a,0x00,0x08,0x62,0x08,
  0x42,0x08,0x41,0x08,0x62,0x08,0x83,0x08,0x83,0x08,0x83,0x08,0x83,0x08,0x83,0x08,
  0x83,0x08,0x83,0x08,0xa4,0x10,0xf0,0x7b,0x31,0x84,0xf8,0xbd,0xff,0xff,0xdf,0xff,
  0xdf,0xff,0xff,0xff,0x39,0xc6,0x10,0x84,0x6e,0x6b,0x83,0x08,0x83,0x08,0x83,0x08,
  0x83,0x08,0x83,0x08,0x83,0x08,0x83,0x08,0x83,0x08,0x62,0x08,0x21,0x08,0x42,0x08,
  0x62,0x08,0x00,0x08,0xd3,0x02,0xbf,0x04,0x3f,0x04,0x9f,0x04,0xcd,0x01,0x41,0x08,
  0xa4,0x08,0x83,0x08,0x83,0x08,0x63,0x08,0x6e,0x6b,0x72,0x8c,0x31,0x84,0x5d,0xef,
  0xdf,0xff,0xff,0xff,0x52,0x8c,0x02,0x00,0xa4,0x10,0x83,0x08,0x83,0x08,0x83,0x08,
  0x83,0x08,0x83,0x08,0xa4,0x08,0xa4,0x08,0x83,0x08,0x83,0x08,0x00,0x00,0x00,0x00,
  0x00,0x00,0x00,0x00,0x83,0x08,0xa4,0x08,0x83,0x08,0xa4,0x08,0xc5,0x08,0xc4,0x08,
  0xc5,0x08,0xc5,0x08,0x83,0x08,0xa4,0x08,0x00,0x00,0x10,0x84,0xff,0xff,0xff,0xff,
  0xbb,0xd6,0x43,0x00,0x01,0x00,0x22,0x00,0x83,0x08,0x83,0x08,0x83,0x08,0x83,0x08,
  0x21,0x08,0x2f,0x02,0x5f,0x04,0xfe,0x03,0x1f,0x04,0x38,0x03,0x71,0x0a,0x92,0x0a,
  0x71,0x02,0x92,0x02,0x69,0x09,0x62,0x08,0x83,0x08,0x83,0x08,0x83,0x08,0x83,0x08,
  0x83,0x08,0x83,0x08,0x83,0x08,0x42,0x00,0x00,0x00,0xd0,0x73,0xff,0xff,0xbe,0xf7,
  0xbe,0xf7,0xff,0xff,0x11,0x7c,0x00,0x00,0x22,0x00,0x83,0x08,0x83,0x08,0x83,0x08,
  0x83,0x08,0x83,0x08,0x83,0x08,0x83,0x08,0x62,0x08,0x49,0x01,0x91,0x02,0x71,0x02,
  0x71,0x02,0x71,0x0a,0x99,0x03,0x3f,0x04,0x1e,0x04,0x5f,0x04,0xad,0x01,0x62,0x08,
  0xa4,0x08,0x83,0x08,0x83,0x08,0x83,0x08,0x42,0x00,0x01,0x00,0x21,0x00,0xdb,0xde,
  0xff,0xff,0xff,0xff,0x72,0x8c,0x02,0x00,0xa4,0x08,0x83,0x08,0xa4,0x08,0xe5,0x08,
  0xe5,0x08,0xa4,0x08,0x83,0x08,0x83,0x08,0xa4,0x08,0x83,0x08,0x00,0x00,0x00,0x00,
  0x00,0x00,0x00,0x00,0x83,0x08,0x83,0x08,0x83,0x08,0x83,0x08,0x99,0x03,0xfd,0x03,
  0xdd,0x03,0xd5,0x02,0x42,0x08,0xa3,0x08,0x01,0x00,0x31,0x84,0xff,0xff,0xff,0xff,
  0xdb,0xd6,0xc4,0x10,0x83,0x08,0xa3,0x08,0x83,0x08,0x83,0x08,0x83,0x08,0x83,0x08,
  0x21,0x08,0x50,0x02,0x9f,0x04,0x5f,0x04,0x5f,0x04,0x5f,0x04,0x9f,0x04,0x7f,0x04,
  0x5f,0x04,0xbf,0x04,0x0f,0x02,0x00,0x08,0x63,0x08,0x42,0x08,0x63,0x08,0x83,0x08,
  0x83,0x08,0x83,0x08,0x83,0x08,0xc4,0x10,0x22,0x00,0x52,0x84,0xff,0xff,0xff,0xff,
  0xff,0xff,0xff,0xff,0x52,0x84,0x21,0x00,0xc4,0x10,0x83,0x08,0x83,0x08,0x83,0x08,
  0x83,0x08,0x62,0x08,0x42,0x08,0x63,0x08,0x00,0x08,0x50,0x02,0xdf,0x04,0x5f,0x04,
  0x7f,0x04,0x7f,0x04,0x7f,0x04,0x5f,0x04,0x5f,0x04,0x7f,0x04,0xee,0x01,0x62,0x08,
  0x84,0x08,0x83,0x08,0x83,0x08,0x83,0x08,0xa4,0x10,0xa3,0x08,0xe5,0x18,0xfc,0xde,
  0xff,0xff,0xff,0xff,0x52,0x8c,0x01,0x00,0xa3,0x08,0x41,0x08,0xf5,0x02,0x3d,0x04,
  0xfd,0x03,0x59,0x03,0x83,0x08,0x63,0x08,0x83,0x08,0x83,0x08,0x00,0x00,0x07,0x00,
  0x00,0x00,0x00,0x00,0x83,0x08,0xa4,0x08,0x83,0x08,0x63,0x00,0xbb,0x03,0x5f,0x04,
  0x5f,0x04,0x18,0x03,0x41,0x08,0xa3,0x08,0x01,0x00,0x31,0x84,0xff,0xff,0xff,0xff,
  0xbb,0xd6,0x83,0x08,0x63,0x08,0x83,0x08,0x83,0x08,0x83,0x08,0x83,0x08,0x83,0x08,
  0x41,0x08,0x0e,0x0a,0xdb,0x0b,0x79,0x03,0x99,0x03,0x1d,0x04,0x3f,0x04,0x3f,0x04,
  0x3e,0x04,0x5f,0x04,0x92,0x02,0x27,0x09,0x48,0x09,0x27,0x09,0xc5,0x08,0x83,0x08,
  0x83,0x08,0x83,0x08,0x83,0x08,0xa3,0x08,0x22,0x00,0x4e,0x63,0x59,0xc6,0xf7,0xbd,
  0xf8,0xbd,0x38,0xc6,0x2d,0x63,0x21,0x00,0x83,0x08,0x83,0x08,0x83,0x08,0x83,0x08,
  0x83,0x08,0xe6,0x08,0x27,0x09,0x48,0x09,0x27,0x09,0xb3,0x02,0x5f,0x04,0x1e,0x04,
  0x1e,0x04,0x1f,0x04,0xfd,0x03,0x79,0x03,0x79,0x03,0xdb,0x0b,0xab,0x01,0x41,0x08,
  0x83,0x08,0x83,0x08,0x83,0x08,0x83,0x08,0x83,0x08,0x83,0x08,0xc4,0x10,0xfb,0xde,
  0xff,0xff,0xff,0xff,0x51,0x84,0x01,0x00,0xa4,0x08,0x42,0x08,0x58,0x03,0x7f,0x04,
  0x5f,0x04,0xdc,0x03,0xa4,0x08,0x63,0x08,0x83,0x08,0x83,0x08,0x00,0x00,0x07,0x00,
  0x00,0x00,0x00,0x00,0x83,0x08,0xa4,0x08,0x83,0x08,0xa4,0x08,0xdb,0x03,0x3f,0x04,
  0x3f,0x04,0x18,0x03,0x42,0x08,0xa3,0x08,0x02,0x00,0x31,0x84,0xff,0xff,0xff,0xff,
  0xbb,0xd6,0xa4,0x08,0x83,0x08,0x83,0x08,0x83,0x08,0x83,0x08,0x83,0x08,0x83,0x08,
  0x83,0x08,0x83,0x08,0xa4,0x08,0x83,0x08,0x41,0x08,0x78,0x03,0x7f,0x04,0x3f,0x04,
  0x3f,0x04,0x3f,0x04,0x5f,0x04,0x7f,0x0c,0x3e,0x04,0x5f,0x04,0x0f,0x0a,0x42,0x08,
  0x83,0x08,0x83,0x08,0x83,0x08,0x83,0x08,0xa3,0x08,0x83,0x08,0x42,0x00,0x42,0x00,
  0x62,0x00,0x42,0x00,0x63,0x00,0x83,0x08,0x83,0x08,0x83,0x08,0x83,0x08,0x83,0x08,
  0x41,0x08,0xd3,0x0a,0xbf,0x04,0x3e,0x04,0x7f,0x0c,0x5f,0x04,0x3f,0x04,0x3f,0x04,
  0x3f,0x04,0x5f,0x04,0x17,0x03,0x42,0x08,0x84,0x08,0xa4,0x08,0x83,0x08,0x83,0x08,
  0x83,0x08,0x83,0x08,0x83,0x08,0x83,0x08,0x83,0x08,0x83,0x08,0xc4,0x10,0xfb,0xde,
  0xff,0xff,0xff,0xff,0x31,0x84,0x00,0x00,0xa4,0x10,0x62,0x08,0x58,0x0b,0x7f,0x04,
  0x3f,0x04,0xbb,0x03,0xa5,0x08,0x83,0x08,0x84,0x08,0x84,0x08,0x00,0x00,0x07,0x00,
  0x00,0x00,0x00,0x00,0x83,0x08,0x83,0x08,0x83,0x08,0xc5,0x08,0xfc,0x03,0x3f,0x04,
  0x3f,0x04,0x38,0x03,0x62,0x08,0xc4,0x10,0x22,0x00,0x31,0x84,0xff,0xff,0xff,0xff,
  0xbb,0xd6,0xa4,0x08,0x83,0x08,0x83,0x08,0x83,0x08,0x83,0x08,0x83,0x08,0x83,0x08,
  0x83,0x08,0x83,0x08,0x83,0x08,0x84,0x08,0x42,0x08,0x37,0x03,0x7f,0x04,0x1e,0x04,
  0x3f,0x04,0x3f,0x04,0x3f,0x04,0x3f,0x04,0x3f,0x04,0x5f,0x04,0xee,0x01,0x41,0x08,
  0x83,0x08,0x83,0x08,0x83,0x08,0x83,0x08,0x83,0x08,0x83,0x08,0x83,0x08,0x83,0x08,
  0x83,0x08,0x83,0x08,0x83,0x08,0x83,0x08,0x83,0x08,0x83,0x08,0x83,0x08,0x83,0x08,
  0x21,0x08,0x92,0x02,0x9f,0x04,0x1f,0x04,0x1f,0x04,0x3f,0x04,0x3f,0x04,0x5f,0x04,
  0x3f,0x04,0x5f,0x04,0x37,0x03,0x62,0x08,0xa4,0x08,0x84,0x08,0x83,0x08,0x83,0x08,
  0x83,0x08,0x83,0x08,0x83,0x08,0x83,0x08,0x83,0x08,0x83,0x08,0xc4,0x10,0xfb,0xde,
  0xff,0xff,0xff,0xff,0x31,0x84,0x01,0x00,0xa4,0x10,0x63,0x08,0x58,0x0b,0x7f,0x04,
  0x5f,0x04,0xbb,0x03,0xa4,0x08,0x83,0x08,0xa4,0x08,0xa4,0x08,0x00,0x00,0x07,0x00,
  0x00,0x00,0x00,0x00,0x83,0x08,0x83,0x08,0x83,0x08,0xc5,0x08,0xdc,0x03,0x3f,0x04,
  0x5f,0x04,0x38,0x03,0x83,0x08,0xc4,0x10,0x22,0x00,0x31,0x84,0xff,0xff,0xff,0xff,
  0xbb,0xd6,0xa4,0x10,0x83,0x08,0x83,0x08,0x83,0x08,0x83,0x08,0x83,0x08,0x83,0x08,
  0x83,0x08,0x83,0x08,0x83,0x08,0x83,0x08,0x63,0x08,0xe6,0x08,0x49,0x09,0x07,0x01,
  0x8b,0x01,0x3f,0x04,0x3f,0x04,0x3f,0x04,0x3f,0x04,0x1f,0x04,0xbc,0x03,0xf6,0x02,
  0x63,0x08,0x83,0x08,0x83,0x08,0x83,0x08,0x83,0x08,0x83,0x08,0x83,0x08,0x83,0x08,
  0x83,0x08,0x83,0x08,0x83,0x08,0x83,0x08,0x83,0x08,0x83,0x08,0x62,0x08,0xa4,0x08,
  0x36,0x03,0xdc,0x03,0x3f,0x04,0x3f,0x04,0x3f,0x04,0x1f,0x04,0x3f,0x04,0xcd,0x01,
  0x28,0x09,0x49,0x09,0xe6,0x08,0x83,0x08,0x83,0x08,0x83,0x08,0x83,0x08,0x83,0x08,
  0x83,0x08,0x83,0x08,0x83,0x08,0x83,0x08,0x83,0x08,0x83,0x08,0xc4,0x10,0xfb,0xde,
  0xff,0xff,0xff,0xff,0x52,0x8c,0x02,0x00,0xc4,0x10,0x62,0x08,0x37,0x03,0x5f,0x04,
  0x5f,0x04,0xbc,0x03,0xa5,0x08,0x83,0x08,0xa4,0x08,0xa4,0x08,0x00,0x00,0x07,0x00,
  0x00,0x00,0x00,0x00,0x83,0x08,0xa4,0x08,0x83,0x08,0x83,0x08,0xba,0x03,0x5f,0x04,
  0x5f,0x04,0x38,0x03,0x63,0x08,0xa4,0x10,0x01,0x00,0x30,0x84,0xff,0xff,0xff,0xff,
  0xdb,0xd6,0xa4,0x10,0x83,0x08,0x83,0x08,0x83,0x08,0x83,0x08,0x83,0x08,0x83,0x08,
  0x83,0x08,0x83,0x08,0x83,0x08,0x83,0x08,0x83,0x08,0x62,0x08,0x62,0x08,0x41,0x08,
  0xe7,0x08,0x3e,0x04,0x3f,0x04,0x3f,0x04,0x3f,0x04,0x1f,0x04,0x5f,0x04,0xbc,0x03,
  0x83,0x08,0x83,0x08,0x83,0x08,0x83,0x08,0x83,0x08,0x83,0x08,0x83,0x08,0x83,0x08,
  0x83,0x08,0x83,0x08,0x83,0x08,0x83,0x08,0x83,0x08,0x83,0x08,0x62,0x08,0xc5,0x00,
  0x1e,0x04,0x5f,0x04,0x1f,0x04,0x3f,0x04,0x3f,0x04,0x1f,0x04,0x5f,0x04,0x49,0x09,
  0x41,0x08,0x62,0x08,0x62,0x08,0x83,0x08,0x83,0x08,0x83,0x08,0x83,0x08,0x83,0x08,
  0x83,0x08,0x83,0x08,0x83,0x08,0x83,0x08,0x83,0x08,0x83,0x08,0xc4,0x10,0xdb,0xde,
  0xff,0xff,0xff,0xff,0x52,0x8c,0x22,0x00,0xc4,0x10,0x42,0x08,0x36,0x03,0x7f,0x04,
  0x5f,0x04,0xdc,0x03,0xa5,0x08,0x63,0x08,0xa4,0x08,0xa4,0x08,0x00,0x00,0x00,0x00,
  0x00,0x00,0x00,0x00,0x83,0x08,0xa4,0x08,0x83,0x08,0x83,0x08,0x9a,0x03,0x5f,0x04,
  0x5f,0x04,0x58,0x03,0x62,0x08,0xa3,0x08,0x01,0x00,0x31,0x84,0xff,0xff,0xff,0xff,
  0xdb,0xd6,0xa4,0x08,0x83,0x08,0x83,0x08,0x83,0x08,0x83,0x08,0x83,0x08,0x83,0x08,
  0x83,0x08,0x83,0x08,0x83,0x08,0x83,0x08,0x83,0x08,0x83,0x08,0x63,0x08,0x62,0x08,
  0x28,0x09,0x3e,0x04,0x3f,0x04,0x1f,0x04,0x1f,0x04,0x3f,0x04,0x3f,0x04,0xbb,0x03,
  0xa4,0x08,0x83,0x08,0x83,0x08,0x83,0x08,0x83,0x08,0x83,0x08,0x83,0x08,0x83,0x08,
  0x83,0x08,0x83,0x08,0x83,0x08,0x83,0x08,0x83,0x08,0x83,0x08,0x83,0x08,0xe6,0x08,
  0xdd,0x03,0x1f,0x04,0x1f,0x04,0x1f,0x04,0x3f,0x04,0x3f,0x04,0x5f,0x04,0x6a,0x09,
  0x42,0x08,0x83,0x08,0x83,0x08,0x83,0x08,0x83,0x08,0x83,0x08,0x83,0x08,0x83,0x08,
  0x83,0x08,0x83,0x08,0x83,0x08,0x83,0x08,0x83,0x08,0x83,0x08,0xa3,0x10,0xfb,0xde,
  0xff,0xff,0xff,0xff,0x52,0x8c,0x22,0x00,0xa4,0x10,0x42,0x08,0x17,0x03,0x5f,0x04,
  0x3f,0x04,0xdc,0x03,0xa5,0x08,0x63,0x08,0x83,0x08,0xa4,0x08,0x00,0x00,0x07,0x00,
  0x00,0x00,0x00,0x00,0x83,0x08,0x83,0x08,0x83,0x08,0xa4,0x08,0xbb,0x03,0x3f,0x04,
  0x3f,0x04,0x38,0x03,0x62,0x08,0xa3,0x08,0x01,0x00,0x31,0x84,0xff,0xff,0xff,0xff,
  0xdb,0xd6,0xa4,0x08,0x83,0x08,0x83,0x08,0x83,0x08,0x83,0x08,0x83,0x08,0x83,0x08,
  0x83,0x08,0x83,0x08,0x83,0x08,0x83,0x08,0x84,0x08,0xc5,0x08,0xc5,0x08,0xa4,0x08,
  0x6a,0x09,0x3e,0x04,0x3f,0x04,0x1f,0x04,0x1f,0x04,0x3f,0x04,0x9f,0x04,0xfd,0x03,
  0xa4,0x08,0x83,0x08,0x83,0x08,0x83,0x08,0x83,0x08,0x83,0x08,0x83,0x08,0x83,0x08,
  0x83,0x08,0x83,0x08,0x83,0x08,0x83,0x08,0x83,0x08,0x83,0x08,0x83,0x08,0xe6,0x08,
  0x1f,0x04,0x7f,0x04,0x3f,0x04,0x1f,0x04,0x3f,0x04,0x3f,0x04,0x3f,0x04,0x8b,0x01,
  0x84,0x08,0xe6,0x08,0xa5,0x08,0x83,0x08,0x83,0x08,0x83,0x08,0x83,0x08,0x83,0x08,
  0x83,0x08,0x83,0x08,0x83,0x08,0x83,0x08,0xa3,0x08,0x83,0x08,0xc4,0x10,0xfb,0xde,
  0xff,0xff,0xff,0xff,0x52,0x8c,0x01,0x00,0xa4,0x10,0x62,0x08,0x58,0x03,0x5f,0x04,
  0x3f,0x04,0xbb,0x03,0xa4,0x08,0x83,0x08,0xa4,0x08,0x84,0x08,0x00,0x00,0x07,0x00,
  0x00,0x00,0x00,0x00,0x83,0x08,0x83,0x08,0x62,0x08,0xa4,0x08,0xdc,0x03,0x3f,0x04,
  0x3f,0x04,0x17,0x03,0x62,0x08,0xa4,0x10,0x01,0x00,0x30,0x84,0xff,0xff,0xff,0xff,
  0xdb,0xd6,0xa4,0x10,0x83,0x08,0x83,0x08,0x83,0x08,0x83,0x08,0x83,0x08,0x83,0x08,
  0x83,0x08,0x84,0x08,0x84,0x08,0x83,0x08,0x83,0x08,0x36,0x03,0x1d,0x04,0xbc,0x03,
  0xdd,0x03,0x1f,0x04,0x1f,0x04,0x1f,0x04,0x1f,0x04,0xf6,0x02,0x93,0x02,0x50,0x02,
  0x83,0x08,0x83,0x08,0x83,0x08,0x83,0x08,0x83,0x08,0x83,0x08,0x83,0x08,0x83,0x08,
  0x83,0x08,0x83,0x08,0x83,0x08,0x83,0x08,0x83,0x08,0x83,0x08,0x83,0x08,0x84,0x08,
  0x30,0x02,0x92,0x02,0x58,0x03,0x3f,0x04,0x1f,0x04,0x1f,0x04,0x1f,0x04,0xfd,0x03,
  0xdc,0x03,0x3e,0x04,0x36,0x0b,0x63,0x08,0x84,0x08,0x84,0x08,0x83,0x08,0x83,0x08,
  0x83,0x08,0x83,0x08,0x83,0x08,0x83,0x08,0x83,0x08,0x83,0x08,0xc4,0x10,0xfb,0xde,
  0xff,0xff,0xff,0xff,0x51,0x8c,0x01,0x00,0xa3,0x10,0x63,0x08,0x78,0x0b,0x5f,0x04,
  0x1f,0x04,0x9b,0x03,0xa4,0x08,0x83,0x08,0xa4,0x08,0xa4,0x08,0x00,0x00,0x07,0x00,
  0x00,0x00,0x00,0x00,0x83,0x08,0xa3,0x08,0x83,0x08,0x84,0x08,0xdb,0x03,0x3f,0x04,
  0x3f,0x04,0x17,0x03,0x62,0x08,0xc4,0x10,0x01,0x00,0x31,0x84,0xff,0xff,0xff,0xff,
  0xdb,0xd6,0xa4,0x08,0x83,0x08,0x83,0x08,0x83,0x08,0x83,0x08,0x83,0x08,0x83,0x08,
  0x83,0x08,0x83,0x08,0x62,0x08,0x41,0x08,0x00,0x08,0x57,0x03,0x5f,0x04,0x1f,0x04,
  0x1f,0x04,0x3f,0x04,0x5f,0x04,0x3f,0x04,0x9f,0x04,0x8b,0x09,0x20,0x08,0x62,0x08,
  0x83,0x08,0x83,0x08,0x83,0x08,0x83,0x08,0x83,0x08,0x83,0x08,0x83,0x08,0x83,0x08,
  0x83,0x08,0x83,0x08,0x83,0x08,0x83,0x08,0x83,0x08,0x83,0x08,0x83,0x08,0x83,0x08,
  0x62,0x08,0x20,0x08,0xed,0x09,0x9f,0x04,0x1f,0x04,0x5f,0x04,0x3f,0x04,0x3f,0x04,
  0x3f,0x04,0x7f,0x04,0x57,0x03,0x00,0x08,0x41,0x08,0x42,0x08,0x83,0x08,0x83,0x08,
  0x83,0x08,0x83,0x08,0x83,0x08,0x83,0x08,0x83,0x08,0x83,0x08,0xc4,0x10,0xfb,0xde,
  0xff,0xff,0xff,0xff,0x51,0x8c,0x01,0x00,0xa4,0x10,0x62,0x08,0x58,0x0b,0x5f,0x04,
  0x1f,0x04,0x9c,0x03,0xa5,0x08,0x83,0x08,0xa3,0x08,0x84,0x08,0x00,0x00,0x00,0x00,
  0x00,0x00,0x00,0x00,0x83,0x08,0xa3,0x08,0x83,0x08,0x83,0x08,0xba,0x03,0x3f,0x04,
  0x5f,0x04,0x38,0x03,0x63,0x08,0xa4,0x10,0x01,0x00,0x31,0x84,0xff,0xff,0xff,0xff,
  0xdb,0xd6,0xa4,0x10,0x83,0x08,0x83,0x08,0x83,0x08,0x83,0x08,0x83,0x08,0x83,0x08,
  0x62,0x08,0x8a,0x09,0xb1,0x0a,0x50,0x0a,0x2f,0x02,0xbb,0x03,0x3f,0x04,0xff,0x03,
  0x1f,0x04,0xdc,0x03,0x17,0x03,0x37,0x03,0x58,0x03,0x6a,0x09,0x83,0x08,0xa4,0x08,
  0x83,0x08,0x83,0x08,0x83,0x08,0x62,0x08,0x63,0x08,0x83,0x08,0x63,0x08,0x62,0x08,
  0x62,0x08,0x62,0x08,0x62,0x08,0x62,0x08,0x62,0x08,0x83,0x08,0x83,0x08,0x83,0x08,
  0xa4,0x08,0x83,0x08,0x6a,0x09,0x17,0x03,0x17,0x03,0x38,0x03,0xdc,0x03,0x3f,0x04,
  0x1e,0x04,0x3f,0x04,0xbb,0x03,0x2f,0x02,0x50,0x0a,0x71,0x0a,0x28,0x09,0x62,0x08,
  0x83,0x08,0x83,0x08,0x83,0x08,0x83,0x08,0x83,0x08,0x83,0x08,0xc4,0x10,0xfb,0xde,
  0xff,0xff,0xff,0xff,0x51,0x8c,0x01,0x00,0xa4,0x10,0x42,0x08,0x37,0x03,0x5f,0x04,
  0x3f,0x04,0xbc,0x03,0xa5,0x08,0x83,0x08,0xa3,0x08,0x83,0x08,0x00,0x00,0x00,0x00,
  0x00,0x00,0x00,0x00,0x83,0x08,0xa3,0x08,0x83,0x08,0x83,0x08,0x9a,0x03,0x3f,0x04,
  0x3f,0x04,0x38,0x03,0x62,0x08,0xa4,0x08,0x22,0x00,0x31,0x84,0xff,0xff,0xff,0xff,
  0xdb,0xde,0xe5,0x10,0xa4,0x08,0xa4,0x08,0x83,0x08,0x83,0x08,0x83,0x08,0x84,0x08,
  0x21,0x08,0x70,0x02,0xbf,0x04,0x5f,0x04,0x7f,0x04,0x3f,0x04,0x3f,0x04,0x1f,0x04,
  0x5f,0x04,0xf6,0x02,0x21,0x08,0x83,0x08,0x62,0x08,0x83,0x08,0x83,0x08,0x83,0x08,
  0x83,0x08,0x62,0x08,0x6a,0x09,0xb9,0x03,0x78,0x03,0x99,0x03,0x79,0x03,0x78,0x03,
  0x78,0x03,0x99,0x03,0x99,0x03,0x78,0x03,0x79,0x03,0x49,0x01,0x62,0x08,0x83,0x08,
  0x83,0x08,0x83,0x08,0x63,0x08,0x62,0x08,0x83,0x08,0x21,0x08,0xd5,0x02,0x5f,0x04,
  0x1f,0x04,0x3f,0x04,0x3f,0x04,0x7f,0x04,0x5f,0x04,0x9f,0x0c,0xce,0x01,0x41,0x08,
  0x83,0x08,0x83,0x08,0x83,0x08,0x83,0x08,0xa3,0x10,0xa4,0x08,0xe5,0x10,0xfb,0xde,
  0xff,0xff,0xff,0xff,0x51,0x84,0x22,0x00,0xa4,0x10,0x42,0x08,0x17,0x03,0x5f,0x04,
  0x3f,0x04,0x9b,0x03,0x84,0x08,0x83,0x08,0x84,0x08,0x83,0x08,0x00,0x00,0x07,0x00,
  0x00,0x00,0x00,0x00,0x83,0x08,0x83,0x08,0x83,0x08,0x84,0x08,0xdc,0x03,0x5f,0x04,
  0x7f,0x04,0x59,0x03,0x42,0x08,0xa4,0x10,0x22,0x00,0x51,0x84,0xff,0xff,0xff,0xff,
  0xdb,0xd6,0x63,0x00,0x01,0x00,0x42,0x00,0x83,0x08,0x83,0x08,0x83,0x08,0xa4,0x08,
  0x41,0x08,0x2f,0x02,0x5f,0x04,0x1e,0x04,0x1f,0x04,0x1e,0x04,0x1d,0x04,0x1d,0x04,
  0x3e,0x04,0x16,0x03,0x62,0x08,0xa4,0x08,0xa4,0x08,0x83,0x08,0x83,0x08,0x83,0x08,
  0xa4,0x08,0x42,0x08,0xab,0x01,0xdf,0x04,0x9f,0x04,0x7f,0x04,0x7f,0x04,0x7f,0x04,
  0x7f,0x04,0x7f,0x04,0x9f,0x04,0x7f,0x04,0xbf,0x04,0x8b,0x01,0x41,0x08,0x84,0x08,
  0x83,0x08,0x83,0x08,0x83,0x08,0xa4,0x08,0xa4,0x08,0x41,0x08,0x93,0x02,0x3e,0x04,
  0x1d,0x04,0x1e,0x04,0x1e,0x04,0x3e,0x04,0x1e,0x04,0x3f,0x04,0xac,0x01,0x41,0x08,
  0xa4,0x08,0x83,0x08,0x83,0x08,0x83,0x08,0x42,0x00,0x01,0x00,0x42,0x00,0xdb,0xde,
  0xff,0xff,0xff,0xff,0x31,0x84,0x01,0x00,0xa4,0x10,0x42,0x08,0x58,0x03,0x7f,0x04,
  0x5f,0x04,0xbc,0x03,0x84,0x08,0x83,0x08,0x84,0x08,0x83,0x08,0x00,0x00,0x00,0x00,
  0x00,0x00,0x00,0x00,0x83,0x08,0x84,0x08,0x83,0x08,0xa4,0x08,0x57,0x0b,0x9a,0x03,
  0xba,0x03,0xf4,0x02,0x83,0x08,0xa4,0x10,0x22,0x00,0x31,0x84,0xff,0xff,0xff,0xff,
  0x1c,0xe7,0xcc,0x5a,0xcc,0x5a,0x6a,0x42,0x83,0x08,0x83,0x08,0x83,0x08,0xa4,0x08,
  0x42,0x08,0x70,0x0a,0x7f,0x04,0x1e,0x04,0x5f,0x04,0x72,0x02,0xc5,0x08,0x07,0x09,
  0xe6,0x08,0xe6,0x08,0x83,0x08,0x83,0x08,0x83,0x08,0x83,0x08,0x83,0x08,0x83,0x08,
  0x83,0x08,0x62,0x08,0x49,0x01,0xba,0x03,0xba,0x03,0x5e,0x04,0x3e,0x04,0x5f,0x04,
  0x3f,0x04,0x3f,0x04,0x5f,0x04,0x9a,0x03,0x99,0x03,0x6a,0x09,0x42,0x08,0x83,0x08,
  0x83,0x08,0x83,0x08,0x83,0x08,0x83,0x08,0x83,0x08,0x83,0x08,0xc5,0x08,0x07,0x09,
  0x28,0x09,0xc5,0x08,0xd5,0x02,0x5f,0x04,0x1e,0x04,0x5f,0x04,0xcd,0x01,0x62,0x08,
  0xa4,0x08,0x83,0x08,0x83,0x08,0x83,0x08,0x8b,0x4a,0xec,0x5a,0xec,0x5a,0x3c,0xe7,
  0xff,0xff,0xff,0xff,0x31,0x84,0x01,0x00,0xa4,0x10,0x83,0x08,0xd4,0x02,0xba,0x03,
  0x9a,0x03,0x16,0x03,0x83,0x08,0x83,0x08,0xa4,0x08,0x83,0x08,0x00,0x00,0x00,0x00,
  0x00,0x00,0x00,0x00,0x63,0x00,0x83,0x08,0x83,0x08,0x83,0x08,0xa4,0x08,0xa4,0x08,
  0x83,0x08,0x83,0x08,0xa4,0x08,0xa4,0x10,0x01,0x00,0x10,0x84,0xff,0xff,0xdf,0xff,
  0xff,0xff,0xff,0xff,0xff,0xff,0x39,0xc6,0x84,0x08,0xc4,0x10,0xa3,0x08,0x83,0x08,
  0x21,0x08,0x71,0x02,0xbf,0x04,0x3f,0x04,0x9f,0x04,0x72,0x0a,0x21,0x08,0x83,0x08,
  0x62,0x08,0x63,0x08,0x83,0x08,0x83,0x08,0x83,0x08,0x83,0x08,0x83,0x08,0x83,0x08,
  0x83,0x08,0x83,0x08,0x83,0x08,0x42,0x08,0x28,0x01,0x5f,0x04,0x3e,0x04,0x3f,0x04,
  0x3f,0x04,0x3f,0x04,0x5f,0x04,0x28,0x01,0x41,0x08,0xa4,0x08,0x83,0x08,0x83,0x08,
  0x83,0x08,0x83,0x08,0x83,0x08,0x83,0x08,0x83,0x08,0x83,0x08,0x83,0x08,0x83,0x08,
  0x83,0x08,0x41,0x08,0xd4,0x02,0x9f,0x04,0x3f,0x04,0x9f,0x04,0xcd,0x01,0x41,0x08,
  0x83,0x08,0xa3,0x08,0xa4,0x10,0xc4,0x10,0xfc,0xde,0xff,0xff,0xff,0xff,0xff,0xff,
  0xdf,0xff,0xff,0xff,0x51,0x84,0x01,0x00,0xa3,0x10,0xa3,0x08,0xa4,0x08,0x83,0x08,
  0x83,0x08,0x83,0x08,0x63,0x00,0x83,0x08,0x83,0x08,0xa4,0x08,0x00,0x00,0x00,0x00,
  0x00,0x00,0x00,0x00,0x00,0x00,0x00,0x00,0x00,0x00,0x00,0x00,0xa4,0x08,0xa4,0x08,
  0x83,0x08,0x83,0x08,0x83,0x08,0xa3,0x10,0x01,0x00,0x31,0x84,0xff,0xff,0xdf,0xff,
  0xdf,0xff,0xbe,0xf7,0xff,0xff,0xb7,0xb5,0x00,0x00,0x22,0x00,0x42,0x00,0x83,0x08,
  0x62,0x08,0x27,0x09,0xcc,0x09,0x6a,0x01,0xac,0x09,0x28,0x09,0x63,0x08,0x83,0x08,
  0x83,0x08,0x83,0x08,0x83,0x08,0x83,0x08,0x83,0x08,0x83,0x08,0x83,0x08,0x83,0x08,
  0x83,0x08,0x83,0x08,0xa3,0x08,0x62,0x08,0x69,0x09,0x7f,0x04,0x7f,0x04,0x3f,0x04,
  0x3f,0x04,0x5f,0x04,0x9f,0x04,0x6a,0x09,0x62,0x08,0x83,0x08,0x83,0x08,0x83,0x08,
  0x83,0x08,0x83,0x08,0x83,0x08,0x83,0x08,0x83,0x08,0x83,0x08,0x83,0x08,0x83,0x08,
  0x84,0x08,0x63,0x08,0x28,0x09,0xac,0x09,0x8b,0x01,0xac,0x09,0xe6,0x08,0x62,0x08,
  0x83,0x08,0x42,0x00,0x01,0x00,0x01,0x00,0x7a,0xce,0xff,0xff,0xbe,0xf7,0xdf,0xff,
  0xdf,0xff,0xff,0xff,0x52,0x8c,0x01,0x00,0xa3,0x10,0x83,0x08,0x83,0x08,0x83,0x08,
  0xa3,0x08,0xa4,0x08,0x00,0x00,0x00,0x00,0x00,0x00,0x00,0x00,0x00,0x00,0x00,0x00,
  0x00,0x00,0x00,0x00,0x00,0x00,0x00,0x00,0x00,0x00,0x00,0x00,0x83,0x08,0xa4,0x08,
  0xa3,0x08,0x83,0x08,0x83,0x08,0xa3,0x10,0x01,0x00,0x31,0x84,0xff,0xff,0xdf,0xff,
  0xdf,0xff,0xdf,0xff,0xff,0xff,0xbb,0xd6,0x8f,0x73,0x11,0x7c,0x2a,0x42,0x42,0x00,
  0xa4,0x08,0x83,0x08,0x62,0x08,0x41,0x08,0x42,0x08,0x83,0x08,0x83,0x08,0x83,0x08,
  0x83,0x08,0x83,0x08,0x83,0x08,0x83,0x08,0x83,0x08,0x83,0x08,0x83,0x08,0x83,0x08,
  0x83,0x08,0x83,0x08,0x83,0x08,0x83,0x08,0x28,0x09,0x17,0x03,0x99,0x03,0x3f,0x04,
  0x3f,0x04,0x58,0x03,0x37,0x03,0x48,0x09,0x62,0x08,0x83,0x08,0x83,0x08,0x83,0x08,
  0x83,0x08,0x83,0x08,0x83,0x08,0x83,0x08,0x83,0x08,0x83,0x08,0x83,0x08,0x83,0x08,
  0x83,0x08,0x83,0x08,0x62,0x08,0x42,0x08,0x41,0x08,0x62,0x08,0x83,0x08,0xa4,0x08,
  0x42,0x00,0x6a,0x4a,0xf0,0x7b,0xaf,0x73,0x3c,0xe7,0xff,0xff,0xdf,0xff,0xff,0xff,
  0xdf,0xff,0xff,0xff,0x52,0x8c,0x01,0x00,0xa4,0x10,0x83,0x08,0x83,0x08,0xa3,0x08,
  0xa3,0x08,0x83,0x08,0x03,0x00,0x00,0x00,0x00,0x00,0x00,0x00,0x00,0x00,0x00,0x00,
  0x00,0x00,0x00,0x00,0x00,0x00,0x00,0x00,0x00,0x00,0x00,0x00,0x83,0x08,0x83,0x08,
  0x83,0x08,0x83,0x08,0x83,0x08,0xa4,0x10,0x22,0x00,0x11,0x84,0xdf,0xff,0x9e,0xf7,
  0xdf,0xff,0xff,0xff,0xff,0xff,0xff,0xff,0xff,0xff,0xff,0xff,0x51,0x84,0x22,0x00,
  0xc4,0x10,0xa4,0x08,0x83,0x08,0x83,0x08,0xa4,0x08,0x83,0x08,0x83,0x08,0x83,0x08,
  0x83,0x08,0x83,0x08,0x83,0x08,0x83,0x08,0x83,0x08,0x83,0x08,0x83,0x08,0x83,0x08,
  0x83,0x08,0x83,0x08,0x83,0x08,0x83,0x08,0x83,0x08,0x41,0x08,0x6a,0x01,0x5f,0x04,
  0x3f,0x04,0x6a,0x01,0x41,0x08,0x83,0x08,0x83,0x08,0x83,0x08,0x83,0x08,0x83,0x08,
  0x83,0x08,0x83,0x08,0x83,0x08,0x83,0x08,0x83,0x08,0x83,0x08,0x83,0x08,0x83,0x08,
  0x83,0x08,0x83,0x08,0x83,0x08,0xa4,0x08,0x83,0x08,0x83,0x08,0xa4,0x08,0xc4,0x10,
  0x01,0x00,0xb3,0x94,0xff,0xff,0xff,0xff,0xff,0xff,0xff,0xff,0xdf,0xff,0xdf,0xff,
  0xbe,0xf7,0xdf,0xff,0x31,0x84,0x01,0x00,0xa4,0x10,0x83,0x08,0x83,0x08,0x83,0x08,
  0x83,0x08,0x83,0x08,0x00,0x00,0x00,0x00,0x00,0x00,0x00,0x00,0x00,0x00,0x00,0x00,
  0x00,0x00,0x00,0x00,0x00,0x00,0x00,0x00,0x00,0x00,0x00,0x00,0x00,0x00,0x00,0x00,
  0x00,0x00,0xa4,0x08,0xa4,0x08,0xa4,0x10,0x22,0x00,0x72,0x8c,0xff,0xff,0xff,0xff,
  0xff,0xff,0xff,0xff,0xff,0xff,0xdf,0xff,0x9e,0xf7,0xdf,0xff,0x8f,0x73,0x00,0x00,
  0x42,0x00,0x62,0x00,0x83,0x08,0x83,0x08,0x83,0x08,0x83,0x08,0x83,0x08,0x83,0x08,
  0x83,0x08,0x83,0x08,0x83,0x08,0x83,0x08,0x83,0x08,0x83,0x08,0x83,0x08,0x83,0x08,
  0x83,0x08,0x83,0x08,0x83,0x08,0x83,0x08,0xa4,0x08,0x82,0x08,0x8b,0x09,0x5f,0x04,
  0x7f,0x04,0xac,0x09,0x82,0x08,0xa4,0x08,0x83,0x08,0x83,0x08,0x83,0x08,0x83,0x08,
  0x83,0x08,0x83,0x08,0x83,0x08,0x83,0x08,0x83,0x08,0x83,0x08,0x83,0x08,0x83,0x08,
  0x83,0x08,0x83,0x08,0x83,0x08,0x83,0x08,0x83,0x08,0x83,0x08,0x63,0x00,0x42,0x00,
  0x00,0x00,0x10,0x7c,0xdf,0xff,0x9e,0xf7,0xdf,0xff,0xff,0xff,0xff,0xff,0xff,0xff,
  0xff,0xff,0xff,0xff,0x93,0x94,0x01,0x00,0xa4,0x10,0xa3,0x08,0x83,0x08,0x00,0x00,
  0x06,0x00,0x00,0x00,0x00,0x00,0x00,0x00,0x00,0x00,0x00,0x00,0x00,0x00,0x00,0x00,
  0x00,0x00,0x00,0x00,0x00,0x00,0x00,0x00,0x00,0x00,0x00,0x00,0x00,0x00,0x00,0x00,
  0x00,0x00,0xa4,0x08,0x83,0x08,0xa3,0x08,0x63,0x00,0x4a,0x42,0x31,0x84,0xaf,0x73,
  0x51,0x84,0xbe,0xf7,0xff,0xff,0xdf,0xff,0xdf,0xff,0xff,0xff,0x59,0xce,0xd3,0x94,
  0x55,0xa5,0x6a,0x42,0x42,0x00,0xa3,0x08,0x83,0x08,0x83,0x08,0x83,0x08,0x83,0x08,
  0x83,0x08,0x83,0x08,0x83,0x08,0x83,0x08,0x83,0x08,0x83,0x08,0x83,0x08,0x83,0x08,
  0x83,0x08,0x83,0x08,0x83,0x08,0x83,0x08,0xa4,0x08,0x62,0x08,0x28,0x09,0x9a,0x03,
  0xbb,0x03,0x6a,0x09,0x62,0x08,0xa4,0x08,0x83,0x08,0x83,0x08,0x83,0x08,0x83,0x08,
  0x83,0x08,0x83,0x08,0x83,0x08,0x83,0x08,0x83,0x08,0x83,0x08,0x83,0x08,0x83,0x08,
  0x83,0x08,0x83,0x08,0x83,0x08,0x83,0x08,0xa3,0x08,0x42,0x00,0xab,0x52,0x15,0xa5,
  0xb3,0x94,0x79,0xce,0xff,0xff,0xdf,0xff,0xdf,0xff,0xff,0xff,0xbe,0xf7,0x72,0x8c,
  0xf0,0x7b,0x31,0x84,0x4a,0x42,0x42,0x00,0xa4,0x08,0xa3,0x08,0xa4,0x08,0x00,0x00,
  0x00,0x00,0x00,0x00,0x00,0x00,0x00,0x00,0x00,0x00,0x00,0x00,0x00,0x00,0x00,0x00,
  0x00,0x00,0x00,0x00,0x00,0x00,0x00,0x00,0x00,0x00,0x00,0x00,0x00,0x00,0x00,0x00,
  0x00,0x00,0xa3,0x08,0xa3,0x08,0x83,0x08,0x83,0x08,0x42,0x00,0x22,0x00,0x01,0x00,
  0xc4,0x10,0x5d,0xef,0xff,0xff,0xdf,0xff,0xff,0xff,0xff,0xff,0xff,0xff,0xff,0xff,
  0xff,0xff,0xcf,0x73,0x22,0x00,0xc4,0x10,0xa4,0x10,0xa4,0x10,0xa4,0x08,0xa4,0x10,
  0xa4,0x10,0xa4,0x10,0xa4,0x10,0xa4,0x10,0xa4,0x10,0xa4,0x10,0xa4,0x10,0xa4,0x10,
  0xa4,0x10,0xa4,0x10,0xa4,0x10,0xa4,0x10,0xa3,0x08,0x83,0x08,0x83,0x08,0xa4,0x08,
  0xa4,0x08,0x83,0x08,0x83,0x08,0xa4,0x08,0xa4,0x10,0xa4,0x10,0xa4,0x08,0xa4,0x08,
  0xa4,0x10,0xa4,0x10,0xa4,0x10,0xa4,0x10,0xa4,0x10,0xa4,0x10,0xa4,0x10,0xa4,0x10,
  0xa4,0x10,0xa4,0x10,0xa4,0x10,0xa4,0x10,0xc4,0x10,0x22,0x00,0x31,0x84,0xff,0xff,
  0xff,0xff,0xff,0xff,0xff,0xff,0xff,0xff,0xdf,0xff,0xdf,0xff,0x7d,0xef,0xc4,0x10,
  0x01,0x00,0x22,0x00,0x63,0x00,0x83,0x08,0x83,0x08,0xa4,0x08,0x83,0x08,0x00,0x00,
  0x00,0x00,0x00,0x00,0x00,0x00,0x00,0x00,0x00,0x00,0x00,0x00,0x00,0x00,0x00,0x00,
  0x00,0x00,0x00,0x00,0x00,0x00,0x00,0x00,0x00,0x00,0x00,0x00,0x00,0x00,0x00,0x00,
  0x00,0x00,0xa4,0x10,0xa4,0x08,0xa3,0x08,0x83,0x08,0x83,0x08,0xc4,0x10,0x83,0x08,
  0x67,0x29,0x9e,0xf7,0xff,0xff,0xff,0xff,0xff,0xff,0xff,0xff,0xdf,0xff,0x9e,0xf7,
  0xff,0xff,0x0c,0x5b,0x00,0x00,0x42,0x00,0x01,0x00,0x01,0x00,0x01,0x00,0x01,0x00,
  0x01,0x00,0x01,0x00,0x01,0x00,0x01,0x00,0x01,0x00,0x01,0x00,0x01,0x00,0x01,0x00,
  0x01,0x00,0x01,0x00,0x01,0x00,0x02,0x00,0x42,0x00,0x83,0x08,0x83,0x08,0xa3,0x08,
  0x83,0x08,0x83,0x08,0x83,0x08,0x42,0x00,0x01,0x00,0x02,0x00,0x01,0x00,0x01,0x00,
  0x01,0x00,0x01,0x00,0x01,0x00,0x01,0x00,0x01,0x00,0x01,0x00,0x01,0x00,0x01,0x00,
  0x01,0x00,0x01,0x00,0x01,0x00,0x22,0x00,0x42,0x00,0x00,0x00,0x8e,0x73,0xff,0xff,
  0x9e,0xf7,0xdf,0xff,0xff,0xff,0xff,0xff,0xff,0xff,0xff,0xff,0xbe,0xf7,0x87,0x29,
  0x83,0x08,0xc4,0x10,0xa4,0x10,0x83,0x08,0x83,0x08,0x83,0x08,0xa3,0x08,0x00,0x00,
  0x00,0x00,0x00,0x00,0x00,0x00,0x00,0x00,0x00,0x00,0x00,0x00,0x00,0x00,0x00,0x00,
  0x00,0x00,0x00,0x00,0x00,0x00,0x00,0x00,0x00,0x00,0x00,0x00,0x00,0x00,0x00,0x00,
  0x00,0x00,0x00,0x00,0xc3,0x08,0xa3,0x10,0xc4,0x18,0xa4,0x08,0xa4,0x10,0x62,0x00,
  0x46,0x21,0xfb,0xde,0x5d,0xef,0x3d,0xe7,0xdf,0xff,0xff,0xff,0xdf,0xff,0xdf,0xff,
  0xff,0xff,0xb6,0xb5,0x10,0x7c,0x72,0x8c,0x51,0x84,0x31,0x84,0x51,0x84,0x31,0x84,
  0x31,0x84,0x31,0x84,0x31,0x84,0x31,0x84,0x51,0x84,0x51,0x84,0x51,0x84,0x31,0x84,
  0x31,0x84,0x31,0x84,0x31,0x84,0x72,0x8c,0x29,0x42,0x62,0x00,0xa4,0x10,0xa4,0x08,
  0xa4,0x08,0xa4,0x10,0x42,0x08,0x29,0x42,0x51,0x84,0x11,0x7c,0x31,0x84,0x31,0x84,
  0x31,0x84,0x31,0x84,0x51,0x84,0x51,0x84,0x31,0x84,0x31,0x84,0x31,0x84,0x31,0x84,
  0x51,0x84,0x31,0x84,0x31,0x84,0x51,0x84,0x72,0x8c,0x10,0x7c,0xd7,0xbd,0xff,0xff,
  0xdf,0xff,0xdf,0xff,0xff,0xff,0xdf,0xff,0x5d,0xef,0x5d,0xef,0xfc,0xde,0x87,0x29,
  0x63,0x08,0xa3,0x08,0x83,0x08,0xe5,0x18,0xa2,0x08,0xc3,0x08,0x07,0x00,0x00,0x00,
  0x00,0x00,0x00,0x00,0x00,0x00,0x00,0x00,0x00,0x00,0x00,0x00,0x00,0x00,0x00,0x00,
  0x00,0x00,0x00,0x00,0x00,0x00,0x00,0x00,0x00,0x00,0x00,0x00,0x00,0x00,0x00,0x00,
  0x00,0x00,0x00,0x00,0x00,0x00,0x00,0x00,0x00,0x00,0xa4,0x08,0xa3,0x08,0x83,0x08,
  0xa3,0x08,0x26,0x19,0x05,0x19,0x05,0x19,0xdb,0xde,0xff,0xff,0xdf,0xff,0xff,0xff,
  0xff,0xff,0xff,0xff,0xff,0xff,0xff,0xff,0xff,0xff,0xff,0xff,0xff,0xff,0xff,0xff,
  0xff,0xff,0xff,0xff,0xff,0xff,0xff,0xff,0xff,0xff,0xff,0xff,0xff,0xff,0xff,0xff,
  0xff,0xff,0xff,0xff,0xff,0xff,0xff,0xff,0xf0,0x7b,0x00,0x00,0x63,0x08,0x42,0x00,
  0x42,0x00,0x63,0x08,0x00,0x00,0xf0,0x7b,0xff,0xff,0xff,0xff,0xff,0xff,0xff,0xff,
  0xff,0xff,0xff,0xff,0xff,0xff,0xff,0xff,0xff,0xff,0xff,0xff,0xff,0xff,0xff,0xff,
  0xff,0xff,0xff,0xff,0xff,0xff,0xff,0xff,0xff,0xff,0xff,0xff,0xff,0xff,0xff,0xff,
  0xff,0xff,0xdf,0xff,0xff,0xff,0xba,0xd6,0x05,0x19,0x05,0x19,0x26,0x19,0xc4,0x10,
  0x83,0x08,0x83,0x08,0x83,0x08,0x00,0x00,0x00,0x00,0x00,0x00,0x00,0x00,0x00,0x00,
  0x00,0x00,0x00,0x00,0x00,0x00,0x00,0x00,0x00,0x00,0x00,0x00,0x00,0x00,0x00,0x00,
  0x00,0x00,0x00,0x00,0x00,0x00,0x00,0x00,0x00,0x00,0x00,0x00,0x00,0x00,0x00,0x00,
  0x00,0x00,0x00,0x00,0x00,0x00,0x00,0x00,0x00,0x00,0x83,0x08,0xa4,0x08,0x83,0x08,
  0x83,0x08,0x83,0x08,0x83,0x08,0x63,0x08,0x9a,0xd6,0xff,0xff,0xdf,0xff,0xff,0xff,
  0xff,0xff,0xdf,0xff,0xbf,0xff,0xdf,0xff,0xdf,0xff,0xdf,0xff,0xdf,0xff,0xdf,0xff,
  0xdf,0xff,0xdf,0xff,0xdf,0xff,0xdf,0xff,0xdf,0xff,0xdf,0xff,0xbf,0xff,0xdf,0xff,
  0xdf,0xff,0xdf,0xff,0xbe,0xf7,0xdf,0xff,0x93,0x94,0x87,0x29,0xe8,0x39,0xe8,0x39,
  0xc8,0x31,0xe9,0x39,0x87,0x29,0xb3,0x94,0xdf,0xff,0xbe,0xf7,0xdf,0xff,0xdf,0xff,
  0xdf,0xff,0xbf,0xff,0xdf,0xff,0xdf,0xff,0xdf,0xff,0xdf,0xff,0xdf,0xff,0xdf,0xff,
  0xdf,0xff,0xdf,0xff,0xdf,0xff,0xbf,0xff,0xdf,0xff,0xbf,0xff,0xdf,0xff,0xff,0xff,
  0xff,0xff,0xdf,0xff,0xff,0xff,0x9a,0xd6,0x62,0x08,0x83,0x08,0x83,0x08,0x83,0x08,
  0xa3,0x08,0xa3,0x08,0x83,0x08,0x00,0x00,0x00,0x00,0x00,0x00,0x00,0x00,0x00,0x00,
  0x00,0x00,0x00,0x00,0x00,0x00,0x00,0x00,0x00,0x00,0x00,0x00,0x00,0x00,0x00,0x00,
  0x00,0x00,0x00,0x00,0x00,0x00,0x00,0x00,0x00,0x00,0x00,0x00,0x00,0x00,0x00,0x00,
  0x00,0x00,0x00,0x00,0x00,0x00,0x00,0x00,0x00,0x00,0x83,0x08,0xa3,0x08,0x83,0x08,
  0x83,0x08,0xa3,0x08,0x83,0x08,0xa3,0x10,0xba,0xd6,0xff,0xff,0xdf,0xff,0xdf,0xff,
  0xff,0xff,0xdf,0xff,0xdf,0xff,0xdf,0xff,0xff,0xff,0xff,0xff,0xff,0xff,0xff,0xff,
  0xdf,0xff,0xdf,0xff,0xdf,0xff,0xdf,0xff,0xff,0xff,0xff,0xff,0xdf,0xff,0xff,0xff,
  0xff,0xff,0xff,0xff,0xff,0xff,0xff,0xff,0xdf,0xff,0xdf,0xff,0xdf,0xff,0xff,0xff,
  0xff,0xff,0xdf,0xff,0xdf,0xff,0xdf,0xff,0xdf,0xff,0xff,0xff,0xff,0xff,0xdf,0xff,
  0xdf,0xff,0xff,0xff,0xff,0xff,0xff,0xff,0xdf,0xff,0xff,0xff,0xdf,0xff,0xff,0xff,
  0xff,0xff,0xff,0xff,0xdf,0xff,0xdf,0xff,0xdf,0xff,0xdf,0xff,0xff,0xff,0xff,0xff,
  0xdf,0xff,0xdf,0xff,0xff,0xff,0x9a,0xd6,0x83,0x08,0xa4,0x08,0xa4,0x10,0x83,0x08,
  0x83,0x08,0xa4,0x08,0x83,0x08,0x00,0x00,0x00,0x00,0x00,0x00,0x00,0x00,0x00,0x00,
  0x00,0x00,0x00,0x00,0x00,0x00,0x00,0x00,0x00,0x00,0x00,0x00,0x00,0x00,0x00,0x00,
  0x00,0x00,0x00,0x00,0x00,0x00,0x00,0x00,0x00,0x00,0x00,0x00,0x00,0x00,0x00,0x00,
  0x00,0x00,0x00,0x00,0x00,0x00,0x00,0x00,0x00,0x00,0x63,0x08,0x63,0x08,0x83,0x08,
  0xa4,0x10,0x83,0x08,0x83,0x08,0x83,0x08,0xc8,0x31,0x29,0x42,0x86,0x29,0x96,0xb5,
  0xff,0xff,0xbf,0xff,0xdf,0xff,0xdf,0xff,0xdf,0xff,0xdf,0xff,0xdf,0xff,0xdf,0xff,
  0xdf,0xff,0xdf,0xff,0xdf,0xff,0xdf,0xff,0xdf,0xff,0xdf,0xff,0xdf,0xff,0xdf,0xff,
  0xff,0xff,0xff,0xff,0xdf,0xff,0xff,0xff,0xff,0xff,0xdf,0xff,0xdf,0xff,0xff,0xff,
  0xff,0xff,0xdf,0xff,0xdf,0xff,0xdf,0xff,0xff,0xff,0xff,0xff,0xff,0xff,0xdf,0xff,
  0xdf,0xff,0xdf,0xff,0xdf,0xff,0xdf,0xff,0xdf,0xff,0xdf,0xff,0xdf,0xff,0xdf,0xff,
  0xdf,0xff,0xdf,0xff,0xdf,0xff,0xdf,0xff,0xdf,0xff,0xdf,0xff,0xdf,0xff,0xff,0xff,
  0x55,0xad,0x86,0x29,0x29,0x3a,0xc8,0x31,0x83,0x08,0x83,0x08,0xa3,0x08,0xa3,0x08,
  0x83,0x08,0xa3,0x00,0x63,0x08,0x00,0x00,0x00,0x00,0x00,0x00,0x00,0x00,0x00,0x00,
  0x00,0x00,0x00,0x00,0x00,0x00,0x00,0x00,0x00,0x00,0x00,0x00,0x00,0x00,0x00,0x00,
  0x00,0x00,0x00,0x00,0x00,0x00,0x00,0x00,0x00,0x00,0x00,0x00,0x00,0x00,0x00,0x00,
  0x00,0x00,0x00,0x00,0x00,0x00,0x00,0x00,0x00,0x00,0x00,0x00,0x00,0x00,0x00,0x00,
  0x05,0x11,0xa3,0x08,0x83,0x08,0x83,0x08,0x63,0x00,0x63,0x08,0x00,0x00,0x14,0xa5,
  0xff,0xff,0xff,0xff,0xff,0xff,0xff,0xff,0xff,0xff,0xff,0xff,0xff,0xff,0xff,0xff,
  0xff,0xff,0xff,0xff,0xff,0xff,0xff,0xff,0xff,0xff,0xff,0xff,0xff,0xff,0xff,0xff,
  0xff,0xff,0xdf,0xff,0xdf,0xff,0xff,0xff,0xff,0xff,0xff,0xff,0xff,0xff,0xdf,0xff,
  0xdf,0xff,0xdf,0xff,0xff,0xff,0xff,0xff,0xff,0xff,0xdf,0xff,0xdf,0xff,0xff,0xff,
  0xff,0xff,0xff,0xff,0xff,0xff,0xff,0xff,0xff,0xff,0xff,0xff,0xff,0xff,0xff,0xff,
  0xff,0xff,0xff,0xff,0xff,0xff,0xff,0xff,0xff,0xff,0xff,0xff,0xff,0xff,0xff,0xff,
  0xd3,0x9c,0x00,0x00,0x83,0x08,0x63,0x08,0xa3,0x08,0x83,0x08,0x83,0x08,0xc4,0x10,
  0x00,0x00,0x00,0x00,0x00,0x00,0x00,0x00,0x00,0x00,0x00,0x00,0x00,0x00,0x00,0x00,
  0x00,0x00,0x00,0x00,0x00,0x00,0x00,0x00,0x00,0x00,0x00,0x00,0x00,0x00,0x00,0x00,
  0x00,0x00,0x00,0x00,0x00,0x00,0x00,0x00,0x00,0x00,0x00,0x00,0x00,0x00,0x00,0x00,
  0x00,0x00,0x00,0x00,0x00,0x00,0x00,0x00,0x00,0x00,0x00,0x00,0x00,0x00,0x00,0x00,
  0x83,0x10,0x83,0x08,0xa4,0x08,0x83,0x08,0xa3,0x08,0xc4,0x10,0x42,0x00,0xb3,0x94,
  0x3c,0xe7,0xdb,0xde,0xdb,0xde,0xfb,0xde,0xfb,0xde,0xdb,0xde,0xfb,0xde,0xfb,0xde,
  0xfb,0xde,0xdb,0xde,0xdb,0xde,0xdb,0xde,0xfc,0xde,0xfc,0xde,0xfb,0xde,0xdb,0xde,
  0x3c,0xe7,0xff,0xff,0xdf,0xff,0xff,0xff,0xff,0xff,0xff,0xff,0xff,0xff,0xdf,0xff,
  0xdf,0xff,0xdf,0xff,0xff,0xff,0xff,0xff,0xff,0xff,0xdf,0xff,0xdf,0xff,0x3c,0xe7,
  0xdb,0xde,0xdb,0xde,0xfb,0xde,0xfc,0xde,0xfb,0xde,0xdb,0xde,0xfb,0xde,0xfb,0xde,
  0xfb,0xde,0xdb,0xde,0xfb,0xde,0xfb,0xde,0xfb,0xde,0xdb,0xde,0xbb,0xd6,0x1c,0xe7,
  0x72,0x8c,0x43,0x00,0xc4,0x10,0xa4,0x08,0xa4,0x08,0xa4,0x08,0x83,0x08,0xc4,0x10,
  0x00,0x00,0x00,0x00,0x00,0x00,0x00,0x00,0x00,0x00,0x00,0x00,0x00,0x00,0x00,0x00,
  0x00,0x00,0x00,0x00,0x00,0x00,0x00,0x00,0x00,0x00,0x00,0x00,0x00,0x00,0x00,0x00,
  0x00,0x00,0x00,0x00,0x00,0x00,0x00,0x00,0x00,0x00,0x00,0x00,0x00,0x00,0x00,0x00,
  0x00,0x00,0x00,0x00,0x00,0x00,0x00,0x00,0x00,0x00,0x00,0x00,0x00,0x00,0x00,0x00,
  0x00,0x00,0x84,0x10,0xa4,0x08,0xa4,0x10,0x83,0x08,0x83,0x08,0x83,0x08,0xc4,0x10,
  0xe5,0x18,0xc4,0x10,0xc4,0x10,0xc4,0x10,0xc4,0x10,0xc4,0x10,0xc4,0x10,0xc4,0x10,
  0xa3,0x10,0xa3,0x10,0xc4,0x10,0xc4,0x10,0xc5,0x10,0xe5,0x10,0xc4,0x10,0x62,0x08,
  0x29,0x42,0xff,0xff,0xdf,0xff,0xdf,0xff,0xdf,0xff,0xdf,0xff,0xdf,0xff,0xdf,0xff,
  0xdf,0xff,0xdf,0xff,0xdf,0xff,0xdf,0xff,0xdf,0xff,0xdf,0xff,0xff,0xff,0x6a,0x4a,
  0x83,0x08,0xc4,0x10,0xc4,0x10,0xc4,0x10,0xc4,0x10,0xc4,0x10,0xa4,0x10,0xc4,0x10,
  0xc4,0x10,0xc4,0x10,0xc4,0x10,0xe4,0x10,0xe5,0x10,0xc4,0x10,0xa3,0x10,0xc4,0x10,
  0xe5,0x10,0xa4,0x08,0xa3,0x08,0x83,0x08,0xa4,0x08,0xa4,0x08,0x83,0x10,0x00,0x00,
  0x00,0x00,0x00,0x00,0x00,0x00,0x00,0x00,0x00,0x00,0x00,0x00,0x00,0x00,0x00,0x00,
  0x00,0x00,0x00,0x00,0x00,0x00,0x00,0x00,0x00,0x00,0x00,0x00,0x00,0x00,0x00,0x00,
  0x00,0x00,0x00,0x00,0x00,0x00,0x00,0x00,0x00,0x00,0x00,0x00,0x00,0x00,0x00,0x00,
  0x00,0x00,0x00,0x00,0x00,0x00,0x00,0x00,0x00,0x00,0x00,0x00,0x00,0x00,0x00,0x00,
  0x00,0x00,0x00,0x00,0x00,0x00,0x00,0x00,0x83,0x08,0x83,0x08,0x83,0x08,0xa3,0x08,
  0x83,0x08,0x83,0x08,0x83,0x08,0x83,0x08,0x83,0x08,0x83,0x08,0x83,0x08,0x62,0x08,
  0x62,0x00,0x83,0x08,0xc4,0x08,0xc4,0x08,0x83,0x08,0x83,0x08,0x83,0x08,0x21,0x00,
  0xc8,0x31,0xff,0xff,0xff,0xff,0xff,0xff,0xff,0xff,0xff,0xff,0xff,0xff,0xff,0xff,
  0xff,0xff,0xff,0xff,0xff,0xff,0xff,0xff,0xff,0xff,0xff,0xff,0xff,0xff,0x09,0x3a,
  0x01,0x00,0xa3,0x08,0x83,0x08,0xa3,0x08,0xc4,0x08,0xc4,0x08,0x83,0x08,0x63,0x00,
  0x83,0x08,0x84,0x08,0x83,0x08,0x83,0x08,0x83,0x08,0x83,0x08,0x83,0x08,0x83,0x08,
  0xa3,0x08,0xa3,0x08,0x83,0x08,0x83,0x08,0x00,0x00,0x00,0x00,0x00,0x00,0x00,0x00,
  0x00,0x00,0x00,0x00,0x00,0x00,0x00,0x00,0x00,0x00,0x00,0x00,0x00,0x00,0x00,0x00,
  0x00,0x00,0x00,0x00,0x00,0x00,0x00,0x00,0x00,0x00,0x00,0x00,0x00,0x00,0x00,0x00,
  0x00,0x00,0x00,0x00,0x00,0x00,0x00,0x00,0x00,0x00,0x00,0x00,0x00,0x00,0x00,0x00,
  0x00,0x00,0x00,0x00,0x00,0x00,0x00,0x00,0x00,0x00,0x00,0x00,0x00,0x00,0x00,0x00,
  0x00,0x00,0x00,0x00,0x00,0x00,0x00,0x00,0x83,0x08,0xa4,0x08,0xa4,0x08,0xa3,0x08,
  0xa3,0x08,0xa4,0x08,0xa4,0x10,0xa4,0x08,0xa4,0x08,0xa4,0x08,0x62,0x08,0x48,0x09,
  0xfb,0x03,0xdb,0x03,0xfb,0x03,0xfb,0x03,0xba,0x03,0xdb,0x03,0x91,0x0a,0x21,0x00,
  0xa8,0x31,0x7a,0xce,0x7a,0xce,0x9a,0xd6,0x7a,0xce,0x7a,0xce,0x7a,0xce,0x7a,0xce,
  0x7a,0xce,0x7a,0xce,0x7a,0xce,0x59,0xce,0x7a,0xce,0x7a,0xce,0x9a,0xd6,0xe9,0x31,
  0x00,0x00,0x50,0x0a,0xfb,0x03,0xdb,0x03,0xdb,0x03,0xdb,0x03,0xba,0x03,0xdb,0x03,
  0x8a,0x09,0x62,0x08,0xa4,0x08,0xa4,0x08,0xa4,0x08,0xa4,0x10,0xa4,0x08,0xa4,0x08,
  0xa3,0x08,0xa3,0x08,0xa4,0x08,0x83,0x08,0x00,0x00,0x00,0x00,0x00,0x00,0x00,0x00,
  0x00,0x00,0x00,0x00,0x00,0x00,0x00,0x00,0x00,0x00,0x00,0x00,0x00,0x00,0x00,0x00,
  0x00,0x00,0x00,0x00,0x00,0x00,0x00,0x00,0x00,0x00,0x00,0x00,0x00,0x00,0x00,0x00,
  0x00,0x00,0x00,0x00,0x00,0x00,0x00,0x00,0x00,0x00,0x00,0x00,0x00,0x00,0x00,0x00,
  0x00,0x00,0x00,0x00,0x00,0x00,0x00,0x00,0x00,0x00,0x00,0x00,0x00,0x00,0x00,0x00,
  0x00,0x00,0x00,0x00,0x00,0x00,0x00,0x00,0xa3,0x08,0xa3,0x08,0x83,0x08,0x83,0x08,
  0x83,0x08,0xa4,0x08,0xa4,0x08,0xa4,0x08,0xa3,0x08,0x83,0x08,0x42,0x08,0x8b,0x09,
  0x9f,0x04,0x5f,0x04,0x5f,0x04,0x5f,0x04,0x5f,0x04,0x7f,0x04,0xb5,0x02,0x62,0x08,
  0xa4,0x08,0x83,0x08,0x62,0x08,0xa3,0x08,0xa4,0x08,0xa4,0x08,0x83,0x08,0x83,0x08,
  0x83,0x08,0x83,0x08,0xa4,0x08,0x83,0x08,0x83,0x08,0x63,0x08,0x83,0x08,0xa4,0x08,
  0x42,0x08,0xb4,0x02,0x9f,0x04,0x3f,0x04,0x3f,0x04,0x3f,0x04,0x3f,0x04,0x7f,0x04,
  0xab,0x09,0x42,0x08,0x83,0x08,0x83,0x08,0xa4,0x08,0xc4,0x10,0xc4,0x08,0xa3,0x08,
  0x83,0x08,0x83,0x08,0xa3,0x08,0x83,0x08,0x00,0x00,0x00,0x00,0x00,0x00,0x00,0x00,
  0x00,0x00,0x00,0x00,0x00,0x00,0x00,0x00,0x00,0x00,0x00,0x00,0x00,0x00,0x00,0x00,
  0x00,0x00,0x00,0x00,0x00,0x00,0x00,0x00,0x00,0x00,0x00,0x00,0x00,0x00,0x00,0x00,
  0x00,0x00,0x00,0x00,0x00,0x00,0x00,0x00,0x00,0x00,0x00,0x00,0x00,0x00,0x00,0x00,
  0x00,0x00,0x00,0x00,0x00,0x00,0x00,0x00,0x00,0x00,0x00,0x00,0x00,0x00,0x00,0x00,
  0x00,0x00,0x00,0x00,0x00,0x00,0x00,0x00,0x00,0x00,0x00,0x00,0x00,0x00,0x00,0x00,
  0x00,0x00,0x00,0x00,0x00,0x00,0x00,0x00,0xa3,0x08,0x83,0x08,0x62,0x08,0xab,0x09,
  0x9f,0x04,0x5f,0x04,0x3e,0x04,0x3f,0x04,0x3f,0x04,0x9f,0x04,0xd5,0x02,0x41,0x08,
  0xa4,0x08,0x83,0x08,0x83,0x08,0x83,0x08,0xa4,0x08,0xa4,0x08,0x83,0x08,0x83,0x08,
  0x83,0x08,0x83,0x08,0xa4,0x08,0xa4,0x08,0x83,0x08,0x83,0x08,0x83,0x08,0xa4,0x08,
  0x62,0x08,0xd5,0x0a,0x9f,0x04,0x3f,0x04,0x3e,0x04,0x3f,0x04,0x3f,0x04,0x7f,0x04,
  0xab,0x09,0x42,0x08,0x83,0x08,0xa3,0x08,0x00,0x00,0x00,0x00,0x00,0x00,0x00,0x00,
  0x00,0x00,0x00,0x00,0x00,0x00,0x00,0x00,0x00,0x00,0x00,0x00,0x00,0x00,0x00,0x00,
  0x00,0x00,0x00,0x00,0x00,0x00,0x00,0x00,0x00,0x00,0x00,0x00,0x00,0x00,0x00,0x00,
  0x00,0x00,0x00,0x00,0x00,0x00,0x00,0x00,0x00,0x00,0x00,0x00,0x00,0x00,0x00,0x00,
  0x00,0x00,0x00,0x00,0x00,0x00,0x00,0x00,0x00,0x00,0x00,0x00,0x00,0x00,0x00,0x00,
  0x00,0x00,0x00,0x00,0x00,0x00,0x00,0x00,0x00,0x00,0x00,0x00,0x00,0x00,0x00,0x00,
  0x00,0x00,0x00,0x00,0x00,0x00,0x00,0x00,0x00,0x00,0x00,0x00,0x00,0x00,0x00,0x00,
  0x00,0x00,0x00,0x00,0x00,0x00,0x00,0x00,0x83,0x08,0xa4,0x08,0x62,0x08,0x49,0x09,
  0xdb,0x03,0xfb,0x03,0x5f,0x04,0x3f,0x04,0xdc,0x03,0xfb,0x03,0x92,0x02,0x41,0x08,
  0x83,0x08,0xa3,0x08,0xa4,0x08,0xa4,0x08,0xa4,0x08,0xa4,0x08,0xa4,0x10,0xa4,0x08,
  0xa3,0x08,0xa3,0x08,0xa3,0x08,0xa3,0x08,0xa4,0x08,0xa4,0x08,0x83,0x08,0xa3,0x08,
  0x62,0x08,0x51,0x02,0xdb,0x03,0xfc,0x03,0x3f,0x04,0x3e,0x04,0x9a,0x03,0xbb,0x03,
  0x8a,0x09,0x62,0x08,0xa4,0x08,0xa4,0x08,0x00,0x00,0x00,0x00,0x00,0x00,0x00,0x00,
  0x00,0x00,0x00,0x00,0x00,0x00,0x00,0x00,0x00,0x00,0x00,0x00,0x00,0x00,0x00,0x00,
  0x00,0x00,0x00,0x00,0x00,0x00,0x00,0x00,0x00,0x00,0x00,0x00,0x00,0x00,0x00,0x00,
  0x00,0x00,0x00,0x00,0x00,0x00,0x00,0x00,0x00,0x00,0x00,0x00,0x00,0x00,0x00,0x00,
  0x00,0x00,0x00,0x00,0x00,0x00,0x00,0x00,0x00,0x00,0x00,0x00,0x00,0x00,0x00,0x00,
  0x00,0x00,0x00,0x00,0x00,0x00,0x00,0x00,0x00,0x00,0x00,0x00,0x00,0x00,0x00,0x00,
  0x00,0x00,0x00,0x00,0x00,0x00,0x00,0x00,0x00,0x00,0x00,0x00,0x00,0x00,0x00,0x00,
  0x00,0x00,0x00,0x00,0x00,0x00,0x00,0x00,0xa4,0x08,0xa4,0x08,0x83,0x08,0x83,0x08,
  0x42,0x08,0x27,0x09,0x5e,0x0c,0x7f,0x04,0x51,0x02,0x62,0x08,0xc5,0x08,0x83,0x08,
  0x83,0x08,0xa4,0x08,0xc5,0x10,0xc4,0x10,0xa4,0x08,0xa4,0x08,0xa4,0x10,0xc4,0x08,
  0xa4,0x10,0xa4,0x08,0xa4,0x08,0xa3,0x10,0xa4,0x10,0xc4,0x10,0xa4,0x10,0xa4,0x08,
  0x83,0x08,0x83,0x08,0x41,0x08,0x51,0x0a,0x7f,0x04,0x1e,0x04,0x07,0x09,0x62,0x08,
  0xa4,0x08,0x84,0x08,0xa4,0x08,0xa4,0x08,0x00,0x00,0x00,0x00,0x00,0x00,0x00,0x00,
  0x00,0x00,0x00,0x00,0x00,0x00,0x00,0x00,0x00,0x00,0x00,0x00,0x00,0x00,0x00,0x00,
  0x00,0x00,0x00,0x00,0x00,0x00,0x00,0x00,0x00,0x00,0x00,0x00,0x00,0x00,0x00,0x00,
  0x00,0x00,0x00,0x00,0x00,0x00,0x00,0x00,0x00,0x00,0x00,0x00,0x00,0x00,0x00,0x00,
  0x00,0x00,0x00,0x00,0x00,0x00,0x00,0x00,0x00,0x00,0x00,0x00,0x00,0x00,0x00,0x00,
  0x00,0x00,0x00,0x00,0x00,0x00,0x00,0x00,0x00,0x00,0x00,0x00,0x00,0x00,0x00,0x00,
  0x00,0x00,0x00,0x00,0x00,0x00,0x00,0x00,0x00,0x00,0x00,0x00,0x00,0x00,0x00,0x00,
  0x00,0x00,0x00,0x00,0x00,0x00,0x00,0x00,0x84,0x08,0xa4,0x08,0x83,0x08,0x83,0x08,
  0x62,0x08,0x07,0x09,0x5e,0x04,0xbf,0x04,0x72,0x02,0x41,0x08,0xa3,0x08,0x83,0x08,
  0xa4,0x08,0xa4,0x08,0x00,0x00,0x00,0x00,0x00,0x00,0x00,0x00,0x00,0x00,0x00,0x00,
  0x00,0x00,0x00,0x00,0x00,0x00,0x00,0x00,0x00,0x00,0x00,0x00,0xc4,0x08,0xc4,0x10,
  0x83,0x08,0x83,0x08,0x41,0x08,0x51,0x0a,0x9f,0x04,0x1e,0x04,0x07,0x09,0x62,0x08,
  0x83,0x08,0x83,0x08,0xa4,0x08,0x84,0x08,0x00,0x00,0x00,0x00,0x00,0x00,0x00,0x00,
  0x00,0x00,0x00,0x00,0x00,0x00,0x00,0x00,0x00,0x00,0x00,0x00,0x00,0x00,0x00,0x00,
  0x00,0x00,0x00,0x00,0x00,0x00,0x00,0x00,0x00,0x00,0x00,0x00,0x00,0x00,0x00,0x00,
  0x00,0x00,0x00,0x00,0x00,0x00,0x00,0x00,0x00,0x00,0x00,0x00,0x00,0x00,0x00,0x00,
  0x00,0x00,0x00,0x00,0x00,0x00,0x00,0x00,0x00,0x00,0x00,0x00,0x00,0x00,0x00,0x00,
  0x00,0x00,0x00,0x00,0x00,0x00,0x00,0x00,0x00,0x00,0x00,0x00,0x00,0x00,0x00,0x00,
  0x00,0x00,0x00,0x00,0x00,0x00,0x00,0x00,0x00,0x00,0x00,0x00,0x00,0x00,0x00,0x00,
  0x00,0x00,0x00,0x00,0x00,0x00,0x00,0x00,0x63,0x00,0x83,0x08,0x83,0x08,0x83,0x08,
  0x83,0x08,0x07,0x09,0xdb,0x03,0x3d,0x04,0x50,0x02,0x62,0x08,0x83,0x08,0x83,0x08,
  0xa4,0x08,0x84,0x08,0x00,0x00,0x06,0x00,0x00,0x00,0x00,0x00,0x00,0x00,0x00,0x00,
  0x00,0x00,0x00,0x00,0x00,0x00,0x00,0x00,0x06,0x00,0x00,0x00,0xa4,0x10,0xa3,0x08,
  0x83,0x08,0xa4,0x08,0x62,0x08,0x0f,0x02,0x1d,0x04,0xbb,0x03,0x06,0x09,0x62,0x08,
  0x83,0x08,0x83,0x08,0x83,0x08,0x83,0x08,0x00,0x00,0x00,0x00,0x00,0x00,0x00,0x00,
  0x00,0x00,0x00,0x00,0x00,0x00,0x00,0x00,0x00,0x00,0x00,0x00,0x00,0x00,0x00,0x00,
  0x00,0x00,0x00,0x00,0x00,0x00,0x00,0x00,0x00,0x00,0x00,0x00,0x00,0x00,0x00,0x00,
  0x00,0x00,0x00,0x00,0x00,0x00,0x00,0x00,0x00,0x00,0x00,0x00,0x00,0x00,0x00,0x00,
  0x00,0x00,0x00,0x00,0x00,0x00,0x00,0x00,0x00,0x00,0x00,0x00,0x00,0x00,0x00,0x00,
  0x00,0x00,0x00,0x00,0x00,0x00,0x00,0x00,0x00,0x00,0x00,0x00,0x00,0x00,0x00,0x00,
  0x00,0x00,0x00,0x00,0x00,0x00,0x00,0x00,0x00,0x00,0x00,0x00,0x00,0x00,0x00,0x00,
  0x00,0x00,0x00,0x00,0x00,0x00,0x00,0x00,0x00,0x00,0x00,0x00,0x00,0x00,0xa4,0x08,
  0xa3,0x08,0x83,0x08,0xa5,0x08,0xa5,0x08,0xa4,0x08,0xa4,0x08,0x83,0x08,0x00,0x00,
  0x00,0x00,0x00,0x00,0x00,0x00,0x00,0x00,0x00,0x00,0x00,0x00,0x00,0x00,0x00,0x00,
  0x00,0x00,0x00,0x00,0x00,0x00,0x00,0x00,0x00,0x00,0x00,0x00,0x00,0x00,0x00,0x00,
  0x00,0x00,0xa4,0x08,0x83,0x08,0x83,0x08,0xa5,0x08,0xc5,0x08,0xa3,0x08,0xa3,0x08,
  0x84,0x08,0x00,0x00,0x00,0x00,0x00,0x00,0x00,0x00,0x00,0x00,0x00,0x00,0x00,0x00,
  0x00,0x00,0x00,0x00,0x00,0x00,0x00,0x00,0x00,0x00,0x00,0x00,0x00,0x00,0x00,0x00,
  0x00,0x00,0x00,0x00,0x00,0x00,0x00,0x00,0x00,0x00,0x00,0x00,0x00,0x00,0x00,0x00,
  0x00,0x00,0x00,0x00,0x00,0x00,0x00,0x00,0x00,0x00,0x00,0x00,0x00,0x00,0x00,0x00,
  0x00,0x00,0x00,0x00,0x00,0x00,0x00,0x00,0x00,0x00,0x00,0x00,0x00,0x00,0x00,0x00,
  0x00,0x00,0x00,0x00,0x00,0x00,0x00,0x00,0x00,0x00,0x00,0x00,0x00,0x00,0x00,0x00,
  0x00,0x00,0x00,0x00,0x00,0x00,0x00,0x00,0x00,0x00,0x00,0x00,0x00,0x00,0x00,0x00,
  0x00,0x00,0x00,0x00,0x00,0x00,0x00,0x00,0x00,0x00,0x00,0x00,0x00,0x00,0x83,0x08,
  0x83,0x08,0x83,0x08,0x83,0x08,0x83,0x08,0x83,0x08,0xa4,0x08,0xa4,0x08,0x00,0x00,
  0x04,0x00,0x00,0x00,0x00,0x00,0x00,0x00,0x00,0x00,0x00,0x00,0x00,0x00,0x00,0x00,
  0x00,0x00,0x00,0x00,0x00,0x00,0x00,0x00,0x00,0x00,0x00,0x00,0x00,0x00,0x04,0x00,
  0x00,0x00,0x84,0x08,0x83,0x08,0x83,0x08,0x83,0x08,0x83,0x08,0x83,0x08,0xa4,0x08,
  0x84,0x08,0x00,0x00,0x00,0x00,0x00,0x00,0x00,0x00,0x00,0x00,0x00,0x00,0x00,0x00,
  0x00,0x00,0x00,0x00,0x00,0x00,0x00,0x00,0x00,0x00,0x00,0x00,0x00,0x00,0x00,0x00,
  0x00,0x00,0x00,0x00,0x00,0x00,0x00,0x00,0x00,0x00,0x00,0x00,0x00,0x00,0x00,0x00,
  0x00,0x00,0x00,0x00,0x00,0x00,0x00,0x00,0x00,0x00,0x00,0x00,0x00,0x00,0x00,0x00,
  0x00,0x00,0x00,0x00,0x00,0x00,0x00,0x00,0x00,0x00,0x00,0x00,0x00,0x00,0x00,0x00,
  0x00,0x00,0x00,0x00,0x00,0x00,0x00,0x00,0x00,0x00,0x00,0x00,0x00,0x00,0x00,0x00,
  0x00,0x00,0x00,0x00,0x00,0x00,0x00,0x00,0x00,0x00,0x00,0x00,0x00,0x00,0x00,0x00,
  0x00,0x00,0x00,0x00,0x00,0x00,0x00,0x00,0x00,0x00,0x00,0x00,0x00,0x00,0x83,0x08,
  0x83,0x08,0x83,0x08,0x83,0x08,0xa3,0x08,0x83,0x08,0x83,0x08,0xa3,0x08,0x00,0x00,
  0x00,0x00,0x00,0x00,0x00,0x00,0x00,0x00,0x00,0x00,0x00,0x00,0x00,0x00,0x00,0x00,
  0x00,0x00,0x00,0x00,0x00,0x00,0x00,0x00,0x00,0x00,0x00,0x00,0x00,0x00,0x00,0x00,
  0x00,0x00,0x83,0x08,0x83,0x08,0x83,0x08,0x83,0x08,0x83,0x08,0x83,0x08,0xa3,0x08,
  0x83,0x08,0x00,0x00,0x00,0x00,0x00,0x00,0x00,0x00,0x00,0x00,0x00,0x00,0x00,0x00,
  0x00,0x00,0x00,0x00,0x00,0x00,0x00,0x00,0x00,0x00,0x00,0x00,0x00,0x00,0x00,0x00,
  0x00,0x00,0x00,0x00,0x00,0x00,0x00,0x00,0x00,0x00,0x00,0x00,0x00,0x00,0x00,0x00,
  0x00,0x00,0x00,0x00,0x00,0x00,0x00,0x00,0x00,0x00,0x00,0x00,0x00,0x00,0x00,0x00,
  0x00,0x00,0x00,0x00,0x00,0x00,0x00,0x00,0x00,0x00,0x00,0x00,0x00,0x00,0x00,0x00,
  0x00,0x00,0x00,0x00,0x00,0x00,0x00,0x00,0x00,0x00,0x00,0x00,0x00,0x00,0x00,0x00,
  0x00,0x00,0x00,0x00,0x00,0x00,0x00,0x00,0x00,0x00,0x00,0x00,0x00,0x00,0x00,0x00,
  0x00,0x00,0x00,0x00,0x00,0x00,0x00,0x00,0x00,0x00,0x00,0x00,0x00,0x00,0x24,0x01,
  0x63,0x00,0xa3,0x08,0xa4,0x08,0x63,0x08,0xa3,0x00,0x84,0x00,0xa3,0x08,0x00,0x00,
  0x00,0x00,0x00,0x00,0x00,0x00,0x00,0x00,0x00,0x00,0x00,0x00,0x00,0x00,0x00,0x00,
  0x00,0x00,0x00,0x00,0x00,0x00,0x00,0x00,0x00,0x00,0x00,0x00,0x00,0x00,0x00,0x00,
  0x00,0x00,0xa3,0x08,0x83,0x08,0xa3,0x08,0x83,0x00,0x83,0x08,0x84,0x08,0x84,0x08,
  0xe3,0x00,0x00,0x00,0x00,0x00,0x00,0x00,0x00,0x00,0x00,0x00,0x00,0x00,0x00,0x00,
  0x00,0x00,0x00,0x00,0x00,0x00,0x00,0x00,0x00,0x00,0x00,0x00,0x00,0x00,0x00,0x00,
  0x00,0x00,0x00,0x00,0x00,0x00,0x00,0x00,0x00,0x00,0x00,0x00,0x00,0x00,0x00,0x00,
  0x00,0x00,0x00,0x00,0x00,0x00,0x00,0x00,0x00,0x00,0x00,0x00,0x00,0x00,0x00,0x00,
  0x00,0x00,0x00,0x00,0x00,0x00,0x00,0x00,0x00,0x00,0x00,0x00,0x00,0x00,0x00,0x00,
  0x00,0x00,0x00,0x00,0x00,0x00,0x00,0x00,0x00,0x00,0x00,0x00,0x00,0x00,0x00,0x00,
  0x00,0x00,0x00,0x00,0x00,0x00,0x00,0x00,0x00,0x00,0x00,0x00,0x00,0x00,0x00,0x00,
  0x00,0x00,0x00,0x00,0x00,0x00,0x00,0x00,0x00,0x00,0x00,0x00,0x00,0x00,0x00,0x00,
  0x00,0x00,0x00,0x00,0x00,0x00,0x00,0x00,0x00,0x00,0x00,0x00,0x00,0x00,0x00,0x00,
  0x00,0x00,0x00,0x00,0x00,0x00,0x00,0x00,0x00,0x00,0x00,0x00,0x00,0x00,0x00,0x00,
  0x00,0x00,0x00,0x00,0x00,0x00,0x00,0x00,0x00,0x00,0x00,0x00,0x00,0x00,0x00,0x00,
  0x00,0x00,0x00,0x00,0x00,0x00,0x00,0x00,0x00,0x00,0x00,0x00,0x00,0x00,0x00,0x00,
  0x00,0x00,0x00,0x00,0x00,0x00,0x00,0x00,0x00,0x00,0x00,0x00,0x00,0x00,0x00,0x00,
  0x00,0x00,0x00,0x00,0x00,0x00,0x00,0x00,0x00,0x00,0x00,0x00,0x00,0x00,0x00,0x00,
  0x00,0x00,0x00,0x00,0x00,0x00,0x00,0x00,0x00,0x00,0x00,0x00,0x00,0x00,0x00,0x00,
  0x00,0x00,0x00,0x00,0x00,0x00,0x00,0x00,0x00,0x00,0x00,0x00,0x00,0x00,0x00,0x00,
  0x00,0x00,0x00,0x00,0x00,0x00,0x00,0x00,0x00,0x00,0x00,0x00,0x00,0x00,0x00,0x00,
  0x00,0x00,0x00,0x00,0x00,0x00,0x00,0x00,0x00,0x00,0x00,0x00,0x00,0x00,0x00,0x00,
  0x00,0x00,0x00,0x00,0x00,0x00,0x00,0x00,0x00,0x00,0x00,0x00,0x00,0x00,0x00,0x00,
  0x00,0x00,0x00,0x00,0x00,0x00,0x00,0x00,0x00,0x00,0x00,0x00,0x00,0x00,0x00,0x00,
  0x00,0x00,0x00,0x00,0x00,0x00,0x00,0x00,0x00,0x00,0x00,0x00,0x00,0x00,0x00,0x00,
  0x00,0x00,0x00,0x00,0x00,0x00,0x00,0x00,0x00,0x00,0x00,0x00,0x00,0x00,0x00,0x00,
  0x00,0x00,0x00,0x00,0x00,0x00,0x00,0x00,0x00,0x00,0x00,0x00,0x00,0x00,0x00,0x00,
  0x00,0x00,0x00,0x00,0x00,0x00,0x00,0x00,0x00,0x00,0x00,0x00,0x00,0x00,0x00,0x00,
  0x00,0x00,0x00,0x00,0x00,0x00,0x00,0x00,0x00,0x00,0x00,0x00,0x00,0x00,0x00,0x00,
  0x00,0x00,0x00,0x00,0x00,0x00,0x00,0x00,0x00,0x00,0x00,0x00,0x00,0x00,0x00,0x00,
  0x00,0x00,0x00,0x00,0x00,0x00,0x00,0x00,0x00,0x00,0x00,0x00,0x00,0x00,0x00,0x00,
  0x00,0x00,0x00,0x00,0x00,0x00,0x00,0x00,0x00,0x00,0x00,0x00,0x00,0x00,0x00,0x00,
  0x00,0x00,0x00,0x00,0x00,0x00,0x00,0x00,0x00,0x00,0x00,0x00,0x00,0x00,0x00,0x00,
  0x00,0x00,0x00,0x00,0x00,0x00,0x00,0x00,0x00,0x00,0x00,0x00,0x00,0x00,0x00,0x00,
  0x00,0x00,0x00,0x00,0x00,0x00,0x00,0x00,0x00,0x00,0x00,0x00,0x00,0x00,0x00,0x00,
  0x00,0x00,0x00,0x00,0x00,0x00,0x00,0x00,0x00,0x00,0x00,0x00,0x00,0x00,0x00,0x00,
  0x00,0x00,0x00,0x00,0x00,0x00,0x00,0x00,0x00,0x00,0x00,0x00,0x00,0x00,0x00,0x00,
  0x00,0x00,0x00,0x00,0x00,0x00,0x00,0x00,0x00,0x00,0x00,0x00,0x00,0x00,0x00,0x00,
  0x00,0x00,0x00,0x00,0x00,0x00,0x00,0x00,0x00,0x00,0x00,0x00,0x00,0x00,0x00,0x00,
  0x00,0x00,0x00,0x00,0x00,0x00,0x00,0x00,0x00,0x00,0x00,0x00,0x00,0x00,0x00,0x00,
  0x00,0x00,0x00,0x00,0x00,0x00,0x00,0x00,0x00,0x00,0x00,0x00,0x00,0x00,0x00,0x00,
  0x00,0x00,0x00,0x00,0x00,0x00,0x00,0x00,0x00,0x00,0x00,0x00,0x00,0x00,0x00,0x00,
  0x00,0x00,0x00,0x00,0x00,0x00,0x00,0x00,0x00,0x00,0x00,0x00,0x00,0x00,0x00,0x00,
  0x00,0x00,0x00,0x00,0x00,0x00,0x00,0x00,0x00,0x00,0x00,0x00,0x00,0x00,0x00,0x00,
  0x00,0x00,0x00,0x00,0x00,0x00,0x00,0x00,0x00,0x00,0x00,0x00,0x00,0x00,0x00,0x00,
  0x00,0x00,0x00,0x00,0x00,0x00,0x00,0x00,0x00,0x00,0x00,0x00,0x00,0x00,0x00,0x00,
  0x00,0x00,0x00,0x00,0x00,0x00,0x00,0x00,0x00,0x00,0x00,0x00,0x00,0x00,0x00,0x00,
  0x00,0x00,0x00,0x00,0x00,0x00,0x00,0x00,0x00,0x00,0x00,0x00,0x00,0x00,0x00,0x00,
  0x00,0x00,0x00,0x00,0x00,0x00,0x00,0x00,0x00,0x00,0x00,0x00,0x00,0x00,0x00,0x00,
  0x00,0x00,0x00,0x00,0x00,0x00,0x00,0x00,0x00,0x00,0x00,0x00,0x00,0x00,0x00,0x00,
  0x00,0x00,0x00,0x00,0x00,0x00,0x00,0x00,0x00,0x00,0x00,0x00,0x00,0x00,0x00,0x00,
  0x00,0x00,0x00,0x00,0x00,0x00,0x00,0x00,0x00,0x00,0x00,0x00,0x00,0x00,0x00,0x00,
  0x00,0x00,0x00,0x00,0x00,0x00,0x00,0x00,0x00,0x00,0x00,0x00,0x00,0x00,0x00,0x00,
  0x00,0x00,0x00,0x00,0x00,0x00,0x00,0x00,0x00,0x00,0x00,0x00,0x00,0x00,0x00,0x00,
  0x00,0x00,0x00,0x00,0x00,0x00,0x00,0x00,0x00,0x00,0x00,0x00,0x00,0x00,0x00,0x00,
  0x00,0x00,0x00,0x00,0x00,0x00,0x00,0x00,0x00,0x00,0x00,0x00,0x00,0x00,0x00,0x00,
  0x00,0x00,0x00,0x00,0x00,0x00,0x00,0x00,0x00,0x00,0x00,0x00,0x00,0x00,0x00,0x00,
  0x00,0x00,0x00,0x00,0x00,0x00,0x00,0x00,0x00,0x00,0x00,0x00,0x00,0x00,0x00,0x00,
  0x00,0x00,0x00,0x00,0x00,0x00,0x00,0x00,0x00,0x00,0x00,0x00,0x00,0x00,0x00,0x00,
  0x00,0x00,0x00,0x00,0x00,0x00,0x00,0x00,0x00,0x00,0x00,0x00,0x00,0x00,0x00,0x00,
  0x00,0x00,0x00,0x00,0x00,0x00,0x00,0x00,0x00,0x00,0x00,0x00,0x00,0x00,0x00,0x00,
  0x00,0x00,0x00,0x00,0x00,0x00,0x00,0x00,0x00,0x00,0x00,0x00,0x00,0x00,0x00,0x00,
  0x00,0x00,0x00,0x00,0x00,0x00,0x00,0x00,0x00,0x00,0x00,0x00,0x00,0x00,0x00,0x00,
  0x00,0x00,0x00,0x00,0x00,0x00,0x00,0x00,0x00,0x00,0x00,0x00,0x00,0x00,0x00,0x00,
  0x00,0x00,0x00,0x00,0x00,0x00,0x00,0x00,0x00,0x00,0x00,0x00,0x00,0x00,0x00,0x00,
  0x00,0x00,0x00,0x00,0x00,0x00,0x00,0x00,0x00,0x00,0x00,0x00,0x00,0x00,0x00,0x00,
  0x00,0x00,0x00,0x00,0x00,0x00,0x00,0x00,0x00,0x00,0x00,0x00,0x00,0x00,0x00,0x00,
  0x00,0x00,0x00,0x00,0x00,0x00,0x00,0x00,0x00,0x00,0x00,0x00,0x00,0x00,0x00,0x00,
  0x00,0x00,0x00,0x00,0x00,0x00,0x00,0x00,0x00,0x00,0x00,0x00,0x00,0x00,0x00,0x00,
  0x00,0x00,0x00,0x00,0x00,0x00,0x00,0x00,0x00,0x00,0x00,0x00,0x00,0x00,0x00,0x00,
  0x00,0x00,0x00,0x00,0x00,0x00,0x00,0x00,0x00,0x00,0x00,0x00,0x00,0x00,0x00,0x00,
  0x00,0x00,0x00,0x00,0x00,0x00,0x00,0x00,0x00,0x00,0x00,0x00,0x00,0x00,0x00,0x00,
  0x00,0x00,0x00,0x00,0x00,0x00,0x00,0x00,0x00,0x00,0x00,0x00,0x00,0x00,0x00,0x00,
  0x00,0x00,0x00,0x00,0x00,0x00,0x00,0x00,0x00,0x00,0x00,0x00,0x00,0x00,0x00,0x00,
  0x00,0x00,0x00,0x00,0x00,0x00,0x00,0x00,0x00,0x00,0x00,0x00,0x00,0x00,0x00,0x00,
  0x00,0x00,0x00,0x00,0x00,0x00,0x00,0x00,0x00,0x00,0x00,0x00,0x00,0x00,0x00,0x00,
  0x00,0x00,0x00,0x00,0x00,0x00,0x00,0x00,0x00,0x00,0x00,0x00,0x00,0x00,0x00,0x00,
  0x00,0x00,0x00,0x00,0x00,0x00,0x00,0x00,0x00,0x00,0x00,0x00,0x00,0x00,0x00,0x00,
  0x00,0x00,0x00,0x00,0x00,0x00,0x00,0x00,0x00,0x00,0x00,0x00,0x00,0x00,0x00,0x00,
  0x00,0x00,0x00,0x00,0x00,0x00,0x00,0x00,0x00,0x00,0x00,0x00,0x00,0x00,0x00,0x00,
  0x00,0x00,0x00,0x00,0x00,0x00,0x00,0x00,0x00,0x00,0x00,0x00,0x00,0x00,0x00,0x00,
  0x00,0x00,0x00,0x00,0x00,0x00,0x00,0x00,0x00,0x00,0x00,0x00,0x00,0x00,0x00,0x00,
  0x00,0x00,0x00,0x00,0x00,0x00,0x00,0x00,0x00,0x00,0x00,0x00,0x00,0x00,0x00,0x00,
  0x00,0x00,0x00,0x00,0x00,0x00,0x00,0x00,0x00,0x00,0x00,0x00,0x00,0x00,0x00,0x00,
  0x00,0x00,0x00,0x00,0x00,0x00,0x00,0x00,0x00,0x00,0x00,0x00,0x00,0x00,0x00,0x00,
  0x00,0x00,0x00,0x00,0x00,0x00,0x00,0x00,0x00,0x00,0x00,0x00,0x00,0x00,0x00,0x00,
  0x00,0x00,0x00,0x00,0x00,0x00,0x00,0x00,0x00,0x00,0x00,0x00,0x00,0x00,0x00,0x00,
  0x00,0x00,0x00,0x00,0x00,0x00,0x00,0x00,0x00,0x00,0x00,0x00,0x00,0x00,0x00,0x00,
  0x00,0x00,0x00,0x00,0x00,0x00,0x00,0x00,0x00,0x00,0x00,0x00,0x00,0x00,0x00,0x00,
  0x00,0x00,0x00,0x00,0x00,0x00,0x00,0x00,0x00,0x00,0x00,0x00,0x00,0x00,0x00,0x00,
  0x00,0x00,0x00,0x00,0x00,0x00,0x00,0x00,0x00,0x00,0x00,0x00,0x00,0x00,0x00,0x00,
  0x00,0x00,0x00,0x00,0x00,0x00,0x00,0x00,0x00,0x00,0x00,0x00,0x00,0x00,0x00,0x00,
  0x00,0x00,0x00,0x00,0x00,0x00,0x00,0x00,0x00,0x00,0x00,0x00,0x00,0x00,0x00,0x00,
  0x00,0x00,0x00,0x00,0x00,0x00,0x00,0x00,0x00,0x00,0x00,0x00,0x00,0x00,0x00,0x00,
  0x00,0x00,0x00,0x00,0x00,0x00,0x00,0x00,0x00,0x00,0x00,0x00,0x00,0x00,0x00,0x00,
  0x00,0x00,0x00,0x00,0x00,0x00,0x00,0x00,0x00,0x00,0x00,0x00,0x00,0x00,0x00,0x00,
  0x00,0x00,0x00,0x00,0x00,0x00,0x00,0x00,0x00,0x00,0x00,0x00,0x00,0x00,0x00,0x00,
  0x00,0x00,0x00,0x00,0x00,0x00,0x00,0x00,0x00,0x00,0x00,0x00,0x00,0x00,0x00,0x00,
  0x00,0x00,0x00,0x00,0x00,0x00,0x00,0x00,0x00,0x00,0x00,0x00,0x00,0x00,0x00,0x00,
  0x00,0x00,0x00,0x00,0x00,0x00,0x00,0x00,0x00,0x00,0x00,0x00,0x00,0x00,0x00,0x00,
  0x00,0x00,0x00,0x00,0x00,0x00,0x00,0x00,0x00,0x00,0x00,0x00,0x00,0x00,0x00,0x00,
  0x00,0x00,0x00,0x00,0x00,0x00,0x00,0x00,0x00,0x00,0x00,0x00,0x00,0x00,0x00,0x00,
  0x00,0x00,0x00,0x00,0x00,0x00,0x00,0x00,0x00,0x00,0x00,0x00,0x00,0x00,0x00,0x00,
  0x00,0x00,0x00,0x00,0x00,0x00,0x00,0x00,0x00,0x00,0x00,0x00,0x00,0x00,0x00,0x00,
  0x00,0x00,0x00,0x00,0x00,0x00,0x00,0x00,0x00,0x00,0x00,0x00,0x00,0x00,0x00,0x00,
  0x00,0x00,0x00,0x00,0x00,0x00,0x00,0x00,0x00,0x00,0x00,0x00,0x00,0x00,0x00,0x00,
  0x00,0x00,0x00,0x00,0x00,0x00,0x00,0x00,0x00,0x00,0x00,0x00,0x00,0x00,0x00,0x00,
  0x00,0x00,0x00,0x00,0x00,0x00,0x00,0x00,0x00,0x00,0x00,0x00,0x00,0x00,0x00,0x00,
  0x00,0x00,0x00,0x00,0x00,0x00,0x00,0x00,0x00,0x00,0x00,0x00,0x00,0x00,0x00,0x00,
  0x00,0x00,0x00,0x00,0x00,0x00,0x00,0x00,0x00,0x00,0x00,0x00,0x00,0x00,0x00,0x00,
  0x00,0x00,0x00,0x00,0x00,0x00,0x00,0x00,0x00,0x00,0x00,0x00,0x00,0x00,0x00,0x00,
  0x00,0x00,0x00,0x00,0x00,0x00,0x00,0x00,0x00,0x00,0x00,0x00,0x00,0x00,0x00,0x00,
  0x00,0x00,0x00,0x00,0x00,0x00,0x00,0x00,0x00,0x00,0x00,0x00,0x00,0x00,0x00,0x00,
  0x00,0x00,0x00,0x00,0x00,0x00,0x00,0x00,0x00,0x00,0x00,0x00,0x00,0x00,0x00,0x00,
  0x00,0x00,0x00,0x00,0x00,0x00,0x00,0x00,0x00,0x00,0x00,0x00,0x00,0x00,0x00,0x00,
  0x00,0x00,0x00,0x00,0x00,0x00,0x00,0x00,0x00,0x00,0x00,0x00,0x00,0x00,0x00,0x00,
  0x00,0x00,0x00,0x00,0x00,0x00,0x00,0x00,0x00,0x00,0x00,0x00,0x00,0x00,0x00,0x00,
  0x00,0x00,0x00,0x00,0x00,0x00,0x00,0x00,0x00,0x00,0x00,0x00,0x00,0x00,0x00,0x00,
  0x00,0x00,0x00,0x00,0x00,0x00,0x00,0x00,0x00,0x00,0x00,0x00,0x00,0x00,0x00,0x00,
  0x00,0x00,0x00,0x00,0x00,0x00,0x00,0x00,0x00,0x00,0x00,0x00,0x00,0x00,0x00,0x00,
  0x00,0x00,0x00,0x00,0x00,0x00,0x00,0x00,0x00,0x00,0x00,0x00,0x00,0x00,0x00,0x00,
  0x00,0x00,0x00,0x00,0x00,0x00,0x00,0x00,0x00,0x00,0x00,0x00,0x00,0x00,0x00,0x00,
  0x00,0x00,0x00,0x00,0x00,0x00,0x00,0x00,0x00,0x00,0x00,0x00,0x00,0x00,0x00,0x00,
  0x00,0x00,0x00,0x00,0x00,0x00,0x00,0x00,0x00,0x00,0x00,0x00,0x00,0x00,0x00,0x00,
  0x00,0x00,0x00,0x00,0x00,0x00,0x00,0x00,0x00,0x00,0x00,0x00,0x00,0x00,0x00,0x00,
  0x00,0x00,0x00,0x00,0x00,0x00,0x00,0x00,0x00,0x00,0x00,0x00,0x00,0x00,0x00,0x00,
  0x00,0x00,0x00,0x00,0x00,0x00,0x00,0x00,0x00,0x00,0x00,0x00,0x00,0x00,0x00,0x00,
  0x00,0x00,0x00,0x00,0x00,0x00,0x00,0x00,0x00,0x00,0x00,0x00,0x00,0x00,0x00,0x00,
  0x00,0x00,0x00,0x00,0x00,0x00,0x00,0x00,0x00,0x00,0x00,0x00,0x00,0x00,0x00,0x00,
  0x00,0x00,0x00,0x00,0x00,0x00,0x00,0x00,0x00,0x00,0x00,0x00,0x00,0x00,0x00,0x00,
  0x00,0x00,0x00,0x00,0x00,0x00,0x00,0x00,0x00,0x00,0x00,0x00,0x00,0x00,0x00,0x00,
  0x00,0x00,0x00,0x00,0x00,0x00,0x00,0x00,0x00,0x00,0x00,0x00,0x00,0x00,0x00,0x00,
  0x00,0x00,0x00,0x00,0x00,0x00,0x00,0x00,0x00,0x00,0x00,0x00,0x00,0x00,0x00,0x00,
  0x00,0x00,0x00,0x00,0x00,0x00,0x00,0x00,0x00,0x00,0x00,0x00,0x00,0x00,0x00,0x00,
  0x00,0x00,0x00,0x00,0x00,0x00,0x00,0x00,0x00,0x00,0x00,0x00,0x00,0x00,0x00,0x00,
  0x00,0x00,0x00,0x00,0x00,0x00,0x00,0x00,0x00,0x00,0x00,0x00,0x00,0x00,0x00,0x00,
  0x00,0x00,0x00,0x00,0x00,0x00,0x00,0x00,0x00,0x00,0x00,0x00,0x00,0x00,0x00,0x00,
  0x00,0x00,0x00,0x00,0x00,0x00,0x00,0x00,0x00,0x00,0x00,0x00,0x00,0x00,0x00,0x00,
  0x00,0x00,0x00,0x00,0x00,0x00,0x00,0x00,0x00,0x00,0x00,0x00,0x00,0x00,0x00,0x00,
  0x00,0x00,0x00,0x00,0x00,0x00,0x00,0x00,0x00,0x00,0x00,0x00,0x00,0x00,0x00,0x00,
  0x00,0x00,0x00,0x00,0x00,0x00,0x00,0x00,0x00,0x00,0x00,0x00,0x00,0x00,0x00,0x00,
  0x00,0x00,0x00,0x00,0x00,0x00,0x00,0x00,0x00,0x00,0x00,0x00,0x00,0x00,0x00,0x00,
  0x00,0x00,0x00,0x00,0x00,0x00,0x00,0x00,0x00,0x00,0x00,0x00,0x00,0x00,0x00,0x00,
  0x00,0x00,0x00,0x00,0x00,0x00,0x00,0x00,0x00,0x00,0x00,0x00,0x00,0x00,0x00,0x00,
  0x00,0x00,0x00,0x00,0x00,0x00,0x00,0x00,0x00,0x00,0x00,0x00,0x00,0x00,0x00,0x00,
  0x00,0x00,0x00,0x00,0x00,0x00,0x00,0x00,0x00,0x00,0x00,0x00,0x00,0x00,0x00,0x00,
  0x00,0x00,0x00,0x00,0x00,0x00,0x00,0x00,0x00,0x00,0x00,0x00,0x00,0x00,0x00,0x00,
  0x00,0x00,0x00,0x00,0x00,0x00,0x00,0x00,0x00,0x00,0x00,0x00,0x00,0x00,0x00,0x00,
  0x00,0x00,0x00,0x00,0x00,0x00,0x00,0x00,0x00,0x00,0x00,0x00,0x00,0x00,0x00,0x00,
  0x00,0x00,0x00,0x00,0x00,0x00,0x00,0x00,0x00,0x00,0x00,0x00,0x00,0x00,0x00,0x00,
  0x00,0x00,0x00,0x00,0x00,0x00,0x00,0x00,0x00,0x00,0x00,0x00,0x00,0x00,0x00,0x00,
  0x00,0x00,0x00,0x00,0x00,0x00,0x00,0x00,0x00,0x00,0x00,0x00,0x00,0x00,0x00,0x00,
  0x00,0x00,0x00,0x00,0x00,0x00,0x00,0x00,0x00,0x00,0x00,0x00,0x00,0x00,0x00,0x00,
  0x00,0x00,0x00,0x00,0x00,0x00,0x00,0x00,0x00,0x00,0x00,0x00,0x00,0x00,0x00,0x00,
  0x00,0x00,0x00,0x00,0x00,0x00,0x00,0x00,0x00,0x00,0x00,0x00,0x00,0x00,0x00,0x00,
  0x00,0x00,0x00,0x00,0x00,0x00,0x00,0x00,0x00,0x00,0x00,0x00,0x00,0x00,0x00,0x00,
  0x00,0x00,0x00,0x00,0x00,0x00,0x00,0x00,0x00,0x00,0x00,0x00,0x00,0x00,0x00,0x00,
  0x00,0x00,0x00,0x00,0x00,0x00,0x00,0x00,0x00,0x00,0x00,0x00,0x00,0x00,0x00,0x00,
  0x00,0x00,0x00,0x00,0x00,0x00,0x00,0x00,0x00,0x00,0x00,0x00,0x00,0x00,0x00,0x00,
  0x00,0x00,0x00,0x00,0x00,0x00,0x00,0x00,0x00,0x00,0x00,0x00,0x00,0x00,0x00,0x00,
  0x00,0x00,0x00,0x00,0x00,0x00,0x00,0x00,0x00,0x00,0x00,0x00,0x00,0x00,0x00,0x00,
  0x00,0x00,0x00,0x00,0x00,0x00,0x00,0x00,0x00,0x00,0x00,0x00,0x00,0x00,0x00,0x00,
  0x00,0x00,0x00,0x00,0x00,0x00,0x00,0x00,0x00,0x00,0x00,0x00,0x00,0x00,0x00,0x00,
  0x00,0x00,0x00,0x00,0x00,0x00,0x00,0x00,0x00,0x00,0x00,0x00,0x00,0x00,0x00,0x00,
  0x00,0x00,0x00,0x00,0x00,0x00,0x00,0x00,0x00,0x00,0x00,0x00,0x00,0x00,0x00,0x00,
  0x00,0x00,0x00,0x00,0x00,0x00,0x00,0x00,0x00,0x00,0x00,0x00,0x00,0x00,0x00,0x00,
  0x00,0x00,0x00,0x00,0x00,0x00,0x00,0x00,0x00,0x00,0x00,0x00,0x00,0x00,0x00,0x00,
  0x00,0x00,0x00,0x00,0x00,0x00,0x00,0x00,0x00,0x00,0x00,0x00,0x00,0x00,0x00,0x00,
  0x00,0x00,0x00,0x00,0x00,0x00,0x00,0x00,0x00,0x00,0x00,0x00,0x00,0x00,0x00,0x00,
  0x00,0x00,0x00,0x00,0x00,0x00,0x00,0x00,0x00,0x00,0x00,0x00,0x00,0x00,0x00,0x00,
  0x00,0x00,0x00,0x00,0x00,0x00,0x00,0x00,0x00,0x00,0x00,0x00,0x00,0x00,0x00,0x00,
  0x00,0x00,0x00,0x00,0x00,0x00,0x00,0x00,0x00,0x00,0x00,0x00,0x00,0x00,0x00,0x00,
  0x00,0x00,0x00,0x00,0x00,0x00,0x00,0x00,0x00,0x00,0x00,0x00,0x00,0x00,0x00,0x00,
  0x00,0x00,0x00,0x00,0x00,0x00,0x00,0x00,0x00,0x00,0x00,0x00,0x00,0x00,0x00,0x00,
  0x00,0x00,0x00,0x00,0x00,0x00,0x00,0x00,0x00,0x00,0x00,0x00,0x00,0x00,0x00,0x00,
  0x00,0x00,0x00,0x00,0x00,0x00,0x00,0x00,0x00,0x00,0x00,0x00,0x00,0x00,0x00,0x00,
  0x00,0x00,0x00,0x00,0x00,0x00,0x00,0x00,0x00,0x00,0x00,0x02,0x02,0x02,0x02,0x02,
  0x02,0x02,0x02,0x02,0x02,0x02,0x02,0x01,0x00,0x00,0x00,0x00,0x00,0x00,0x00,0x00,
  0x00,0x00,0x00,0x00,0x00,0x00,0x00,0x00,0x00,0x00,0x00,0x00,0x00,0x00,0x00,0x00,
  0x00,0x00,0x00,0x00,0x00,0x00,0x00,0x00,0x00,0x00,0x00,0x00,0x00,0x00,0x00,0x00,
  0x00,0x00,0x00,0x00,0x00,0x00,0x00,0x00,0x01,0x02,0x02,0x02,0x02,0x02,0x02,0x02,
  0x02,0x02,0x02,0x02,0x02,0x00,0x00,0x00,0x00,0x00,0x00,0x00,0x00,0x00,0x00,0x00,
  0x00,0x00,0x00,0x00,0x00,0x00,0x00,0x00,0x00,0x00,0x00,0x00,0x00,0x00,0x00,0x00,
  0x00,0x00,0x00,0x00,0x00,0x00,0x00,0x00,0x00,0x00,0x00,0x00,0x00,0x00,0x00,0x00,
  0x00,0x00,0x00,0x00,0x00,0x00,0x00,0x00,0x00,0x00,0x00,0x00,0x00,0x00,0x00,0x00,
  0x00,0x00,0x00,0x00,0x00,0x00,0x00,0x00,0x00,0x00,0x00,0x00,0x00,0x00,0x00,0x00,
  0x00,0x00,0x00,0x00,0x00,0x00,0x00,0x00,0x00,0x00,0x00,0x00,0x00,0x00,0x00,0x00,
  0x00,0x00,0x00,0x00,0x00,0x00,0x00,0x00,0x00,0x00,0x00,0x00,0x00,0x00,0x00,0x00,
  0x00,0x00,0x00,0x00,0x00,0x00,0x00,0x00,0x00,0x00,0x01,0x21,0x2b,0x2a,0x2c,0x2e,
  0x2e,0x2c,0x2c,0x2d,0x2d,0x2a,0x2a,0x11,0x00,0x01,0x00,0x00,0x00,0x00,0x00,0x00,
  0x00,0x00,0x00,0x00,0x00,0x00,0x00,0x00,0x00,0x00,0x00,0x00,0x00,0x00,0x00,0x00,
  0x00,0x00,0x00,0x00,0x00,0x00,0x00,0x00,0x00,0x00,0x00,0x00,0x00,0x00,0x00,0x00,
  0x00,0x00,0x00,0x00,0x00,0x00,0x01,0x00,0x0e,0x29,0x2a,0x2a,0x2a,0x2a,0x2b,0x2c,
  0x2b,0x2b,0x2a,0x28,0x1f,0x01,0x00,0x00,0x00,0x00,0x00,0x00,0x00,0x00,0x00,0x00,
  0x00,0x00,0x00,0x00,0x00,0x00,0x00,0x00,0x01,0x00,0x0b,0xdc,0xfd,0xf9,0xfb,0xfc,
  0xfc,0xfb,0xfb,0xfb,0xfb,0xf6,0xfd,0x6e,0x00,0x04,0x00,0x00,0x00,0x00,0x00,0x00,
  0x00,0x00,0x00,0x00,0x00,0x00,0x00,0x00,0x00,0x00,0x00,0x00,0x00,0x00,0x00,0x00,
  0x00,0x00,0x00,0x00,0x00,0x00,0x00,0x00,0x00,0x00,0x00,0x00,0x00,0x00,0x00,0x00,
  0x00,0x00,0x00,0x00,0x00,0x00,0x04,0x00,0x62,0xfc,0xf7,0xfa,0xfa,0xfa,0xfa,0xfb,
  0xfb,0xfa,0xf8,0xfb,0xdb,0x0c,0x00,0x01,0x00,0x00,0x00,0x00,0x00,0x00,0x00,0x00,
  0x00,0x00,0x00,0x00,0x00,0x00,0x00,0x00,0x01,0x00,0x0e,0xe4,0xff,0xfd,0xfe,0xfd,
  0xfd,0xfe,0xfe,0xfe,0xfe,0xfa,0xff,0x78,0x03,0x07,0x04,0x01,0x00,0x00,0x00,0x00,
  0x00,0x00,0x00,0x00,0x00,0x00,0x00,0x00,0x00,0x00,0x00,0x00,0x00,0x00,0x00,0x00,
  0x00,0x00,0x00,0x00,0x00,0x00,0x00,0x00,0x00,0x00,0x00,0x00,0x00,0x00,0x00,0x00,
  0x00,0x00,0x00,0x00,0x01,0x03,0x07,0x03,0x68,0xff,0xfb,0xfe,0xfe,0xfe,0xfe,0xfe,
  0xfe,0xfd,0xfc,0xff,0xe6,0x10,0x00,0x01,0x00,0x00,0x00,0x00,0x00,0x00,0x00,0x00,
  0x00,0x00,0x00,0x00,0x00,0x00,0x00,0x00,0x01,0x00,0x0e,0xe2,0xfe,0xfb,0xfd,0xfd,
  0xfd,0xfd,0xfd,0xfd,0xfc,0xf8,0xfe,0x70,0x00,0x00,0x00,0x00,0x00,0x00,0x00,0x00,
  0x00,0x00,0x00,0x00,0x00,0x00,0x00,0x00,0x00,0x00,0x00,0x00,0x00,0x00,0x00,0x00,
  0x00,0x00,0x00,0x00,0x00,0x00,0x00,0x00,0x00,0x00,0x00,0x00,0x00,0x00,0x00,0x00,
  0x00,0x00,0x00,0x00,0x00,0x00,0x00,0x00,0x5c,0xfe,0xf9,0xfc,0xfd,0xfd,0xfd,0xfd,
  0xfc,0xfd,0xfa,0xfe,0xe4,0x10,0x00,0x01,0x00,0x00,0x00,0x00,0x00,0x00,0x00,0x00,
  0x00,0x00,0x00,0x00,0x00,0x00,0x00,0x00,0x01,0x00,0x0d,0xe3,0xff,0xfc,0xfe,0xfe,
  0xfe,0xfe,0xfe,0xfe,0xfd,0xfa,0xff,0xa2,0x50,0x57,0x5b,0x19,0x00,0x01,0x00,0x00,
  0x00,0x00,0x00,0x00,0x00,0x00,0x00,0x00,0x00,0x00,0x00,0x00,0x00,0x00,0x00,0x00,
  0x00,0x00,0x00,0x00,0x00,0x00,0x00,0x00,0x00,0x00,0x00,0x00,0x00,0x00,0x00,0x00,
  0x00,0x00,0x01,0x00,0x13,0x54,0x57,0x51,0x99,0xff,0xfb,0xfe,0xfe,0xfe,0xfe,0xfe,
  0xfd,0xfd,0xfb,0xff,0xe2,0x0d,0x00,0x01,0x00,0x00,0x00,0x00,0x00,0x00,0x00,0x00,
  0x00,0x00,0x00,0x00,0x00,0x00,0x00,0x00,0x01,0x00,0x0e,0xe5,0xff,0xfc,0xfe,0xfe,
  0xfe,0xfe,0xfe,0xfe,0xfe,0xfe,0xfd,0xff,0xff,0xff,0xff,0x51,0x01,0x04,0x01,0x00,
  0x00,0x00,0x00,0x00,0x00,0x00,0x00,0x00,0x00,0x00,0x00,0x00,0x00,0x00,0x00,0x00,
  0x00,0x00,0x00,0x00,0x00,0x00,0x00,0x00,0x00,0x00,0x00,0x00,0x00,0x00,0x00,0x00,
  0x00,0x01,0x04,0x01,0x44,0xff,0xff,0xff,0xff,0xfd,0xfe,0xfe,0xfe,0xfe,0xfe,0xfe,
  0xfe,0xfd,0xfc,0xff,0xe4,0x0f,0x00,0x01,0x00,0x00,0x00,0x00,0x00,0x00,0x00,0x00,
  0x00,0x00,0x00,0x00,0x00,0x00,0x00,0x00,0x01,0x00,0x10,0xe6,0xff,0xfc,0xfe,0xfe,
  0xfe,0xfe,0xfe,0xfe,0xfe,0xfe,0xfd,0xfb,0xfa,0xf7,0xfc,0x4d,0x00,0x00,0x00,0x00,
  0x00,0x00,0x00,0x00,0x00,0x00,0x00,0x00,0x00,0x00,0x00,0x00,0x00,0x00,0x00,0x00,
  0x00,0x00,0x00,0x00,0x00,0x00,0x00,0x00,0x00,0x00,0x00,0x00,0x00,0x00,0x00,0x00,
  0x00,0x00,0x00,0x00,0x41,0xfc,0xf8,0xfa,0xfb,0xfd,0xfe,0xfe,0xfe,0xfe,0xfe,0xfe,
  0xfe,0xfe,0xfc,0xff,0xe6,0x11,0x00,0x01,0x00,0x00,0x00,0x00,0x00,0x00,0x00,0x00,
  0x00,0x00,0x00,0x00,0x00,0x00,0x00,0x00,0x01,0x00,0x10,0xe6,0xff,0xfc,0xfe,0xfe,
  0xfe,0xfe,0xfe,0xfe,0xfe,0xfe,0xfe,0xfe,0xfd,0xfa,0xff,0x5c,0x0b,0x10,0x08,0x00,
  0x00,0x00,0x00,0x00,0x00,0x00,0x00,0x00,0x00,0x00,0x00,0x00,0x00,0x00,0x00,0x00,
  0x00,0x00,0x00,0x00,0x00,0x00,0x00,0x00,0x00,0x00,0x00,0x00,0x00,0x00,0x00,0x00,
  0x00,0x09,0x11,0x0b,0x4f,0xff,0xfc,0xfd,0xfd,0xfe,0xfe,0xfe,0xfe,0xfe,0xfe,0xfe,
  0xfe,0xfe,0xfc,0xff,0xe5,0x10,0x00,0x01,0x00,0x00,0x00,0x00,0x00,0x00,0x00,0x00,
  0x00,0x00,0x00,0x00,0x00,0x00,0x00,0x00,0x01,0x00,0x10,0xe5,0xff,0xfc,0xfd,0xfe,
  0xfe,0xfe,0xfe,0xfe,0xfe,0xfe,0xfe,0xfe,0xfd,0xfd,0xfd,0xeb,0xde,0xe6,0xb4,0x02,
  0x01,0x01,0x01,0x01,0x01,0x01,0x01,0x00,0x00,0x00,0x00,0x00,0x00,0x00,0x00,0x00,
  0x00,0x00,0x00,0x00,0x00,0x00,0x00,0x00,0x00,0x01,0x01,0x01,0x01,0x01,0x01,0x03,
  0x01,0xa5,0xe7,0xde,0xea,0xfd,0xfe,0xfe,0xfe,0xfe,0xfe,0xfe,0xfe,0xfe,0xfe,0xfd,
  0xfe,0xfe,0xfc,0xff,0xe6,0x10,0x00,0x01,0x00,0x00,0x00,0x00,0x00,0x00,0x00,0x00,
  0x00,0x00,0x00,0x00,0x00,0x00,0x00,0x00,0x01,0x00,0x0f,0xe4,0xff,0xfc,0xfd,0xfe,
  0xfe,0xfe,0xfe,0xfe,0xfe,0xfe,0xfe,0xfe,0xfd,0xfd,0xfd,0xff,0xff,0xff,0xd3,0x00,
  0x00,0x00,0x00,0x00,0x00,0x00,0x00,0x00,0x00,0x00,0x00,0x00,0x00,0x00,0x00,0x00,
  0x00,0x00,0x00,0x00,0x00,0x00,0x00,0x00,0x00,0x00,0x00,0x00,0x00,0x00,0x00,0x00,
  0x00,0xbd,0xff,0xff,0xff,0xfe,0xfe,0xfe,0xfe,0xfe,0xfe,0xfe,0xfe,0xfe,0xfd,0xfd,
  0xfe,0xfd,0xfc,0xff,0xe6,0x10,0x00,0x01,0x00,0x00,0x00,0x00,0x00,0x00,0x00,0x00,
  0x00,0x00,0x00,0x00,0x00,0x00,0x00,0x00,0x01,0x00,0x0e,0xdf,0xfb,0xf9,0xfd,0xfe,
  0xfe,0xfe,0xfe,0xfe,0xfe,0xfe,0xfe,0xfe,0xfe,0xfd,0xfd,0xfc,0xf9,0xfe,0xd3,0x13,
  0x0f,0x0f,0x0f,0x0e,0x0e,0x10,0x0b,0x00,0x00,0x00,0x00,0x00,0x00,0x00,0x00,0x00,
  0x00,0x00,0x00,0x00,0x00,0x00,0x00,0x00,0x00,0x08,0x0e,0x0f,0x10,0x0f,0x0f,0x12,
  0x12,0xc1,0xfe,0xf9,0xfd,0xfe,0xfe,0xfe,0xfe,0xfe,0xfe,0xfe,0xfe,0xfe,0xfe,0xfd,
  0xfd,0xfd,0xf9,0xfb,0xe2,0x10,0x00,0x01,0x00,0x00,0x00,0x00,0x00,0x00,0x00,0x00,
  0x00,0x00,0x00,0x00,0x00,0x00,0x00,0x00,0x01,0x00,0x0e,0xf0,0xff,0xff,0xfd,0xfd,
  0xfe,0xfe,0xfe,0xfe,0xfe,0xfe,0xfe,0xfe,0xfe,0xfe,0xfe,0xfd,0xfd,0xfd,0xf9,0xe8,
  0xe5,0xe5,0xe5,0xe4,0xe1,0xe9,0xab,0x00,0x01,0x00,0x00,0x00,0x00,0x00,0x00,0x00,
  0x00,0x00,0x00,0x00,0x00,0x00,0x00,0x02,0x00,0xa0,0xe7,0xe3,0xe6,0xe5,0xe5,0xe6,
  0xe8,0xf8,0xfd,0xfe,0xfe,0xfe,0xfe,0xfe,0xfe,0xfe,0xfe,0xfe,0xfe,0xfe,0xfe,0xfd,
  0xfd,0xfd,0xff,0xff,0xf3,0x10,0x00,0x01,0x00,0x00,0x00,0x00,0x00,0x00,0x00,0x00,
  0x00,0x00,0x00,0x00,0x00,0x00,0x00,0x00,0x01,0x00,0x08,0x89,0x9b,0xb1,0xfd,0xfd,
  0xfe,0xfe,0xfe,0xfe,0xfe,0xfe,0xfe,0xfe,0xfe,0xfe,0xfe,0xfd,0xfd,0xfd,0xfe,0xff,
  0xff,0xff,0xff,0xff,0xff,0xff,0xc3,0x04,0x05,0x04,0x04,0x04,0x04,0x04,0x04,0x04,
  0x04,0x04,0x04,0x04,0x04,0x04,0x04,0x06,0x04,0xbd,0xff,0xff,0xff,0xff,0xff,0xff,
  0xff,0xfe,0xfd,0xfe,0xfe,0xfe,0xfe,0xfe,0xfe,0xfe,0xfe,0xfe,0xfe,0xfe,0xfe,0xfd,
  0xfd,0xfe,0xb3,0x9b,0x89,0x09,0x00,0x01,0x00,0x00,0x00,0x00,0x00,0x00,0x00,0x00,
  0x00,0x00,0x00,0x00,0x00,0x00,0x00,0x00,0x00,0x00,0x00,0x00,0x00,0x1b,0xfa,0xfe,
  0xfd,0xfe,0xfe,0xfe,0xfe,0xfe,0xfe,0xfe,0xfe,0xfe,0xfe,0xfe,0xfd,0xfd,0xfd,0xfc,
  0xfc,0xfc,0xfc,0xfc,0xf8,0xfe,0xbd,0x00,0x00,0x00,0x00,0x00,0x00,0x00,0x00,0x00,
  0x00,0x00,0x00,0x00,0x00,0x00,0x00,0x00,0x00,0xb3,0xfe,0xf8,0xfc,0xfc,0xfc,0xfc,
  0xfc,0xfd,0xfd,0xfe,0xfe,0xfe,0xfe,0xfe,0xfe,0xfe,0xfe,0xfe,0xfe,0xfe,0xfe,0xfd,
  0xfd,0xfe,0x22,0x00,0x00,0x00,0x00,0x00,0x00,0x00,0x00,0x00,0x00,0x00,0x00,0x00,
  0x00,0x00,0x00,0x00,0x00,0x00,0x00,0x00,0x00,0x00,0x00,0x05,0x04,0x27,0xf8,0xff,
  0xfd,0xfe,0xfe,0xfe,0xfe,0xfe,0xfe,0xfe,0xfe,0xfe,0xfe,0xfe,0xfe,0xfd,0xfd,0xfe,
  0xfe,0xfe,0xfe,0xfe,0xfc,0xfe,0xe6,0x93,0x92,0x92,0x92,0x92,0x93,0x95,0x93,0x92,
  0x92,0x93,0x93,0x92,0x92,0x92,0x93,0x93,0x8e,0xe1,0xfe,0xfc,0xfe,0xfe,0xfe,0xfe,
  0xfe,0xfe,0xfd,0xfe,0xfe,0xfe,0xfe,0xfe,0xfe,0xfe,0xfe,0xfe,0xfe,0xfe,0xfe,0xfd,
  0xfd,0xfd,0x2e,0x04,0x05,0x00,0x00,0x00,0x00,0x00,0x00,0x00,0x00,0x00,0x00,0x00,
  0x00,0x00,0x00,0x00,0x00,0x00,0x00,0x00,0x00,0x00,0x00,0x02,0x00,0x22,0xf4,0xfd,
  0xfb,0xfe,0xfe,0xfe,0xfe,0xfe,0xfe,0xfe,0xfe,0xfe,0xfe,0xfe,0xfe,0xfe,0xfe,0xfe,
  0xfe,0xfe,0xfe,0xfe,0xfe,0xfd,0xff,0xff,0xff,0xff,0xff,0xff,0xff,0xff,0xff,0xff,
  0xff,0xff,0xff,0xff,0xff,0xff,0xff,0xff,0xff,0xff,0xfd,0xfe,0xfe,0xfe,0xfe,0xfe,
  0xfe,0xfe,0xfe,0xfe,0xfe,0xfe,0xfe,0xfe,0xfe,0xfe,0xfe,0xfe,0xfe,0xfe,0xfe,0xfb,
  0xfb,0xfc,0x2c,0x00,0x02,0x00,0x00,0x00,0x00,0x00,0x00,0x00,0x00,0x00,0x00,0x00,
  0x00,0x00,0x00,0x00,0x00,0x00,0x00,0x00,0x00,0x00,0x00,0x02,0x00,0x24,0xff,0xff,
  0xff,0xfe,0xfd,0xfd,0xfe,0xfe,0xfe,0xfe,0xfe,0xfe,0xfe,0xfe,0xfe,0xfe,0xfe,0xfe,
  0xfe,0xfe,0xfe,0xfe,0xfe,0xfd,0xfc,0xf9,0xf9,0xf9,0xf9,0xf9,0xf9,0xf9,0xf9,0xf9,
  0xf9,0xf9,0xf9,0xf9,0xf9,0xf9,0xf9,0xf9,0xf9,0xfc,0xfd,0xfe,0xfe,0xfe,0xfe,0xfe,
  0xfe,0xfe,0xfe,0xfe,0xfe,0xfe,0xfe,0xfe,0xfe,0xfe,0xfe,0xfd,0xfd,0xfd,0xfe,0xff,
  0xff,0xff,0x2c,0x00,0x02,0x00,0x00,0x00,0x00,0x00,0x00,0x00,0x00,0x00,0x00,0x00,
  0x00,0x00,0x00,0x00,0x00,0x00,0x00,0x00,0x00,0x00,0x00,0x01,0x00,0x0b,0x4a,0x4b,
  0x57,0xed,0xff,0xfc,0xfe,0xfe,0xfe,0xfe,0xfe,0xfe,0xfe,0xfe,0xfe,0xfe,0xfe,0xfe,
  0xfe,0xfe,0xfe,0xfe,0xfe,0xfe,0xfd,0xfd,0xfd,0xfd,0xfd,0xfd,0xfd,0xfd,0xfd,0xfd,
  0xfd,0xfd,0xfe,0xfe,0xfe,0xfe,0xfe,0xfd,0xfd,0xfd,0xfe,0xfe,0xfe,0xfe,0xfe,0xfe,
  0xfe,0xfe,0xfe,0xfe,0xfe,0xfe,0xfe,0xfe,0xfe,0xfe,0xfe,0xfd,0xfc,0xff,0xf1,0x5d,
  0x4e,0x4c,0x0c,0x00,0x01,0x00,0x00,0x00,0x00,0x00,0x00,0x00,0x00,0x00,0x00,0x00,
  0x00,0x00,0x00,0x00,0x00,0x00,0x00,0x00,0x00,0x00,0x00,0x00,0x00,0x00,0x00,0x00,
  0x06,0xe6,0xff,0xfc,0xfe,0xfe,0xfe,0xfe,0xfe,0xfe,0xfe,0xfe,0xfe,0xfe,0xfe,0xfe,
  0xfe,0xfe,0xfe,0xfe,0xfe,0xfe,0xfd,0xfe,0xfd,0xfd,0xfd,0xfd,0xfd,0xfd,0xfd,0xfd,
  0xfd,0xfe,0xfe,0xfe,0xfe,0xfe,0xfe,0xfe,0xfe,0xfe,0xfe,0xfe,0xfe,0xfe,0xfe,0xfe,
  0xfe,0xfe,0xfe,0xfe,0xfe,0xfe,0xfe,0xfe,0xfe,0xfe,0xfe,0xfd,0xfc,0xff,0xe9,0x07,
  0x00,0x00,0x00,0x00,0x00,0x00,0x00,0x00,0x00,0x00,0x00,0x00,0x00,0x00,0x00,0x00,
  0x00,0x00,0x00,0x00,0x00,0x00,0x00,0x00,0x00,0x00,0x00,0x00,0x00,0x00,0x00,0x00,
  0x0b,0xe6,0xff,0xfc,0xfe,0xfe,0xfe,0xfe,0xfe,0xfe,0xfe,0xfe,0xfe,0xfe,0xfe,0xfe,
  0xfe,0xfe,0xfe,0xfe,0xfe,0xfe,0xfe,0xfe,0xfd,0xfd,0xfe,0xfe,0xfe,0xfe,0xfe,0xfe,
  0xfe,0xfe,0xfe,0xfe,0xfe,0xfe,0xfe,0xfe,0xfe,0xfe,0xfe,0xfe,0xfe,0xfe,0xfe,0xfe,
  0xfe,0xfe,0xfe,0xfe,0xfe,0xfe,0xfe,0xfe,0xfe,0xfe,0xfe,0xfd,0xfc,0xff,0xe7,0x0c,
  0x00,0x00,0x00,0x00,0x00,0x00,0x00,0x00,0x00,0x00,0x00,0x00,0x00,0x00,0x00,0x00,
  0x00,0x00,0x00,0x00,0x00,0x00,0x00,0x00,0x00,0x00,0x00,0x00,0x00,0x0f,0x1d,0x1a,
  0x29,0xe7,0xff,0xfc,0xfe,0xfe,0xfe,0xfe,0xfe,0xfe,0xfe,0xfe,0xfe,0xfe,0xfe,0xfe,
  0xfe,0xfe,0xfe,0xfe,0xfe,0xfe,0xfe,0xfe,0xfe,0xfe,0xfe,0xfe,0xfe,0xfe,0xfe,0xfe,
  0xfe,0xfe,0xfe,0xfe,0xfe,0xfe,0xfe,0xfe,0xfe,0xfe,0xfe,0xfe,0xfe,0xfe,0xfe,0xfe,
  0xfe,0xfe,0xfe,0xfe,0xfe,0xfe,0xfe,0xfe,0xfe,0xfe,0xfe,0xfe,0xfc,0xff,0xe9,0x2c,
  0x1c,0x1d,0x0e,0x00,0x00,0x00,0x00,0x00,0x00,0x00,0x00,0x00,0x00,0x00,0x00,0x00,
  0x00,0x00,0x00,0x00,0x00,0x00,0x00,0x00,0x00,0x00,0x00,0x04,0x00,0x7c,0xf5,0xed,
  0xf3,0xfc,0xfd,0xfe,0xfe,0xfe,0xfe,0xfe,0xfe,0xfe,0xfe,0xfe,0xfe,0xfe,0xfe,0xfe,
  0xfe,0xfe,0xfe,0xfe,0xfe,0xfe,0xfe,0xfe,0xfe,0xfe,0xfe,0xfe,0xfe,0xfe,0xfe,0xfe,
  0xfe,0xfe,0xfe,0xfe,0xfe,0xfe,0xfe,0xfe,0xfe,0xfe,0xfe,0xfe,0xfe,0xfe,0xfe,0xfe,
  0xfe,0xfe,0xfe,0xfe,0xfe,0xfe,0xfe,0xfe,0xfe,0xfe,0xfe,0xfe,0xfd,0xfd,0xfc,0xf4,
  0xee,0xf5,0x7a,0x00,0x04,0x00,0x00,0x00,0x00,0x00,0x00,0x00,0x00,0x00,0x00,0x00,
  0x00,0x00,0x00,0x00,0x00,0x00,0x00,0x00,0x00,0x01,0x03,0x07,0x03,0x83,0xff,0xfc,
  0xff,0xfd,0xfd,0xfe,0xfe,0xfe,0xfe,0xfe,0xfe,0xfe,0xfe,0xfe,0xfe,0xfe,0xfe,0xfe,
  0xfe,0xfe,0xfe,0xfe,0xfe,0xfe,0xfe,0xfe,0xfe,0xfe,0xfe,0xfe,0xfe,0xfe,0xfe,0xfe,
  0xfe,0xfe,0xfe,0xfe,0xfe,0xfe,0xfe,0xfe,0xfe,0xfe,0xfe,0xfe,0xfe,0xfe,0xfe,0xfe,
  0xfe,0xfe,0xfe,0xfe,0xfe,0xfe,0xfe,0xfe,0xfe,0xfe,0xfe,0xfe,0xfe,0xfd,0xfd,0xff,
  0xfc,0xff,0x83,0x03,0x07,0x03,0x01,0x00,0x00,0x00,0x00,0x00,0x00,0x00,0x00,0x00,
  0x00,0x00,0x00,0x00,0x00,0x00,0x00,0x00,0x00,0x00,0x00,0x00,0x00,0x79,0xfe,0xf8,
  0xfc,0xfe,0xfe,0xfe,0xfe,0xfe,0xfe,0xfe,0xfe,0xfe,0xfe,0xfe,0xfe,0xfe,0xfe,0xfe,
  0xfe,0xfe,0xfe,0xfe,0xfe,0xfe,0xfe,0xfe,0xfe,0xfe,0xfe,0xfe,0xfe,0xfe,0xfe,0xfe,
  0xfe,0xfe,0xfe,0xfe,0xfe,0xfe,0xfe,0xfe,0xfe,0xfe,0xfe,0xfe,0xfe,0xfe,0xfe,0xfe,
  0xfe,0xfe,0xfe,0xfe,0xfe,0xfe,0xfe,0xfe,0xfe,0xfe,0xfe,0xfe,0xfe,0xfd,0xfd,0xfc,
  0xf8,0xfe,0x7b,0x00,0x00,0x00,0x00,0x00,0x00,0x00,0x00,0x00,0x00,0x00,0x00,0x00,
  0x00,0x00,0x00,0x00,0x00,0x00,0x00,0x00,0x00,0x0c,0x42,0x45,0x40,0xa6,0xff,0xfa,
  0xfe,0xfe,0xfe,0xfe,0xfe,0xfe,0xfe,0xfe,0xfe,0xfe,0xfe,0xfe,0xfe,0xfe,0xfe,0xfe,
  0xfe,0xfe,0xfe,0xfe,0xfe,0xfe,0xfe,0xfe,0xfe,0xfe,0xfe,0xfe,0xfe,0xfe,0xfe,0xfe,
  0xfe,0xfe,0xfe,0xfe,0xfe,0xfe,0xfe,0xfe,0xfe,0xfe,0xfe,0xfe,0xfe,0xfe,0xfe,0xfe,
  0xfe,0xfe,0xfe,0xfe,0xfe,0xfe,0xfe,0xfe,0xfe,0xfe,0xfe,0xfe,0xfe,0xfe,0xfe,0xfd,
  0xfa,0xff,0xa6,0x42,0x45,0x42,0x0e,0x00,0x00,0x00,0x00,0x00,0x00,0x00,0x00,0x00,
  0x00,0x00,0x00,0x00,0x00,0x00,0x00,0x02,0x00,0x34,0xff,0xff,0xff,0xff,0xfd,0xfe,
  0xfe,0xfe,0xfe,0xfe,0xfe,0xfe,0xfe,0xfe,0xfe,0xfe,0xfe,0xfe,0xfe,0xfe,0xfe,0xfe,
  0xfe,0xfe,0xfe,0xfe,0xfe,0xfe,0xfe,0xfe,0xfe,0xfe,0xfe,0xfe,0xfe,0xfe,0xfe,0xfe,
  0xfe,0xfe,0xfe,0xfe,0xfe,0xfe,0xfe,0xfe,0xfe,0xfe,0xfe,0xfe,0xfe,0xfe,0xfe,0xfe,
  0xfe,0xfe,0xfe,0xfe,0xfe,0xfe,0xfe,0xfe,0xfe,0xfe,0xfe,0xfe,0xfe,0xfe,0xfe,0xfe,
  0xfe,0xfd,0xff,0xff,0xff,0xff,0x38,0x00,0x02,0x00,0x00,0x00,0x00,0x00,0x00,0x00,
  0x00,0x00,0x00,0x00,0x00,0x00,0x02,0x06,0x03,0x3b,0xfd,0xf9,0xfa,0xfc,0xfe,0xfe,
  0xfe,0xfe,0xfe,0xfe,0xfe,0xfe,0xfe,0xfe,0xfe,0xfe,0xfe,0xfe,0xfe,0xfe,0xfe,0xfe,
  0xfe,0xfe,0xfe,0xfe,0xfe,0xfe,0xfe,0xfe,0xfe,0xfe,0xfe,0xfe,0xfe,0xfe,0xfe,0xfe,
  0xfe,0xfe,0xfe,0xfe,0xfe,0xfe,0xfe,0xfe,0xfe,0xfe,0xfe,0xfe,0xfe,0xfe,0xfe,0xfe,
  0xfe,0xfe,0xfe,0xfe,0xfe,0xfe,0xfe,0xfe,0xfe,0xfe,0xfe,0xfe,0xfe,0xfe,0xfe,0xfe,
  0xfe,0xfe,0xfc,0xfb,0xfa,0xfd,0x38,0x03,0x06,0x02,0x00,0x00,0x00,0x00,0x00,0x00,
  0x00,0x00,0x00,0x00,0x00,0x00,0x00,0x00,0x00,0x34,0xff,0xfc,0xfd,0xfe,0xfe,0xfe,
  0xfe,0xfe,0xfe,0xfe,0xfe,0xfe,0xfe,0xfe,0xfe,0xfe,0xfe,0xfe,0xfe,0xfe,0xfe,0xfe,
  0xfe,0xfe,0xfe,0xfe,0xfe,0xfe,0xfe,0xfe,0xfe,0xfe,0xfe,0xfe,0xfe,0xfe,0xfe,0xfe,
  0xfe,0xfe,0xfe,0xfe,0xfe,0xfe,0xfe,0xfe,0xfe,0xfe,0xfe,0xfe,0xfe,0xfe,0xfe,0xfe,
  0xfe,0xfe,0xfe,0xfe,0xfe,0xfe,0xfe,0xfe,0xfe,0xfe,0xfe,0xfe,0xfe,0xfe,0xfe,0xfe,
  0xfe,0xfe,0xfe,0xfd,0xfc,0xff,0x31,0x00,0x00,0x00,0x00,0x00,0x00,0x00,0x00,0x00,
  0x00,0x00,0x00,0x00,0x00,0x00,0x28,0x3e,0x38,0x6b,0xff,0xfc,0xfd,0xfe,0xfe,0xfe,
  0xfe,0xfe,0xfe,0xfe,0xfe,0xfe,0xfe,0xfe,0xfe,0xfe,0xfe,0xfe,0xfe,0xfe,0xfe,0xfe,
  0xfe,0xfe,0xfe,0xfe,0xfd,0xfd,0xfe,0xfe,0xfe,0xfe,0xfe,0xfe,0xfe,0xfe,0xfe,0xfe,
  0xfe,0xfe,0xfe,0xfe,0xfe,0xfe,0xfe,0xfe,0xfe,0xfe,0xfe,0xfe,0xfe,0xfe,0xfe,0xfe,
  0xfe,0xfe,0xfe,0xfe,0xfe,0xfe,0xfe,0xfe,0xfe,0xfe,0xfe,0xfe,0xfe,0xfe,0xfe,0xfe,
  0xfe,0xfe,0xfe,0xfd,0xfc,0xff,0x70,0x3b,0x3c,0x2b,0x00,0x00,0x00,0x00,0x00,0x00,
  0x00,0x00,0x00,0x00,0x00,0x00,0xcb,0xff,0xff,0xff,0xfd,0xfd,0xfd,0xfe,0xfe,0xfe,
  0xfe,0xfe,0xfe,0xfe,0xfe,0xfe,0xfe,0xfe,0xfe,0xfe,0xfe,0xfe,0xfe,0xfe,0xfe,0xfe,
  0xfe,0xfe,0xfe,0xfe,0xfd,0xfd,0xfd,0xfe,0xfe,0xfe,0xfe,0xfe,0xfe,0xfe,0xfe,0xfe,
  0xfe,0xfe,0xfe,0xfe,0xfe,0xfe,0xfe,0xfe,0xfe,0xfe,0xfe,0xfe,0xfe,0xfe,0xfe,0xfe,
  0xfe,0xfe,0xfe,0xfe,0xfe,0xfe,0xfe,0xfe,0xfe,0xfe,0xfe,0xfe,0xfe,0xfe,0xfe,0xfe,
  0xfe,0xfe,0xfe,0xfe,0xfe,0xfe,0xff,0xff,0xff,0xd4,0x01,0x00,0x01,0x00,0x00,0x00,
  0x00,0x00,0x02,0x04,0x03,0x03,0xcb,0xfe,0xfa,0xfc,0xfe,0xfe,0xfe,0xfe,0xfe,0xfe,
  0xfe,0xfe,0xfe,0xfe,0xfe,0xfe,0xfe,0xfe,0xfe,0xfe,0xfe,0xfe,0xfe,0xfe,0xfe,0xfe,
  0xfe,0xfe,0xfe,0xfd,0xfd,0xfd,0xfd,0xfe,0xfe,0xfe,0xfe,0xfe,0xfe,0xfe,0xfe,0xfe,
  0xfe,0xfe,0xfe,0xfe,0xfe,0xfe,0xfe,0xfe,0xfe,0xfe,0xfe,0xfe,0xfe,0xfe,0xfe,0xfe,
  0xfe,0xfe,0xfe,0xfe,0xfe,0xfe,0xfe,0xfe,0xfd,0xfd,0xfd,0xfe,0xfe,0xfe,0xfe,0xfe,
  0xfe,0xfe,0xfe,0xfe,0xfe,0xfe,0xfc,0xfa,0xfe,0xd4,0x06,0x04,0x05,0x02,0x00,0x00,
  0x00,0x00,0x00,0x00,0x00,0x00,0xc8,0xff,0xfb,0xfd,0xfe,0xfe,0xfe,0xfe,0xfe,0xfe,
  0xfe,0xfe,0xfe,0xfe,0xfe,0xfd,0xfe,0xfe,0xfe,0xfe,0xfe,0xfe,0xfe,0xfe,0xfe,0xfe,
  0xfe,0xfe,0xfe,0xfd,0xfd,0xfd,0xfd,0xfe,0xfd,0xfd,0xfe,0xfe,0xfe,0xfe,0xfe,0xfe,
  0xfe,0xfe,0xfe,0xfe,0xfe,0xfe,0xfe,0xfe,0xfe,0xfe,0xfe,0xfe,0xfe,0xfe,0xfd,0xfd,
  0xfe,0xfe,0xfe,0xfe,0xfe,0xfe,0xfe,0xfe,0xfd,0xfd,0xfd,0xfe,0xfe,0xfe,0xfe,0xfe,
  0xfe,0xfe,0xfe,0xfe,0xfe,0xfd,0xfd,0xfb,0xff,0xd3,0x00,0x00,0x00,0x00,0x00,0x00,
  0x02,0x00,0x44,0x9a,0x98,0x9d,0xee,0xfe,0xfd,0xfe,0xfe,0xfe,0xfe,0xfe,0xfe,0xfe,
  0xfe,0xfe,0xfe,0xfe,0xfe,0xfd,0xfe,0xfe,0xfe,0xfe,0xfe,0xfe,0xfe,0xfe,0xfe,0xfe,
  0xfe,0xfe,0xfe,0xfd,0xfd,0xfd,0xfd,0xfd,0xfd,0xfd,0xfd,0xfe,0xfe,0xfe,0xfe,0xfe,
  0xfe,0xfe,0xfe,0xfe,0xfe,0xfd,0xfe,0xfe,0xfe,0xfd,0xfd,0xfd,0xfe,0xfe,0xfe,0xfe,
  0xfe,0xfe,0xfe,0xfe,0xfe,0xfe,0xfe,0xfd,0xfd,0xfd,0xfe,0xfe,0xfe,0xfe,0xfe,0xfe,
  0xfe,0xfe,0xfe,0xfe,0xfe,0xfd,0xfe,0xfd,0xfe,0xf1,0x9f,0x95,0x99,0x48,0x00,0x02,
  0x04,0x00,0x7c,0xff,0xff,0xff,0xff,0xfe,0xfe,0xfe,0xfe,0xfe,0xfe,0xfe,0xfe,0xfe,
  0xfe,0xfe,0xfe,0xfe,0xfe,0xfd,0xfe,0xfe,0xfe,0xfe,0xfe,0xfe,0xfe,0xfe,0xfe,0xfe,
  0xfe,0xfe,0xfe,0xfd,0xfd,0xfd,0xfd,0xfd,0xfd,0xfd,0xfd,0xfe,0xfe,0xfe,0xfe,0xfe,
  0xfe,0xfe,0xfe,0xfe,0xfe,0xfd,0xfe,0xfe,0xfe,0xfd,0xfd,0xfd,0xfe,0xfe,0xfe,0xfe,
  0xfe,0xfe,0xfe,0xfe,0xfe,0xfe,0xfe,0xfd,0xfd,0xfd,0xfe,0xfe,0xfe,0xfe,0xfe,0xfe,
  0xfe,0xfe,0xfe,0xfe,0xfe,0xfe,0xfe,0xfe,0xfe,0xff,0xff,0xff,0xff,0x85,0x00,0x04,
  0x04,0x00,0x70,0xfb,0xf6,0xfa,0xfd,0xfe,0xfe,0xfe,0xfe,0xfe,0xfe,0xfe,0xfe,0xfe,
  0xfe,0xfd,0xfd,0xfd,0xfe,0xfe,0xfe,0xfe,0xfe,0xfe,0xfe,0xfe,0xfe,0xfe,0xfe,0xfe,
  0xfe,0xfe,0xfe,0xfe,0xfd,0xfd,0xfd,0xfd,0xfd,0xfd,0xfe,0xfd,0xfe,0xfe,0xfe,0xfe,
  0xfe,0xfe,0xfe,0xfe,0xfe,0xfd,0xfe,0xfe,0xfe,0xfd,0xfd,0xfd,0xfe,0xfe,0xfe,0xfe,
  0xfe,0xfe,0xfe,0xfe,0xfe,0xfe,0xfd,0xfd,0xfd,0xfd,0xfe,0xfe,0xfe,0xfe,0xfe,0xfe,
  0xfe,0xfe,0xfe,0xfe,0xfe,0xfd,0xfe,0xfe,0xfe,0xfd,0xf9,0xf5,0xfb,0x78,0x00,0x04,
  0x04,0x00,0x74,0xff,0xfa,0xfe,0xfe,0xfe,0xfe,0xfe,0xfd,0xfe,0xfe,0xfe,0xfe,0xfe,
  0xfe,0xfd,0xfd,0xfe,0xfe,0xfe,0xfe,0xfe,0xfe,0xfe,0xfe,0xfe,0xfe,0xfe,0xfe,0xfe,
  0xfe,0xfe,0xfe,0xfe,0xfd,0xfd,0xfd,0xfd,0xfd,0xfe,0xfe,0xfe,0xfe,0xfe,0xfe,0xfe,
  0xfe,0xfe,0xfe,0xfe,0xfe,0xfe,0xfe,0xfe,0xfe,0xfd,0xfd,0xfd,0xfe,0xfe,0xfe,0xfe,
  0xfd,0xfe,0xfe,0xfe,0xfe,0xfe,0xfd,0xfd,0xfd,0xfd,0xfe,0xfe,0xfe,0xfe,0xfe,0xfe,
  0xfe,0xfe,0xfe,0xfe,0xfd,0xfd,0xfe,0xfe,0xfe,0xfe,0xfd,0xf9,0xff,0x79,0x00,0x04,
  0x04,0x00,0x75,0xff,0xfa,0xfe,0xfe,0xfe,0xfe,0xfd,0xfd,0xfe,0xfe,0xfe,0xfe,0xfe,
  0xfe,0xfd,0xfd,0xfe,0xfe,0xfe,0xfe,0xfe,0xfe,0xfe,0xfe,0xfe,0xfe,0xfe,0xfe,0xfe,
  0xfe,0xfe,0xfe,0xfe,0xfe,0xfe,0xfd,0xfd,0xfd,0xfe,0xfe,0xfe,0xfe,0xfe,0xfe,0xfe,
  0xfe,0xfe,0xfe,0xfe,0xfe,0xfe,0xfe,0xfe,0xfe,0xfe,0xfe,0xfe,0xfe,0xfe,0xfe,0xfe,
  0xfd,0xfd,0xfe,0xfe,0xfe,0xfe,0xfd,0xfd,0xfd,0xfe,0xfe,0xfe,0xfe,0xfe,0xfe,0xfe,
  0xfe,0xfe,0xfe,0xfd,0xfd,0xfd,0xfe,0xfe,0xfe,0xfe,0xfd,0xf9,0xff,0x7c,0x00,0x04,
  0x04,0x00,0x74,0xff,0xfa,0xfe,0xfe,0xfe,0xfe,0xfd,0xfd,0xfd,0xfe,0xfe,0xfe,0xfe,
  0xfe,0xfe,0xfe,0xfe,0xfe,0xfe,0xfe,0xfe,0xfe,0xfe,0xfe,0xfe,0xfe,0xfe,0xfe,0xfe,
  0xfe,0xfe,0xfe,0xfe,0xfe,0xfe,0xfe,0xfd,0xfd,0xfd,0xfe,0xfe,0xfe,0xfe,0xfe,0xfe,
  0xfe,0xfe,0xfd,0xfd,0xfe,0xfe,0xfe,0xfe,0xfe,0xfe,0xfe,0xfe,0xfe,0xfe,0xfe,0xfd,
  0xfd,0xfd,0xfd,0xfe,0xfe,0xfe,0xfd,0xfd,0xfd,0xfe,0xfe,0xfe,0xfe,0xfe,0xfe,0xfe,
  0xfe,0xfe,0xfe,0xfd,0xfd,0xfe,0xfe,0xfe,0xfe,0xfe,0xfd,0xf9,0xff,0x7d,0x00,0x04,
  0x04,0x00,0x76,0xff,0xfa,0xfe,0xfe,0xfe,0xfe,0xfd,0xfd,0xfd,0xfe,0xfe,0xfe,0xfe,
  0xfe,0xfd,0xfd,0xfe,0xfe,0xfe,0xfe,0xfe,0xfe,0xfe,0xfe,0xfe,0xfe,0xfe,0xfe,0xfe,
  0xfe,0xfe,0xfe,0xfe,0xfe,0xfe,0xfe,0xfd,0xfd,0xfd,0xfe,0xfe,0xfe,0xfe,0xfe,0xfe,
  0xfd,0xfd,0xfd,0xfd,0xfd,0xfe,0xfe,0xfe,0xfe,0xfe,0xfe,0xfe,0xfe,0xfe,0xfe,0xfd,
  0xfd,0xfd,0xfd,0xfe,0xfe,0xfe,0xfe,0xfd,0xfe,0xfe,0xfe,0xfe,0xfe,0xfe,0xfe,0xfe,
  0xfe,0xfe,0xfe,0xfe,0xfd,0xfe,0xfe,0xfe,0xfe,0xfe,0xfe,0xf9,0xff,0x7d,0x00,0x04,
  0x04,0x00,0x78,0xff,0xf9,0xfe,0xfe,0xfe,0xfe,0xfe,0xfe,0xfe,0xfe,0xfe,0xfe,0xfe,
  0xfd,0xfd,0xfd,0xfe,0xfe,0xfe,0xfe,0xfe,0xfe,0xfe,0xfd,0xfe,0xfe,0xfe,0xfe,0xfe,
  0xfe,0xfe,0xfe,0xfe,0xfe,0xfe,0xfd,0xfd,0xfd,0xfd,0xfd,0xfe,0xfe,0xfe,0xfe,0xfe,
  0xfd,0xfd,0xfd,0xfd,0xfd,0xfe,0xfe,0xfe,0xfe,0xfe,0xfe,0xfe,0xfe,0xfe,0xfe,0xfd,
  0xfd,0xfd,0xfd,0xfd,0xfe,0xfe,0xfe,0xfe,0xfe,0xfe,0xfe,0xfe,0xfe,0xfe,0xfe,0xfe,
  0xfe,0xfe,0xfe,0xfe,0xfd,0xfe,0xfe,0xfe,0xfe,0xfe,0xfe,0xfa,0xff,0x7f,0x00,0x04,
  0x04,0x00,0x78,0xff,0xfa,0xfe,0xfe,0xfe,0xfe,0xfe,0xfe,0xfe,0xfe,0xfe,0xfe,0xfe,
  0xfd,0xfd,0xfd,0xfe,0xfe,0xfe,0xfe,0xfe,0xfe,0xfd,0xfd,0xfe,0xfe,0xfe,0xfe,0xfe,
  0xfe,0xfe,0xfe,0xfe,0xfe,0xfe,0xfe,0xfd,0xfd,0xfd,0xfd,0xfd,0xfd,0xfe,0xfe,0xfe,
  0xfd,0xfd,0xfd,0xfe,0xfe,0xfe,0xfe,0xfe,0xfe,0xfe,0xfe,0xfe,0xfe,0xfe,0xfe,0xfd,
  0xfd,0xfd,0xfd,0xfd,0xfe,0xfe,0xfe,0xfe,0xfe,0xfe,0xfe,0xfe,0xfe,0xfe,0xfe,0xfe,
  0xfe,0xfe,0xfe,0xfe,0xfe,0xfe,0xfe,0xfe,0xfe,0xfe,0xfe,0xf9,0xff,0x7d,0x00,0x04,
  0x04,0x00,0x78,0xff,0xfa,0xfe,0xfe,0xfe,0xfe,0xfe,0xfe,0xfe,0xfe,0xfe,0xfe,0xfe,
  0xfd,0xfd,0xfd,0xfe,0xfe,0xfe,0xfe,0xfe,0xfe,0xfe,0xfe,0xfe,0xfe,0xfe,0xfe,0xfe,
  0xfe,0xfe,0xfe,0xfe,0xfe,0xfe,0xfe,0xfe,0xfd,0xfd,0xfd,0xfd,0xfd,0xfe,0xfd,0xfd,
  0xfd,0xfd,0xfd,0xfe,0xfe,0xfe,0xfe,0xfe,0xfe,0xfe,0xfe,0xfe,0xfe,0xfe,0xfe,0xfe,
  0xfd,0xfd,0xfd,0xfe,0xfe,0xfe,0xfd,0xfd,0xfe,0xfe,0xfe,0xfe,0xfe,0xfe,0xfe,0xfe,
  0xfe,0xfe,0xfe,0xfe,0xfe,0xfe,0xfe,0xfe,0xfe,0xfe,0xfe,0xf9,0xff,0x7b,0x00,0x04,
  0x04,0x00,0x78,0xff,0xfa,0xfe,0xfe,0xfe,0xfe,0xfe,0xfe,0xfe,0xfe,0xfe,0xfe,0xfe,
  0xfd,0xfd,0xfe,0xfe,0xfe,0xfe,0xfe,0xfe,0xfe,0xfe,0xfe,0xfe,0xfe,0xfe,0xfe,0xfe,
  0xfe,0xfe,0xfe,0xfe,0xfe,0xfe,0xfe,0xfe,0xfd,0xfd,0xfe,0xfd,0xfd,0xfd,0xfd,0xfd,
  0xfd,0xfd,0xfd,0xfd,0xfe,0xfe,0xfd,0xfd,0xfe,0xfe,0xfe,0xfe,0xfe,0xfe,0xfe,0xfe,
  0xfd,0xfd,0xfd,0xfe,0xfe,0xfe,0xfd,0xfd,0xfd,0xfe,0xfe,0xfe,0xfd,0xfd,0xfe,0xfe,
  0xfe,0xfe,0xfe,0xfe,0xfe,0xfe,0xfe,0xfe,0xfe,0xfe,0xfd,0xf9,0xff,0x7c,0x00,0x04,
  0x04,0x00,0x76,0xff,0xf9,0xfe,0xfe,0xfe,0xfe,0xfe,0xfe,0xfe,0xfe,0xfe,0xfe,0xfe,
  0xfd,0xfd,0xfd,0xfe,0xfe,0xfe,0xfe,0xfe,0xfe,0xfe,0xfe,0xfe,0xfe,0xfe,0xfe,0xfe,
  0xfe,0xfe,0xfe,0xfe,0xfe,0xfe,0xfe,0xfe,0xfd,0xfd,0xfe,0xfe,0xfe,0xfd,0xfd,0xfd,
  0xfd,0xfd,0xfd,0xfd,0xfd,0xfe,0xfd,0xfd,0xfd,0xfd,0xfe,0xfe,0xfe,0xfe,0xfe,0xfe,
  0xfe,0xfd,0xfd,0xfe,0xfe,0xfe,0xfd,0xfd,0xfd,0xfe,0xfe,0xfe,0xfd,0xfd,0xfd,0xfe,
  0xfe,0xfe,0xfe,0xfe,0xfe,0xfe,0xfe,0xfe,0xfe,0xfd,0xfd,0xf9,0xff,0x7d,0x00,0x04,
  0x04,0x00,0x75,0xff,0xf9,0xfe,0xfe,0xfe,0xfe,0xfe,0xfe,0xfe,0xfe,0xfe,0xfe,0xfe,
  0xfd,0xfd,0xfd,0xfe,0xfe,0xfe,0xfe,0xfe,0xfe,0xfe,0xfe,0xfe,0xfe,0xfe,0xfe,0xfe,
  0xfe,0xfe,0xfe,0xfe,0xfe,0xfe,0xfe,0xfe,0xfe,0xfd,0xfe,0xfe,0xfe,0xfd,0xfd,0xfd,
  0xfe,0xfe,0xfd,0xfe,0xfd,0xfe,0xfd,0xfd,0xfd,0xfd,0xfe,0xfe,0xfe,0xfe,0xfe,0xfe,
  0xfe,0xfe,0xfe,0xfe,0xfe,0xfe,0xfe,0xfd,0xfd,0xfe,0xfe,0xfe,0xfd,0xfd,0xfd,0xfe,
  0xfe,0xfe,0xfe,0xfe,0xfe,0xfe,0xfe,0xfe,0xfe,0xfe,0xfd,0xf9,0xff,0x7c,0x00,0x04,
  0x04,0x00,0x75,0xff,0xfa,0xfe,0xfe,0xfe,0xfe,0xfe,0xfe,0xfe,0xfe,0xfe,0xfe,0xfe,
  0xfd,0xfd,0xfd,0xfd,0xfd,0xfd,0xfe,0xfe,0xfe,0xfe,0xfe,0xfe,0xfe,0xfe,0xfe,0xfe,
  0xfe,0xfe,0xfe,0xfe,0xfe,0xfe,0xfe,0xfe,0xfe,0xfe,0xfe,0xfe,0xfe,0xfe,0xfd,0xfe,
  0xfe,0xfe,0xfe,0xfe,0xfe,0xfe,0xfd,0xfd,0xfd,0xfd,0xfd,0xfd,0xfe,0xfe,0xfe,0xfe,
  0xfe,0xfe,0xfe,0xfe,0xfe,0xfe,0xfe,0xfd,0xfd,0xfd,0xfd,0xfd,0xfd,0xfe,0xfe,0xfe,
  0xfe,0xfe,0xfe,0xfe,0xfe,0xfe,0xfe,0xfe,0xfe,0xfe,0xfd,0xf9,0xff,0x7a,0x00,0x04,
  0x04,0x00,0x73,0xfb,0xf6,0xfa,0xfd,0xfe,0xfe,0xfe,0xfe,0xfe,0xfe,0xfe,0xfe,0xfe,
  0xfe,0xfe,0xfe,0xfd,0xfd,0xfd,0xfe,0xfe,0xfe,0xfe,0xfe,0xfe,0xfe,0xfe,0xfd,0xfd,
  0xfd,0xfd,0xfd,0xfe,0xfe,0xfe,0xfd,0xfe,0xfd,0xfe,0xfe,0xfe,0xfe,0xfe,0xfe,0xfe,
  0xfe,0xfe,0xfe,0xfe,0xfe,0xfe,0xfe,0xfd,0xfd,0xfd,0xfd,0xfd,0xfd,0xfd,0xfe,0xfe,
  0xfe,0xfe,0xfe,0xfe,0xfe,0xfe,0xfe,0xfd,0xfd,0xfd,0xfd,0xfd,0xfd,0xfe,0xfe,0xfe,
  0xfe,0xfe,0xfe,0xfe,0xfe,0xfe,0xfe,0xfe,0xfe,0xfd,0xfa,0xf5,0xfb,0x78,0x00,0x04,
  0x04,0x00,0x7a,0xff,0xff,0xff,0xff,0xfe,0xfe,0xfe,0xfe,0xfe,0xfe,0xfe,0xfe,0xfe,
  0xfe,0xfe,0xfe,0xfe,0xfe,0xfd,0xfd,0xfe,0xfe,0xfe,0xfe,0xfe,0xfe,0xfe,0xfe,0xfd,
  0xfd,0xfd,0xfd,0xfe,0xfe,0xfd,0xfd,0xfe,0xfe,0xfe,0xfe,0xfe,0xfe,0xfe,0xfe,0xfe,
  0xfe,0xfe,0xfd,0xfe,0xfe,0xfe,0xfe,0xfe,0xfd,0xfd,0xfd,0xfd,0xfd,0xfd,0xfe,0xfe,
  0xfe,0xfe,0xfe,0xfe,0xfe,0xfe,0xfe,0xfd,0xfd,0xfd,0xfd,0xfe,0xfe,0xfe,0xfe,0xfe,
  0xfe,0xfe,0xfe,0xfe,0xfe,0xfe,0xfe,0xfe,0xfe,0xff,0xff,0xff,0xff,0x80,0x00,0x04,
  0x02,0x00,0x40,0x90,0x8d,0x96,0xec,0xff,0xfd,0xfe,0xfe,0xfe,0xfe,0xfe,0xfe,0xfe,
  0xfe,0xfe,0xfe,0xfe,0xfe,0xfe,0xfd,0xfd,0xfd,0xfd,0xfe,0xfe,0xfe,0xfe,0xfe,0xfd,
  0xfd,0xfd,0xfd,0xfe,0xfe,0xfe,0xfe,0xfe,0xfe,0xfd,0xfd,0xfd,0xfe,0xfe,0xfe,0xfe,
  0xfe,0xfe,0xfd,0xfd,0xfd,0xfe,0xfe,0xfd,0xfd,0xfd,0xfd,0xfd,0xfd,0xfd,0xfe,0xfe,
  0xfe,0xfe,0xfe,0xfe,0xfe,0xfe,0xfe,0xfd,0xfd,0xfd,0xfd,0xfe,0xfe,0xfe,0xfe,0xfe,
  0xfe,0xfe,0xfe,0xfd,0xfd,0xfe,0xfd,0xfd,0xff,0xf0,0xa0,0x96,0x92,0x3f,0x00,0x02,
  0x00,0x00,0x00,0x00,0x00,0x00,0xcb,0xfc,0xf9,0xfc,0xfe,0xfe,0xfe,0xfe,0xfe,0xfe,
  0xfe,0xfe,0xfe,0xfe,0xfe,0xfe,0xfd,0xfd,0xfd,0xfd,0xfd,0xfe,0xfe,0xfe,0xfe,0xfd,
  0xfd,0xfd,0xfd,0xfe,0xfe,0xfe,0xfe,0xfe,0xfe,0xfd,0xfd,0xfd,0xfe,0xfe,0xfe,0xfe,
  0xfe,0xfe,0xfd,0xfd,0xfd,0xfd,0xfd,0xfd,0xfd,0xfd,0xfd,0xfd,0xfd,0xfe,0xfe,0xfe,
  0xfe,0xfd,0xfd,0xfe,0xfe,0xfe,0xfd,0xfd,0xfd,0xfd,0xfd,0xfe,0xfe,0xfe,0xfe,0xfe,
  0xfe,0xfe,0xfe,0xfd,0xfd,0xfd,0xfb,0xf9,0xfd,0xd6,0x00,0x00,0x00,0x00,0x00,0x00,
  0x00,0x00,0x02,0x04,0x04,0x04,0xd8,0xff,0xff,0xff,0xfe,0xfe,0xfe,0xfe,0xfe,0xfe,
  0xfe,0xfe,0xfe,0xfe,0xfe,0xfe,0xfe,0xfd,0xfd,0xfd,0xfd,0xfe,0xfe,0xfe,0xfe,0xfe,
  0xfd,0xfd,0xfd,0xfe,0xfe,0xfe,0xfe,0xfe,0xfe,0xfe,0xfe,0xfd,0xfe,0xfe,0xfe,0xfe,
  0xfe,0xfe,0xfd,0xfd,0xfd,0xfd,0xfd,0xfd,0xfd,0xfd,0xfd,0xfd,0xfe,0xfe,0xfe,0xfe,
  0xfd,0xfd,0xfd,0xfe,0xfe,0xfe,0xfd,0xfd,0xfd,0xfd,0xfd,0xfd,0xfe,0xfe,0xfe,0xfe,
  0xfe,0xfe,0xfe,0xfd,0xfd,0xfd,0xff,0xff,0xff,0xe0,0x08,0x03,0x05,0x02,0x00,0x00,
  0x00,0x00,0x00,0x00,0x00,0x00,0x99,0xc5,0xc7,0xde,0xfe,0xfe,0xfe,0xfe,0xfe,0xfe,
  0xfe,0xfe,0xfe,0xfe,0xfe,0xfe,0xfe,0xfd,0xfd,0xfd,0xfd,0xfe,0xfe,0xfe,0xfe,0xfe,
  0xfe,0xfe,0xfe,0xfe,0xfe,0xfe,0xfe,0xfe,0xfe,0xfe,0xfe,0xfe,0xfe,0xfe,0xfe,0xfe,
  0xfe,0xfe,0xfd,0xfd,0xfd,0xfd,0xfd,0xfd,0xfd,0xfd,0xfd,0xfe,0xfe,0xfe,0xfe,0xfe,
  0xfd,0xfd,0xfd,0xfe,0xfe,0xfe,0xfd,0xfd,0xfd,0xfd,0xfe,0xfe,0xfe,0xfe,0xfe,0xfe,
  0xfe,0xfe,0xfe,0xfd,0xfd,0xfe,0xdc,0xcd,0xd4,0xa5,0x01,0x00,0x01,0x00,0x00,0x00,
  0x00,0x00,0x00,0x00,0x00,0x00,0x00,0x00,0x00,0x44,0xff,0xfc,0xfe,0xfe,0xfe,0xfe,
  0xfe,0xfe,0xfe,0xfe,0xfe,0xfe,0xfe,0xfe,0xfd,0xfd,0xfe,0xfe,0xfe,0xfe,0xfe,0xfe,
  0xfe,0xfe,0xfe,0xfe,0xfe,0xfe,0xfe,0xfe,0xfe,0xfe,0xfe,0xfe,0xfe,0xfe,0xfe,0xfe,
  0xfe,0xfe,0xfe,0xfd,0xfd,0xfe,0xfd,0xfd,0xfd,0xfd,0xfd,0xfe,0xfe,0xfe,0xfe,0xfe,
  0xfe,0xfe,0xfe,0xfe,0xfe,0xfe,0xfe,0xfe,0xfe,0xfe,0xfe,0xfe,0xfe,0xfe,0xfe,0xfe,
  0xfe,0xfe,0xfe,0xfd,0xfb,0xff,0x41,0x00,0x05,0x00,0x00,0x00,0x00,0x00,0x00,0x00,
  0x00,0x00,0x00,0x00,0x00,0x00,0x01,0x04,0x00,0x3b,0xfe,0xfb,0xfc,0xfd,0xfe,0xfe,
  0xfe,0xfe,0xfe,0xfe,0xfe,0xfe,0xfe,0xfe,0xfe,0xfd,0xfe,0xfe,0xfe,0xfe,0xfe,0xfe,
  0xfe,0xfe,0xfe,0xfe,0xfe,0xfe,0xfe,0xfe,0xfe,0xfe,0xfe,0xfe,0xfe,0xfe,0xfe,0xfe,
  0xfe,0xfe,0xfe,0xfe,0xfe,0xfe,0xfe,0xfe,0xfd,0xfd,0xfd,0xfd,0xfe,0xfe,0xfe,0xfe,
  0xfe,0xfe,0xfe,0xfe,0xfe,0xfe,0xfe,0xfe,0xfe,0xfe,0xfe,0xfe,0xfe,0xfe,0xfe,0xfe,
  0xfe,0xfe,0xfd,0xfc,0xfb,0xfe,0x3e,0x00,0x02,0x00,0x00,0x00,0x00,0x00,0x00,0x00,
  0x00,0x00,0x00,0x00,0x00,0x00,0x00,0x03,0x00,0x39,0xff,0xff,0xff,0xff,0xfe,0xfe,
  0xfe,0xfe,0xfe,0xfe,0xfe,0xfe,0xfe,0xfe,0xfe,0xfe,0xfe,0xfe,0xfe,0xfe,0xfe,0xfe,
  0xfe,0xfe,0xfe,0xfe,0xfe,0xfe,0xfe,0xfe,0xfe,0xfe,0xfe,0xfe,0xfe,0xfe,0xfe,0xfe,
  0xfe,0xfd,0xfd,0xfe,0xfe,0xfe,0xfe,0xfe,0xfd,0xfd,0xfd,0xfd,0xfe,0xfe,0xfe,0xfe,
  0xfe,0xfe,0xfe,0xfe,0xfe,0xfe,0xfe,0xfe,0xfe,0xfe,0xfe,0xfe,0xfe,0xfe,0xfe,0xfe,
  0xfe,0xfd,0xff,0xff,0xff,0xff,0x41,0x00,0x04,0x00,0x00,0x00,0x00,0x00,0x00,0x00,
  0x00,0x00,0x00,0x00,0x00,0x00,0x00,0x02,0x00,0x2e,0xe9,0xeb,0xea,0xf5,0xfe,0xfe,
  0xfe,0xfe,0xfe,0xfe,0xfe,0xfe,0xfe,0xfe,0xfe,0xfe,0xfe,0xfe,0xfe,0xfe,0xfe,0xfe,
  0xfe,0xfe,0xfe,0xfe,0xfe,0xfe,0xfe,0xfe,0xfe,0xfe,0xfe,0xfe,0xfe,0xfe,0xfe,0xfe,
  0xfd,0xfd,0xfd,0xfe,0xfe,0xfe,0xfe,0xfe,0xfd,0xfd,0xfe,0xfe,0xfe,0xfe,0xfe,0xfe,
  0xfe,0xfe,0xfe,0xfe,0xfe,0xfe,0xfe,0xfe,0xfe,0xfe,0xfe,0xfe,0xfe,0xfe,0xfe,0xfe,
  0xfe,0xfd,0xf6,0xe9,0xe8,0xeb,0x39,0x00,0x03,0x00,0x00,0x00,0x00,0x00,0x00,0x00,
  0x00,0x00,0x00,0x00,0x00,0x00,0x00,0x00,0x00,0x03,0x13,0x19,0x14,0x89,0xff,0xfa,
  0xfe,0xfe,0xfe,0xfe,0xfe,0xfe,0xfe,0xfe,0xfe,0xfe,0xfe,0xfe,0xfe,0xfe,0xfe,0xfe,
  0xfe,0xfe,0xfe,0xfe,0xfe,0xfe,0xfe,0xfe,0xfe,0xfe,0xfe,0xfe,0xfe,0xfe,0xfe,0xfe,
  0xfe,0xfd,0xfd,0xfe,0xfe,0xfe,0xfe,0xfe,0xfe,0xfe,0xfe,0xfe,0xfe,0xfe,0xfe,0xfe,
  0xfe,0xfe,0xfe,0xfe,0xfe,0xfe,0xfe,0xfe,0xfe,0xfe,0xfe,0xfe,0xfe,0xfe,0xfe,0xfd,
  0xf9,0xff,0x8f,0x12,0x17,0x14,0x04,0x00,0x00,0x00,0x00,0x00,0x00,0x00,0x00,0x00,
  0x00,0x00,0x00,0x00,0x00,0x00,0x00,0x00,0x00,0x00,0x00,0x00,0x00,0x7a,0xfe,0xf9,
  0xfd,0xfe,0xfe,0xfe,0xfe,0xfe,0xfe,0xfe,0xfe,0xfe,0xfe,0xfe,0xfe,0xfe,0xfe,0xfe,
  0xfe,0xfe,0xfe,0xfe,0xfe,0xfe,0xfe,0xfe,0xfe,0xfe,0xfe,0xfe,0xfe,0xfe,0xfe,0xfe,
  0xfe,0xfe,0xfd,0xfe,0xfe,0xfe,0xfe,0xfe,0xfe,0xfe,0xfe,0xfe,0xfe,0xfe,0xfe,0xfe,
  0xfe,0xfe,0xfe,0xfe,0xfe,0xfe,0xfe,0xfe,0xfe,0xfe,0xfe,0xfe,0xfe,0xfe,0xfd,0xfc,
  0xf8,0xfe,0x7f,0x00,0x00,0x00,0x00,0x00,0x00,0x00,0x00,0x00,0x00,0x00,0x00,0x00,
  0x00,0x00,0x00,0x00,0x00,0x00,0x00,0x00,0x00,0x00,0x01,0x05,0x01,0x81,0xff,0xfd,
  0xff,0xfe,0xfe,0xfe,0xfe,0xfe,0xfe,0xfe,0xfe,0xfe,0xfe,0xfe,0xfe,0xfe,0xfe,0xfe,
  0xfe,0xfe,0xfe,0xfe,0xfe,0xfe,0xfe,0xfe,0xfe,0xfe,0xfe,0xfe,0xfe,0xfe,0xfe,0xfe,
  0xfe,0xfe,0xfd,0xfe,0xfe,0xfe,0xfe,0xfe,0xfe,0xfe,0xfe,0xfe,0xfe,0xfe,0xfe,0xfe,
  0xfe,0xfe,0xfe,0xfe,0xfe,0xfe,0xfe,0xfe,0xfe,0xfe,0xfe,0xfe,0xfd,0xfd,0xfd,0xfe,
  0xfc,0xff,0x83,0x01,0x05,0x01,0x00,0x00,0x00,0x00,0x00,0x00,0x00,0x00,0x00,0x00,
  0x00,0x00,0x00,0x00,0x00,0x00,0x00,0x00,0x00,0x00,0x00,0x04,0x00,0x7d,0xf8,0xf1,
  0xf8,0xfe,0xfd,0xfe,0xfe,0xfe,0xfe,0xfe,0xfe,0xfd,0xfe,0xfe,0xfe,0xfe,0xfe,0xfe,
  0xfe,0xfe,0xfe,0xfe,0xfe,0xfe,0xfe,0xfe,0xfe,0xfe,0xfe,0xfe,0xfe,0xfe,0xfe,0xfe,
  0xfe,0xfe,0xfe,0xfe,0xfe,0xfe,0xfe,0xfe,0xfe,0xfe,0xfe,0xfe,0xfe,0xfe,0xfe,0xfe,
  0xfe,0xfe,0xfe,0xfe,0xfe,0xfe,0xfe,0xfe,0xfe,0xfe,0xfe,0xfd,0xfd,0xfd,0xfd,0xf8,
  0xf0,0xf7,0x7e,0x00,0x04,0x00,0x00,0x00,0x00,0x00,0x00,0x00,0x00,0x00,0x00,0x00,
  0x00,0x00,0x00,0x00,0x00,0x00,0x00,0x00,0x00,0x00,0x00,0x00,0x00,0x10,0x22,0x1c,
  0x3d,0xf5,0xfe,0xfb,0xfd,0xfe,0xfe,0xfd,0xfd,0xfd,0xfe,0xfe,0xfe,0xfe,0xfe,0xfe,
  0xfe,0xfe,0xfe,0xfe,0xfe,0xfe,0xfe,0xfe,0xfe,0xfe,0xfe,0xfe,0xfe,0xfe,0xfe,0xfe,
  0xfe,0xfe,0xfe,0xfe,0xfe,0xfe,0xfe,0xfe,0xfe,0xfe,0xfe,0xfe,0xfe,0xfe,0xfe,0xfe,
  0xfe,0xfe,0xfe,0xfe,0xfe,0xfe,0xfe,0xfe,0xfe,0xfe,0xfd,0xfd,0xfb,0xfd,0xf9,0x43,
  0x1c,0x21,0x10,0x00,0x00,0x00,0x00,0x00,0x00,0x00,0x00,0x00,0x00,0x00,0x00,0x00,
  0x00,0x00,0x00,0x00,0x00,0x00,0x00,0x00,0x00,0x00,0x00,0x00,0x00,0x00,0x00,0x00,
  0x16,0xf2,0xff,0xfe,0xfd,0xfd,0xfd,0xfd,0xfd,0xfe,0xfe,0xfe,0xfe,0xfe,0xfe,0xfe,
  0xfe,0xfe,0xfe,0xfe,0xfe,0xfe,0xfe,0xfe,0xfe,0xfe,0xfe,0xfe,0xfe,0xfe,0xfe,0xfe,
  0xfe,0xfe,0xfe,0xfe,0xfe,0xfe,0xfe,0xfe,0xfe,0xfe,0xfe,0xfe,0xfe,0xfe,0xfe,0xfe,
  0xfe,0xfe,0xfe,0xfe,0xfe,0xfe,0xfe,0xfe,0xfd,0xfd,0xfd,0xfd,0xfe,0xff,0xf8,0x1c,
  0x00,0x00,0x00,0x00,0x00,0x00,0x00,0x00,0x00,0x00,0x00,0x00,0x00,0x00,0x00,0x00,
  0x00,0x00,0x00,0x00,0x00,0x00,0x00,0x00,0x00,0x00,0x00,0x00,0x00,0x01,0x03,0x02,
  0x1c,0xe7,0xf7,0xf7,0xfd,0xfd,0xfd,0xfd,0xfd,0xfe,0xfe,0xfe,0xfe,0xfe,0xfe,0xfe,
  0xfe,0xfe,0xfe,0xfe,0xfe,0xfe,0xfe,0xfe,0xfe,0xfe,0xfe,0xfe,0xfe,0xfe,0xfe,0xfe,
  0xfe,0xfe,0xfe,0xfe,0xfe,0xfe,0xfe,0xfe,0xfe,0xfe,0xfe,0xfe,0xfe,0xfe,0xfe,0xfe,
  0xfe,0xfe,0xfe,0xfe,0xfe,0xfd,0xfd,0xfd,0xfd,0xfd,0xfd,0xfc,0xf5,0xf7,0xea,0x1f,
  0x02,0x04,0x01,0x00,0x00,0x00,0x00,0x00,0x00,0x00,0x00,0x00,0x00,0x00,0x00,0x00,
  0x00,0x00,0x00,0x00,0x00,0x00,0x00,0x00,0x00,0x00,0x00,0x00,0x00,0x00,0x00,0x00,
  0x04,0x1d,0x20,0x22,0xcb,0xff,0xfb,0xfd,0xfd,0xfd,0xfe,0xfe,0xfe,0xfe,0xfe,0xfe,
  0xfe,0xfe,0xfe,0xfe,0xfe,0xfe,0xfe,0xfe,0xfe,0xfe,0xfe,0xfe,0xfe,0xfe,0xfe,0xfe,
  0xfe,0xfe,0xfe,0xfe,0xfe,0xfe,0xfe,0xfe,0xfe,0xfe,0xfe,0xfe,0xfe,0xfe,0xfe,0xfe,
  0xfe,0xfe,0xfe,0xfe,0xfe,0xfd,0xfd,0xfd,0xfd,0xfb,0xff,0xc8,0x20,0x21,0x1c,0x03,
  0x00,0x00,0x00,0x00,0x00,0x00,0x00,0x00,0x00,0x00,0x00,0x00,0x00,0x00,0x00,0x00,
  0x00,0x00,0x00,0x00,0x00,0x00,0x00,0x00,0x00,0x00,0x00,0x00,0x00,0x00,0x00,0x00,
  0x00,0x00,0x00,0x00,0xb9,0xfc,0xf7,0xfa,0xfa,0xfa,0xfa,0xfa,0xfb,0xfe,0xfe,0xfe,
  0xfe,0xfe,0xfe,0xfe,0xfe,0xfe,0xfe,0xfe,0xfe,0xfe,0xfe,0xfe,0xfe,0xfe,0xfe,0xfe,
  0xfe,0xfe,0xfe,0xfe,0xfe,0xfe,0xfe,0xfe,0xfe,0xfe,0xfe,0xfe,0xfe,0xfe,0xfe,0xfe,
  0xfe,0xfe,0xfe,0xfb,0xfa,0xfa,0xfa,0xfa,0xfa,0xf7,0xfc,0xb8,0x00,0x00,0x00,0x00,
  0x00,0x00,0x00,0x00,0x00,0x00,0x00,0x00,0x00,0x00,0x00,0x00,0x00,0x00,0x00,0x00,
  0x00,0x00,0x00,0x00,0x00,0x00,0x00,0x00,0x00,0x00,0x00,0x00,0x00,0x00,0x00,0x00,
  0x00,0x02,0x04,0x02,0xc4,0xff,0xff,0xff,0xff,0xff,0xff,0xff,0xff,0xfe,0xfe,0xfe,
  0xfe,0xfe,0xfe,0xfe,0xfe,0xfe,0xfe,0xfe,0xfe,0xfe,0xfe,0xfe,0xfe,0xfe,0xfe,0xfe,
  0xfe,0xfe,0xfe,0xfe,0xfe,0xfe,0xfe,0xfe,0xfe,0xfe,0xfe,0xfe,0xfe,0xfe,0xfe,0xfe,
  0xfe,0xfe,0xfe,0xff,0xff,0xff,0xff,0xff,0xff,0xff,0xff,0xc6,0x02,0x04,0x02,0x00,
  0x00,0x00,0x00,0x00,0x00,0x00,0x00,0x00,0x00,0x00,0x00,0x00,0x00,0x00,0x00,0x00,
  0x00,0x00,0x00,0x00,0x00,0x00,0x00,0x00,0x00,0x00,0x00,0x00,0x00,0x00,0x00,0x00,
  0x00,0x00,0x01,0x00,0x7f,0xbb,0xb7,0xb8,0xb4,0xb2,0xb3,0xb0,0xc8,0xff,0xfe,0xfe,
  0xfe,0xfe,0xfe,0xfe,0xfe,0xfe,0xfe,0xfe,0xfe,0xfe,0xfe,0xfe,0xfe,0xfe,0xfe,0xfd,
  0xfd,0xfd,0xfd,0xfe,0xfe,0xfe,0xfe,0xfe,0xfe,0xfe,0xfe,0xfe,0xfe,0xfe,0xfe,0xfe,
  0xfe,0xfc,0xfe,0xcf,0xb6,0xb6,0xb3,0xb1,0xaf,0xab,0xb2,0x84,0x00,0x01,0x00,0x00,
  0x00,0x00,0x00,0x00,0x00,0x00,0x00,0x00,0x00,0x00,0x00,0x00,0x00,0x00,0x00,0x00,
  0x00,0x00,0x00,0x00,0x00,0x00,0x00,0x00,0x00,0x00,0x00,0x00,0x00,0x00,0x00,0x00,
  0x00,0x00,0x00,0x00,0x00,0x00,0x00,0x00,0x00,0x00,0x00,0x00,0x3e,0xff,0xfc,0xfe,
  0xfe,0xfe,0xfe,0xfe,0xfe,0xfe,0xfe,0xfd,0xfd,0xfc,0xfb,0xfb,0xfb,0xfb,0xfb,0xfb,
  0xfb,0xfb,0xfb,0xfb,0xfb,0xfc,0xfc,0xfe,0xfe,0xfe,0xfe,0xfe,0xfe,0xfe,0xfe,0xfe,
  0xfd,0xfb,0xff,0x48,0x00,0x00,0x00,0x00,0x00,0x00,0x00,0x00,0x00,0x00,0x00,0x00,
  0x00,0x00,0x00,0x00,0x00,0x00,0x00,0x00,0x00,0x00,0x00,0x00,0x00,0x00,0x00,0x00,
  0x00,0x00,0x00,0x00,0x00,0x00,0x00,0x00,0x00,0x00,0x00,0x00,0x00,0x00,0x00,0x00,
  0x00,0x00,0x00,0x00,0x02,0x02,0x02,0x02,0x02,0x02,0x05,0x03,0x45,0xff,0xfb,0xfd,
  0xfe,0xfe,0xfe,0xfe,0xfe,0xfe,0xfd,0xfd,0xfd,0xff,0xff,0xff,0xff,0xff,0xff,0xff,
  0xff,0xff,0xff,0xff,0xff,0xff,0xff,0xfd,0xfe,0xfe,0xfe,0xfe,0xfe,0xfe,0xfe,0xfe,
  0xfd,0xfb,0xff,0x4c,0x02,0x05,0x02,0x02,0x03,0x03,0x03,0x02,0x00,0x00,0x00,0x00,
  0x00,0x00,0x00,0x00,0x00,0x00,0x00,0x00,0x00,0x00,0x00,0x00,0x00,0x00,0x00,0x00,
  0x00,0x00,0x00,0x00,0x00,0x00,0x00,0x00,0x00,0x00,0x00,0x00,0x00,0x00,0x00,0x00,
  0x00,0x00,0x00,0x00,0x00,0x00,0x00,0x00,0x00,0x00,0x03,0x00,0x43,0xfb,0xf7,0xfa,
  0xfe,0xfe,0xfe,0xfe,0xfe,0xfd,0xfc,0xf6,0xfb,0xa1,0x43,0x49,0x45,0x43,0x42,0x41,
  0x40,0x42,0x45,0x48,0x4b,0x43,0x99,0xfa,0xf6,0xfd,0xfe,0xfe,0xfe,0xfe,0xfe,0xfe,
  0xfa,0xf7,0xfb,0x49,0x00,0x03,0x00,0x00,0x00,0x00,0x00,0x00,0x00,0x00,0x00,0x00,
  0x00,0x00,0x00,0x00,0x00,0x00,0x00,0x00,0x00,0x00,0x00,0x00,0x00,0x00,0x00,0x00,
  0x00,0x00,0x00,0x00,0x00,0x00,0x00,0x00,0x00,0x00,0x00,0x00,0x00,0x00,0x00,0x00,
  0x00,0x00,0x00,0x00,0x00,0x00,0x00,0x00,0x00,0x00,0x03,0x00,0x46,0xff,0xff,0xff,
  0xfe,0xfe,0xfe,0xfe,0xfe,0xfd,0xff,0xff,0xff,0x7b,0x00,0x00,0x00,0x00,0x00,0x00,
  0x00,0x00,0x00,0x00,0x00,0x00,0x73,0xff,0xff,0xff,0xfe,0xfe,0xfe,0xfe,0xfe,0xfe,
  0xff,0xff,0xff,0x4e,0x00,0x03,0x00,0x00,0x00,0x00,0x00,0x00,0x00,0x00,0x00,0x00,
  0x00,0x00,0x00,0x00,0x00,0x00,0x00,0x00,0x00,0x00,0x00,0x00,0x00,0x00,0x00,0x00,
  0x00,0x00,0x00,0x00,0x00,0x00,0x00,0x00,0x00,0x00,0x00,0x00,0x00,0x00,0x00,0x00,
  0x00,0x00,0x00,0x00,0x00,0x00,0x00,0x00,0x00,0x00,0x02,0x00,0x22,0x8d,0x89,0xac,
  0xfe,0xfd,0xfe,0xfe,0xfd,0xfe,0xde,0x8e,0x97,0x45,0x03,0x05,0x03,0x03,0x03,0x03,
  0x03,0x03,0x03,0x03,0x05,0x03,0x3f,0x92,0x8c,0xdd,0xfe,0xfc,0xfe,0xfe,0xfd,0xff,
  0xad,0x8e,0x95,0x28,0x00,0x02,0x00,0x00,0x00,0x00,0x00,0x00,0x00,0x00,0x00,0x00,
  0x00,0x00,0x00,0x00,0x00,0x00,0x00,0x00,0x00,0x00,0x00,0x00,0x00,0x00,0x00,0x00,
  0x00,0x00,0x00,0x00,0x00,0x00,0x00,0x00,0x00,0x00,0x00,0x00,0x00,0x00,0x00,0x00,
  0x00,0x00,0x00,0x00,0x00,0x00,0x00,0x00,0x00,0x00,0x00,0x00,0x00,0x00,0x00,0x38,
  0xfe,0xfb,0xfd,0xfd,0xfa,0xff,0xa7,0x00,0x00,0x00,0x00,0x00,0x00,0x00,0x00,0x00,
  0x00,0x00,0x00,0x00,0x00,0x00,0x00,0x00,0x00,0xa9,0xff,0xf9,0xfc,0xfd,0xfb,0xfe,
  0x36,0x00,0x00,0x00,0x00,0x00,0x00,0x00,0x00,0x00,0x00,0x00,0x00,0x00,0x00,0x00,
  0x00,0x00,0x00,0x00,0x00,0x00,0x00,0x00,0x00,0x00,0x00,0x00,0x00,0x00,0x00,0x00,
  0x00,0x00,0x00,0x00,0x00,0x00,0x00,0x00,0x00,0x00,0x00,0x00,0x00,0x00,0x00,0x00,
  0x00,0x00,0x00,0x00,0x00,0x00,0x00,0x00,0x00,0x00,0x00,0x00,0x01,0x07,0x04,0x43,
  0xff,0xfd,0xfe,0xff,0xfb,0xff,0xac,0x04,0x07,0x02,0x00,0x00,0x00,0x00,0x00,0x00,
  0x00,0x00,0x00,0x00,0x00,0x00,0x02,0x07,0x04,0xab,0xff,0xfb,0xfe,0xfe,0xfd,0xff,
  0x46,0x04,0x07,0x01,0x00,0x00,0x00,0x00,0x00,0x00,0x00,0x00,0x00,0x00,0x00,0x00,
  0x00,0x00,0x00,0x00,0x00,0x00,0x00,0x00,0x00,0x00,0x00,0x00,0x00,0x00,0x00,0x00,
  0x00,0x00,0x00,0x00,0x00,0x00,0x00,0x00,0x00,0x00,0x00,0x00,0x00,0x00,0x00,0x00,
  0x00,0x00,0x00,0x00,0x00,0x00,0x00,0x00,0x00,0x00,0x00,0x00,0x00,0x02,0x00,0x35,
  0xf9,0xf7,0xf9,0xf9,0xf5,0xfd,0xa5,0x00,0x03,0x00,0x00,0x00,0x00,0x00,0x00,0x00,
  0x00,0x00,0x00,0x00,0x00,0x00,0x00,0x03,0x00,0x9f,0xff,0xf6,0xfa,0xfc,0xf9,0xfd,
  0x43,0x00,0x03,0x00,0x00,0x00,0x00,0x00,0x00,0x00,0x00,0x00,0x00,0x00,0x00,0x00,
  0x00,0x00,0x00,0x00,0x00,0x00,0x00,0x00,0x00,0x00,0x00,0x00,0x00,0x00,0x00,0x00,
  0x00,0x00,0x00,0x00,0x00,0x00,0x00,0x00,0x00,0x00,0x00,0x00,0x00,0x00,0x00,0x00,
  0x00,0x00,0x00,0x00,0x00,0x00,0x00,0x00,0x00,0x00,0x00,0x00,0x00,0x00,0x00,0x07,
  0x23,0x24,0x25,0x25,0x24,0x27,0x18,0x00,0x00,0x00,0x00,0x00,0x00,0x00,0x00,0x00,
  0x00,0x00,0x00,0x00,0x00,0x00,0x00,0x00,0x00,0x18,0x2a,0x26,0x27,0x28,0x27,0x27,
  0x09,0x00,0x00,0x00,0x00,0x00,0x00,0x00,0x00,0x00,0x00,0x00,0x00,0x00,0x00,0x00,
  0x00,0x00,0x00,0x00,0x00,0x00,0x00,0x00,0x00,0x00,0x00,0x00,0x00,0x00,0x00,0x00,
  0x00,0x00,0x00,0x00,0x00,0x00,0x00,0x00,0x00,0x00,0x00,0x00,0x00,0x00,0x00,0x00,
  0x00,0x00,0x00,0x00,0x00,0x00,0x00,0x00,0x00,0x00,0x00,0x00,0x00,0x00,0x00,0x00,
  0x00,0x00,0x00,0x00,0x00,0x00,0x00,0x00,0x00,0x00,0x00,0x00,0x00,0x00,0x00,0x00,
  0x00,0x00,0x00,0x00,0x00,0x00,0x00,0x00,0x00,0x00,0x00,0x00,0x00,0x00,0x00,0x00,
  0x00,0x00,0x00,0x00,0x00,0x00,0x00,0x00,0x00,0x00,0x00,0x00,0x00,0x00,0x00,0x00,
  0x00,0x00,0x00,0x00,0x00,0x00,0x00,0x00,0x00,0x00,0x00,0x00,0x00,0x00,0x00,0x00,
  0x00,0x00,0x00,0x00,0x00,0x00,0x00,0x00,0x00,0x00,0x00,0x00,0x00,0x00,0x00,0x00,
  0x00,0x00,0x00,0x00,0x00,0x00,0x00,0x00,0x00,0x00,0x00,0x00,0x00,0x00,0x00,0x00,
  0x02,0x02,0x02,0x02,0x02,0x02,0x01,0x00,0x00,0x00,0x00,0x00,0x00,0x00,0x00,0x00,
  0x00,0x00,0x00,0x00,0x00,0x00,0x00,0x00,0x00,0x01,0x02,0x02,0x02,0x02,0x02,0x02,
  0x01,0x00,0x00,0x00,0x00,0x00,0x00,0x00,0x00,0x00,0x00,0x00,0x00,0x00,0x00,0x00,
  0x00,0x00,0x00,0x00,0x00,0x00,0x00,0x00,0x00,0x00,0x00,0x00,0x00,0x00,0x00,0x00,
  0x00,0x00,0x00,0x00,0x00,0x00,0x00,0x00,0x00,0x00,0x00,0x00,0x00,0x00,0x00,0x00,
  0x00,0x00,0x00,0x00,0x00,0x00,0x00,0x00,0x00,0x00,0x00,0x00,0x00,0x00,0x00,0x00,
  0x00,0x00,0x00,0x00,0x00,0x00,0x00,0x00,0x00,0x00,0x00,0x00,0x00,0x00,0x00,0x00,
  0x00,0x00,0x00,0x00,0x00,0x00,0x00,0x00,0x00,0x00,0x00,0x00,0x00,0x00,0x00,0x00,
  0x00,0x00,0x00,0x00,0x00,0x00,0x00,0x00,0x00,0x00,0x00,0x00,0x00,0x00,0x00,0x00,
  0x00,0x00,0x00,0x00,0x00,0x00,0x00,0x00,0x00,0x00,0x00,0x00,0x00,0x00,0x00,0x00,
  0x00,0x00,0x00,0x00,0x00,0x00,0x00,0x00,0x00,0x00,0x00,0x00,0x00,0x00,0x00,0x00,
  0x00,0x00,0x00,0x00,0x00,0x00,0x00,0x00,0x00,0x00,0x00,0x00,0x00,0x00,0x00,0x00,
  0x00,0x00,0x00,0x00,0x00,0x00,0x00,0x00,0x00,0x00,0x00,0x00,0x00,0x00,0x00,0x00,
  0x00,0x00,0x00,0x00,0x00,0x00,0x00,0x00,0x00,0x00,0x00,0x00,0x00,0x00,0x00,0x00,
  0x00,0x00,0x00,0x00,0x00,0x00,0x00,0x00,0x00,0x00,0x00,0x00,0x00,0x00,0x00,0x00,
  0x00,0x00,0x00,0x00,0x00,0x00,0x00,0x00,0x00,0x00,0x00,0x00,0x00,0x00,0x00,0x00,
  0x00,0x00,0x00,0x00,0x00,0x00,0x00,0x00,0x00,0x00,0x00,0x00,0x00,0x00,0x00,0x00,
  0x00,0x00,0x00,0x00,0x00,0x00,0x00,0x00,0x00,0x00,0x00,0x00,0x00,0x00,0x00,0x00,
  0x00,0x00,0x00,0x00,0x00,0x00,0x00,0x00,0x00,0x00,0x00,0x00,0x00,0x00,0x00,0x00,
  0x00,0x00,0x00,0x00,0x00,0x00,0x00,0x00,0x00,0x00,0x00,0x00,0x00,0x00,0x00,0x00,
  0x00,0x00,0x00,0x00,0x00,0x00,0x00,0x00,0x00,0x00,0x00,0x00,0x00,0x00,0x00,0x00,
  0x00,0x00,0x00,0x00,0x00,0x00,0x00,0x00,0x00,0x00,0x00,0x00,0x00,0x00,0x00,0x00,
  0x00,0x00,0x00,0x00,0x00,0x00,0x00,0x00,0x00,0x00,0x00,0x00,0x00,0x00,0x00,0x00,
  0x00,0x00,0x00,0x00,0x00,0x00,0x00,0x00,0x00,0x00,0x00,0x00,0x00,0x00,0x00,0x00,
  0x00,0x00,0x00,0x00,0x00,0x00,0x00,0x00,0x00,0x00,0x00,0x00,0x00,0x00,0x00,0x00,
  0x00,0x00,0x00,0x00,0x00,0x00,0x00,0x00,0x00,0x00,0x00,0x00,0x00,0x00,0x00,0x00,
  0x00,0x00,0x00,0x00,0x00,0x00,0x00,0x00,0x00,0x00,0x00,0x00,0x00,0x00,0x00,0x00,
  0x00,0x00,0x00,0x00,0x00,0x00,0x00,0x00,0x00,0x00,0x00,0x00,0x00,0x00,0x00,0x00,
  0x00,0x00,0x00,0x00,0x00,0x00,0x00,0x00,0x00,0x00,0x00,0x00,0x00,0x00,0x00,0x00,
  0x00,0x00,0x00,0x00,0x00,0x00,0x00,0x00,0x00,0x00,0x00,0x00,0x00,0x00,0x00,0x00,
  0x00,0x00,0x00,0x00,0x00,0x00,0x00,0x00,0x00,0x00,0x00,0x00,0x00,0x00,0x00,0x00,
  0x00,0x00,0x00,0x00,0x00,0x00,0x00,0x00,0x00,0x00,0x00,0x00,0x00,0x00,0x00,0x00,
  0x00,0x00,0x00,0x00,0x00,0x00,0x00,0x00,0x00,0x00,0x00,0x00,0x00,0x00,0x00,0x00,
  0x00,0x00,0x00,0x00,0x00,0x00,0x00,0x00,0x00,0x00,0x00,0x00,0x00,0x00,0x00,0x00,
  0x00,0x00,0x00,0x00,0x00,0x00,0x00,0x00,0x00,0x00,0x00,0x00,0x00,0x00,0x00,0x00,
  0x00,0x00,0x00,0x00,0x00,0x00,0x00,0x00,0x00,0x00,0x00,0x00,0x00,0x00,0x00,0x00,
  0x00,0x00,0x00,0x00,0x00,0x00,0x00,0x00,0x00,0x00,0x00,0x00,0x00,0x00,0x00,0x00,
  0x00,0x00,0x00,0x00,0x00,0x00,0x00,0x00,0x00,0x00,0x00,0x00,0x00,0x00,0x00,0x00,
  0x00,0x00,0x00,0x00,0x00,0x00,0x00,0x00,0x00,0x00,0x00,0x00,0x00,0x00,0x00,0x00,
  0x00,0x00,0x00,0x00,0x00,0x00,0x00,0x00,0x00,0x00,0x00,0x00,0x00,0x00,0x00,0x00,
  0x00,0x00,0x00,0x00,0x00,0x00,0x00,0x00,0x00,0x00,0x00,0x00,0x00,0x00,0x00,0x00,
  0x00,0x00,0x00,0x00,0x00,0x00,0x00,0x00,0x00,0x00,0x00,0x00,0x00,0x00,0x00,0x00,
  0x00,0x00,0x00,0x00,0x00,0x00,0x00,0x00,0x00,0x00,0x00,0x00,0x00,0x00,0x00,0x00,
  0x00,0x00,0x00,0x00,0x00,0x00,0x00,0x00,0x00,0x00,0x00,0x00,0x00,0x00,0x00,0x00,
  0x00,0x00,0x00,0x00,0x00,0x00,0x00,0x00,0x00,0x00,0x00,0x00,0x00,0x00,0x00,0x00,
  0x00,0x00,0x00,0x00,0x00,0x00,0x00,0x00,0x00,0x00,0x00,0x00,0x00,0x00,0x00,0x00,
  0x00,0x00,0x00,0x00,0x00,0x00,0x00,0x00,0x00,0x00,0x00,0x00,0x00,0x00,0x00,0x00,
  0x00,0x00,0x00,0x00,0x00,0x00,0x00,0x00,0x00,0x00,0x00,0x00,0x00,0x00,0x00,0x00,
  0x00,0x00,0x00,0x00,0x00,0x00,0x00,0x00,0x00,0x00,0x00,0x00,0x00,0x00,0x00,0x00,
  0x00,0x00,0x00,0x00,0x00,0x00,0x00,0x00,0x00,0x00,0x00,0x00,0x00,0x00,0x00,0x00,
  0x00,0x00,0x00,0x00,0x00,0x00,0x00,0x00,0x00,0x00,0x00,0x00,0x00,0x00,0x00,0x00,
  0x00,0x00,0x00,0x00,0x00,0x00,0x00,0x00,0x00,0x00,0x00,0x00,0x00,0x00,0x00,0x00,
};

static const lv_image_dsc_t img_scene_giveup = {
  .header.w = 96,
  .header.h = 96,
  .header.stride = 192,
  .header.cf = LV_COLOR_FORMAT_RGB565A8,
  .data = img_scene_giveup_map,
  .data_size = sizeof(img_scene_giveup_map),
};

static const LV_ATTRIBUTE_MEM_ALIGN uint8_t img_scene_store_map[] = {
  0x00,0x00,0x00,0x00,0x00,0x00,0x00,0x00,0x00,0x00,0x00,0x00,0x00,0x00,0x00,0x00,
  0x00,0x00,0x00,0x00,0x00,0x00,0x00,0x00,0x00,0x00,0x00,0x00,0x00,0x00,0x00,0x00,
  0x00,0x00,0x00,0x00,0x00,0x00,0x00,0x00,0x00,0x00,0x00,0x00,0x00,0x00,0x00,0x00,
  0x00,0x00,0x00,0x00,0x00,0x00,0x00,0x00,0x00,0x00,0x00,0x00,0x00,0x00,0x00,0x00,
  0x00,0x00,0x00,0x00,0x00,0x00,0x00,0x00,0x00,0x00,0x00,0x00,0x00,0x00,0x00,0x00,
  0x00,0x00,0x00,0x00,0x00,0x00,0x00,0x00,0x00,0x00,0x00,0x00,0x00,0x00,0x00,0x00,
  0x00,0x00,0x00,0x00,0x00,0x00,0x00,0x00,0x00,0x00,0x00,0x00,0x00,0x00,0x00,0x00,
  0x00,0x00,0x00,0x00,0x00,0x00,0x00,0x00,0x00,0x00,0x00,0x00,0x00,0x00,0x00,0x00,
  0x00,0x00,0x00,0x00,0x00,0x00,0x00,0x00,0x00,0x00,0x00,0x00,0x00,0x00,0x00,0x00,
  0x00,0x00,0x00,0x00,0x00,0x00,0x00,0x00,0x00,0x00,0x00,0x00,0x00,0x00,0x00,0x00,
  0x00,0x00,0x00,0x00,0x00,0x00,0x00,0x00,0x00,0x00,0x00,0x00,0x00,0x00,0x00,0x00,
  0x00,0x00,0x00,0x00,0x00,0x00,0x00,0x00,0x00,0x00,0x00,0x00,0x00,0x00,0x00,0x00,
  0x00,0x00,0x00,0x00,0x00,0x00,0x00,0x00,0x00,0x00,0x00,0x00,0x00,0x00,0x00,0x00,
  0x00,0x00,0x00,0x00,0x00,0x00,0x00,0x00,0x00,0x00,0x00,0x00,0x00,0x00,0x00,0x00,
  0x00,0x00,0x00,0x00,0x00,0x00,0x00,0x00,0x00,0x00,0x00,0x00,0x00,0x00,0x00,0x00,
  0x00,0x00,0x00,0x00,0x00,0x00,0x00,0x00,0x00,0x00,0x00,0x00,0x00,0x00,0x00,0x00,
  0x00,0x00,0x00,0x00,0x00,0x00,0x00,0x00,0x00,0x00,0x00,0x00,0x00,0x00,0x00,0x00,
  0x00,0x00,0x00,0x00,0x00,0x00,0x00,0x00,0x00,0x00,0x00,0x00,0x00,0x00,0x00,0x00,
  0x00,0x00,0x00,0x00,0x00,0x00,0x00,0x00,0x00,0x00,0x00,0x00,0x00,0x00,0x00,0x00,
  0x00,0x00,0x00,0x00,0x00,0x00,0x00,0x00,0x00,0x00,0x00,0x00,0x00,0x00,0x00,0x00,
  0x00,0x00,0x00,0x00,0x00,0x00,0x00,0x00,0x00,0x00,0x00,0x00,0x00,0x00,0x00,0x00,
  0x00,0x00,0x00,0x00,0x00,0x00,0x00,0x00,0x00,0x00,0x00,0x00,0x00,0x00,0x00,0x00,
  0x00,0x00,0x00,0x00,0x00,0x00,0x00,0x00,0x00,0x00,0x00,0x00,0x00,0x00,0x00,0x00,
  0x00,0x00,0x00,0x00,0x00,0x00,0x00,0x00,0x00,0x00,0x00,0x00,0x00,0x00,0x00,0x00,
  0x00,0x00,0x00,0x00,0x00,0x00,0x00,0x00,0x00,0x00,0x00,0x00,0x00,0x00,0x00,0x00,
  0x00,0x00,0x00,0x00,0x00,0x00,0x00,0x00,0x00,0x00,0x00,0x00,0x00,0x00,0x00,0x00,
  0x00,0x00,0x00,0x00,0x00,0x00,0x00,0x00,0x00,0x00,0x00,0x00,0x00,0x00,0x00,0x00,
  0x00,0x00,0x00,0x00,0x00,0x00,0x00,0x00,0x00,0x00,0x00,0x00,0x00,0x00,0x00,0x00,
  0x00,0x00,0x00,0x00,0x00,0x00,0x00,0x00,0x00,0x00,0x00,0x00,0x00,0x00,0x00,0x00,
  0x00,0x00,0x00,0x00,0x00,0x00,0x00,0x00,0x00,0x00,0x00,0x00,0x00,0x00,0x00,0x00,
  0x00,0x00,0x00,0x00,0x00,0x00,0x00,0x00,0x00,0x00,0x00,0x00,0x00,0x00,0x00,0x00,
  0x00,0x00,0x00,0x00,0x00,0x00,0x00,0x00,0x00,0x00,0x00,0x00,0x00,0x00,0x00,0x00,
  0x00,0x00,0x00,0x00,0x00,0x00,0x00,0x00,0x00,0x00,0x00,0x00,0x00,0x00,0x00,0x00,
  0x00,0x00,0x00,0x00,0x00,0x00,0x00,0x00,0x00,0x00,0x00,0x00,0x00,0x00,0x00,0x00,
  0x00,0x00,0x00,0x00,0x00,0x00,0x00,0x00,0x00,0x00,0x00,0x00,0x00,0x00,0x00,0x00,
  0x00,0x00,0x00,0x00,0x00,0x00,0x00,0x00,0x00,0x00,0x00,0x00,0x00,0x00,0x00,0x00,
  0x00,0x00,0x00,0x00,0x00,0x00,0x00,0x00,0x00,0x00,0x00,0x00,0x00,0x00,0x00,0x00,
  0x00,0x00,0x00,0x00,0x00,0x00,0x00,0x00,0x00,0x00,0x00,0x00,0x00,0x00,0x00,0x00,
  0x00,0x00,0x00,0x00,0x00,0x00,0x00,0x00,0x00,0x00,0x00,0x00,0x00,0x00,0x00,0x00,
  0x00,0x00,0x00,0x00,0x00,0x00,0x00,0x00,0x00,0x00,0x00,0x00,0x00,0x00,0x00,0x00,
  0x00,0x00,0x00,0x00,0x00,0x00,0x00,0x00,0x00,0x00,0x00,0x00,0x00,0x00,0x00,0x00,
  0x00,0x00,0x00,0x00,0x00,0x00,0x00,0x00,0x00,0x00,0x00,0x00,0x00,0x00,0x00,0x00,
  0x00,0x00,0x00,0x00,0x00,0x00,0x00,0x00,0x00,0x00,0x00,0x00,0x00,0x00,0x00,0x00,
  0x00,0x00,0x00,0x00,0x00,0x00,0x00,0x00,0x00,0x00,0x00,0x00,0x00,0x00,0x00,0x00,
  0x00,0x00,0x00,0x00,0x00,0x00,0x00,0x00,0x00,0x00,0x00,0x00,0x00,0x00,0x00,0x00,
  0x00,0x00,0x00,0x00,0x00,0x00,0x00,0x00,0x00,0x00,0x00,0x00,0x00,0x00,0x00,0x00,
  0x00,0x00,0x00,0x00,0x00,0x00,0x00,0x00,0x00,0x00,0x00,0x00,0x00,0x00,0x00,0x00,
  0x00,0x00,0x00,0x00,0x00,0x00,0x00,0x00,0x00,0x00,0x00,0x00,0x00,0x00,0x00,0x00,
  0x00,0x00,0x00,0x00,0x00,0x00,0x00,0x00,0x00,0x00,0x00,0x00,0x00,0x00,0x00,0x00,
  0x00,0x00,0x00,0x00,0x00,0x00,0x00,0x00,0x00,0x00,0x00,0x00,0x00,0x00,0x00,0x00,
  0x00,0x00,0x00,0x00,0x00,0x00,0x00,0x00,0x00,0x00,0x00,0x00,0x00,0x00,0x00,0x00,
  0x00,0x00,0x00,0x00,0x00,0x00,0x00,0x00,0x00,0x00,0x00,0x00,0x00,0x00,0x00,0x00,
  0x00,0x00,0x00,0x00,0x00,0x00,0x00,0x00,0x00,0x00,0x00,0x00,0x00,0x00,0x00,0x00,
  0x00,0x00,0x00,0x00,0x00,0x00,0x00,0x00,0x00,0x00,0x00,0x00,0x00,0x00,0x00,0x00,
  0x00,0x00,0x00,0x00,0x00,0x00,0x00,0x00,0x00,0x00,0x00,0x00,0x00,0x00,0x00,0x00,
  0x00,0x00,0x00,0x00,0x00,0x00,0x00,0x00,0x00,0x00,0x00,0x00,0x00,0x00,0x00,0x00,
  0x00,0x00,0x00,0x00,0x00,0x00,0x00,0x00,0x00,0x00,0x00,0x00,0x00,0x00,0x00,0x00,
  0x00,0x00,0x00,0x00,0x00,0x00,0x00,0x00,0x00,0x00,0x00,0x00,0x00,0x00,0x00,0x00,
  0x00,0x00,0x00,0x00,0x00,0x00,0x00,0x00,0x00,0x00,0x00,0x00,0x00,0x00,0x00,0x00,
  0x00,0x00,0x00,0x00,0x00,0x00,0x00,0x00,0x00,0x00,0x00,0x00,0x00,0x00,0x00,0x00,
  0x00,0x00,0x00,0x00,0x00,0x00,0x00,0x00,0x00,0x00,0x00,0x00,0x00,0x00,0x00,0x00,
  0x00,0x00,0x00,0x00,0x00,0x00,0x00,0x00,0x00,0x00,0x00,0x00,0x00,0x00,0x00,0x00,
  0x00,0x00,0x00,0x00,0x00,0x00,0x00,0x00,0x00,0x00,0x00,0x00,0x00,0x00,0x00,0x00,
  0x00,0x00,0x00,0x00,0x00,0x00,0x00,0x00,0x00,0x00,0x00,0x00,0x00,0x00,0x00,0x00,
  0x00,0x00,0x00,0x00,0x00,0x00,0x00,0x00,0x00,0x00,0x00,0x00,0x00,0x00,0x00,0x00,
  0x00,0x00,0x00,0x00,0x00,0x00,0x00,0x00,0x00,0x00,0x00,0x00,0x00,0x00,0x00,0x00,
  0x00,0x00,0x00,0x00,0x00,0x00,0x00,0x00,0x00,0x00,0x00,0x00,0x00,0x00,0x00,0x00,
  0x00,0x00,0x00,0x00,0x00,0x00,0x00,0x00,0x00,0x00,0x00,0x00,0x00,0x00,0x00,0x00,
  0x00,0x00,0x00,0x00,0x00,0x00,0x00,0x00,0x00,0x00,0x00,0x00,0x00,0x00,0x00,0x00,
  0x00,0x00,0x00,0x00,0x00,0x00,0x00,0x00,0x00,0x00,0x00,0x00,0x00,0x00,0x00,0x00,
  0x00,0x00,0x00,0x00,0x00,0x00,0x00,0x00,0x00,0x00,0x00,0x00,0x00,0x00,0x00,0x00,
  0x00,0x00,0x00,0x00,0x00,0x00,0x00,0x00,0x00,0x00,0x00,0x00,0x00,0x00,0x00,0x00,
  0x00,0x00,0x00,0x00,0x00,0x00,0x00,0x00,0x00,0x00,0x00,0x00,0x00,0x00,0x00,0x00,
  0x00,0x00,0x00,0x00,0x00,0x00,0x00,0x00,0x00,0x00,0x00,0x00,0x00,0x00,0x00,0x00,
  0x00,0x00,0x00,0x00,0x00,0x00,0x00,0x00,0x00,0x00,0x00,0x00,0x00,0x00,0x00,0x00,
  0x00,0x00,0x00,0x00,0x00,0x00,0x00,0x00,0x00,0x00,0x00,0x00,0x00,0x00,0x00,0x00,
  0x00,0x00,0x00,0x00,0x00,0x00,0x00,0x00,0x00,0x00,0x00,0x00,0x00,0x00,0x00,0x00,
  0x00,0x00,0x00,0x00,0x00,0x00,0x00,0x00,0x00,0x00,0x00,0x00,0x00,0x00,0x00,0x00,
  0x00,0x00,0x00,0x00,0x00,0x00,0x00,0x00,0x00,0x00,0x00,0x00,0x00,0x00,0x00,0x00,
  0x00,0x00,0x00,0x00,0x00,0x00,0x00,0x00,0x00,0x00,0x00,0x00,0x00,0x00,0x00,0x00,
  0x00,0x00,0x00,0x00,0x00,0x00,0x00,0x00,0x00,0x00,0x00,0x00,0x00,0x00,0x00,0x00,
  0x00,0x00,0x00,0x00,0x00,0x00,0x00,0x00,0x00,0x00,0x00,0x00,0x00,0x00,0x00,0x00,
  0x00,0x00,0x00,0x00,0x00,0x00,0x00,0x00,0x00,0x00,0x00,0x00,0x00,0x00,0x00,0x00,
  0x00,0x00,0x00,0x00,0x00,0x00,0x00,0x00,0x00,0x00,0x00,0x00,0x00,0x00,0x00,0x00,
  0x00,0x00,0x00,0x00,0x00,0x00,0x00,0x00,0x00,0x00,0x00,0x00,0x00,0x00,0x00,0x00,
  0x00,0x00,0x00,0x00,0x00,0x00,0x00,0x00,0x00,0x00,0x00,0x00,0x00,0x00,0x00,0x00,
  0x00,0x00,0x00,0x00,0x00,0x00,0x00,0x00,0x00,0x00,0x00,0x00,0x00,0x00,0x00,0x00,
  0x00,0x00,0x00,0x00,0x00,0x00,0x00,0x00,0x00,0x00,0x00,0x00,0x00,0x00,0x00,0x00,
  0x00,0x00,0x00,0x00,0x00,0x00,0x00,0x00,0x00,0x00,0x00,0x00,0x00,0x00,0x00,0x00,
  0x00,0x00,0x00,0x00,0x00,0x00,0x00,0x00,0x00,0x00,0x00,0x00,0x00,0x00,0x00,0x00,
  0x00,0x00,0x00,0x00,0x00,0x00,0x00,0x00,0x00,0x00,0x00,0x00,0x00,0x00,0x00,0x00,
  0x00,0x00,0x00,0x00,0x00,0x00,0x00,0x00,0x00,0x00,0x00,0x00,0x00,0x00,0x00,0x00,
  0x00,0x00,0x00,0x00,0x00,0x00,0x00,0x00,0x00,0x00,0x00,0x00,0x00,0x00,0x00,0x00,
  0x00,0x00,0x00,0x00,0x00,0x00,0x00,0x00,0x00,0x00,0x00,0x00,0x00,0x00,0x00,0x00,
  0x00,0x00,0x00,0x00,0x00,0x00,0x00,0x00,0x00,0x00,0x00,0x00,0x00,0x00,0x00,0x00,
  0x00,0x00,0x00,0x00,0x00,0x00,0x00,0x00,0x00,0x00,0x00,0x00,0x00,0x00,0x00,0x00,
  0x00,0x00,0x00,0x00,0x00,0x00,0x00,0x00,0x00,0x00,0x00,0x00,0x00,0x00,0x00,0x00,
  0x00,0x00,0x00,0x00,0x00,0x00,0x00,0x00,0x00,0x00,0x00,0x00,0x00,0x00,0x00,0x00,
  0x00,0x00,0x00,0x00,0x00,0x00,0x00,0x00,0x00,0x00,0x00,0x00,0x00,0x00,0x00,0x00,
  0x00,0x00,0x00,0x00,0x00,0x00,0x00,0x00,0x00,0x00,0x00,0x00,0x00,0x00,0x00,0x00,
  0x00,0x00,0x00,0x00,0x00,0x00,0x00,0x00,0x00,0x00,0x00,0x00,0x00,0x00,0x00,0x00,
  0x00,0x00,0x00,0x00,0x00,0x00,0x00,0x00,0x00,0x00,0x00,0x00,0x00,0x00,0x00,0x00,
  0x00,0x00,0x00,0x00,0x00,0x00,0x00,0x00,0x00,0x00,0x00,0x00,0x00,0x00,0x00,0x00,
  0x00,0x00,0x00,0x00,0x00,0x00,0x00,0x00,0x00,0x00,0x00,0x00,0x00,0x00,0x00,0x00,
  0x00,0x00,0x00,0x00,0x00,0x00,0x00,0x00,0x00,0x00,0x00,0x00,0x00,0x00,0x00,0x00,
  0x00,0x00,0x00,0x00,0x00,0x00,0x00,0x00,0x00,0x00,0x00,0x00,0x00,0x00,0x00,0x00,
  0x00,0x00,0x00,0x00,0x00,0x00,0x00,0x00,0x00,0x00,0x00,0x00,0x00,0x00,0x00,0x00,
  0x00,0x00,0x00,0x00,0x00,0x00,0x00,0x00,0x00,0x00,0x00,0x00,0x00,0x00,0x00,0x00,
  0x00,0x00,0x00,0x00,0x00,0x00,0x00,0x00,0x00,0x00,0x00,0x00,0x00,0x00,0x00,0x00,
  0x00,0x00,0x00,0x00,0x00,0x00,0x00,0x00,0x00,0x00,0x00,0x00,0x00,0x00,0x00,0x00,
  0x00,0x00,0x00,0x00,0x00,0x00,0x00,0x00,0x00,0x00,0x00,0x00,0x00,0x00,0x00,0x00,
  0x00,0x00,0x00,0x00,0x00,0x00,0x00,0x00,0x00,0x00,0x00,0x00,0x00,0x00,0x00,0x00,
  0x00,0x00,0x00,0x00,0x00,0x00,0x00,0x00,0x00,0x00,0x00,0x00,0x00,0x00,0x00,0x00,
  0x00,0x00,0x00,0x00,0x00,0x00,0x00,0x00,0x00,0x00,0x00,0x00,0x00,0x00,0x00,0x00,
  0x00,0x00,0x00,0x00,0x00,0x00,0x00,0x00,0x00,0x00,0x00,0x00,0x00,0x00,0x00,0x00,
  0x00,0x00,0x00,0x00,0x00,0x00,0x00,0x00,0x00,0x00,0x00,0x00,0x00,0x00,0x00,0x00,
  0x00,0x00,0x00,0x00,0x00,0x00,0x00,0x00,0x00,0x00,0x00,0x00,0x00,0x00,0x00,0x00,
  0x00,0x00,0x00,0x00,0x00,0x00,0x00,0x00,0x00,0x00,0x00,0x00,0x00,0x00,0x00,0x00,
  0x00,0x00,0x00,0x00,0x00,0x00,0x00,0x00,0x00,0x00,0x00,0x00,0x00,0x00,0x00,0x00,
  0x00,0x00,0x00,0x00,0x00,0x00,0x00,0x00,0x00,0x00,0x00,0x00,0x00,0x00,0x00,0x00,
  0x00,0x00,0x00,0x00,0x00,0x00,0x00,0x00,0x00,0x00,0x00,0x00,0x00,0x00,0x00,0x00,
  0x00,0x00,0x00,0x00,0x00,0x00,0x00,0x00,0x00,0x00,0x00,0x00,0x00,0x00,0x00,0x00,
  0x00,0x00,0x00,0x00,0x00,0x00,0x00,0x00,0x00,0x00,0x00,0x00,0x00,0x00,0x00,0x00,
  0x00,0x00,0x00,0x00,0x00,0x00,0x00,0x00,0x00,0x00,0x00,0x00,0x00,0x00,0x00,0x00,
  0x00,0x00,0x00,0x00,0x00,0x00,0x00,0x00,0x00,0x00,0x00,0x00,0x00,0x00,0x00,0x00,
  0x00,0x00,0x00,0x00,0x00,0x00,0x00,0x00,0x00,0x00,0x00,0x00,0x00,0x00,0x00,0x00,
  0x00,0x00,0x00,0x00,0x00,0x00,0x00,0x00,0x00,0x00,0x00,0x00,0x00,0x00,0x00,0x00,
  0x00,0x00,0x00,0x00,0x00,0x00,0x00,0x00,0x00,0x00,0x00,0x00,0x00,0x00,0x00,0x00,
  0x00,0x00,0x00,0x00,0x00,0x00,0x00,0x00,0x00,0x00,0x00,0x00,0x00,0x00,0x00,0x00,
  0x00,0x00,0x00,0x00,0x00,0x00,0x00,0x00,0x00,0x00,0x00,0x00,0x00,0x00,0x00,0x00,
  0x00,0x00,0x00,0x00,0x00,0x00,0x00,0x00,0x00,0x00,0x00,0x00,0x00,0x00,0x00,0x00,
  0x00,0x00,0x00,0x00,0x00,0x00,0x00,0x00,0x00,0x00,0x00,0x00,0x00,0x00,0x00,0x00,
  0x00,0x00,0x00,0x00,0x00,0x00,0x00,0x00,0x00,0x00,0x00,0x00,0x00,0x00,0x00,0x00,
  0x00,0x00,0x00,0x00,0x00,0x00,0x00,0x00,0x00,0x00,0x00,0x00,0x00,0x00,0x00,0x00,
  0x00,0x00,0x00,0x00,0x00,0x00,0x00,0x00,0x00,0x00,0x00,0x00,0x00,0x00,0x00,0x00,
  0x00,0x00,0x00,0x00,0x00,0x00,0x00,0x00,0x00,0x00,0x00,0x00,0x00,0x00,0x00,0x00,
  0x00,0x00,0x00,0x00,0x00,0x00,0x00,0x00,0x00,0x00,0x00,0x00,0x00,0x00,0x00,0x00,
  0x00,0x00,0x00,0x00,0x00,0x00,0x00,0x00,0x00,0x00,0x00,0x00,0x00,0x00,0x00,0x00,
  0x00,0x00,0x00,0x00,0x00,0x00,0x00,0x00,0x00,0x00,0x00,0x00,0x00,0x00,0x00,0x00,
  0x00,0x00,0x00,0x00,0x00,0x00,0x00,0x00,0x00,0x00,0x00,0x00,0x00,0x00,0x00,0x00,
  0x00,0x00,0x00,0x00,0x00,0x00,0x00,0x00,0x00,0x00,0x00,0x00,0x00,0x00,0x00,0x00,
  0x00,0x00,0x00,0x00,0x00,0x00,0x00,0x00,0x00,0x00,0x00,0x00,0x00,0x00,0x00,0x00,
  0x00,0x00,0x00,0x00,0x00,0x00,0x00,0x00,0x00,0x00,0x00,0x00,0x00,0x00,0x00,0x00,
  0x00,0x00,0x00,0x00,0x00,0x00,0x00,0x00,0x00,0x00,0x00,0x00,0x00,0x00,0x00,0x00,
  0x00,0x00,0x00,0x00,0x00,0x00,0x00,0x00,0x00,0x00,0x00,0x00,0x00,0x00,0x00,0x00,
  0x00,0x00,0x00,0x00,0x00,0x00,0x00,0x00,0x00,0x00,0x00,0x00,0x00,0x00,0x00,0x00,
  0x00,0x00,0x00,0x00,0x00,0x00,0x00,0x00,0x00,0x00,0x00,0x00,0x00,0x00,0x00,0x00,
  0x00,0x00,0x00,0x00,0x00,0x00,0x00,0x00,0x00,0x00,0x00,0x00,0x00,0x00,0x00,0x00,
  0x00,0x00,0x00,0x00,0x00,0x00,0x00,0x00,0x00,0x00,0x00,0x00,0x00,0x00,0x00,0x00,
  0x00,0x00,0x00,0x00,0x00,0x00,0x00,0x00,0x00,0x00,0x00,0x00,0x00,0x00,0x00,0x00,
  0x00,0x00,0x00,0x00,0x00,0x00,0x00,0x00,0x00,0x00,0x00,0x00,0x00,0x00,0x00,0x00,
  0x00,0x00,0x00,0x00,0x00,0x00,0x00,0x00,0x00,0x00,0x00,0x00,0x00,0x00,0x00,0x00,
  0x00,0x00,0x00,0x00,0x00,0x00,0x00,0x00,0x00,0x00,0x00,0x00,0x00,0x00,0x00,0x00,
  0x00,0x00,0x00,0x00,0x00,0x00,0x00,0x00,0x00,0x00,0x00,0x00,0x00,0x00,0x00,0x00,
  0x00,0x00,0x00,0x00,0x00,0x00,0x00,0x00,0x00,0x00,0x00,0x00,0x00,0x00,0x00,0x00,
  0x00,0x00,0x00,0x00,0x00,0x00,0x00,0x00,0x00,0x00,0x00,0x00,0x00,0x00,0x00,0x00,
  0x00,0x00,0x00,0x00,0x00,0x00,0x00,0x00,0x00,0x00,0x00,0x00,0x00,0x00,0x00,0x00,
  0x00,0x00,0x00,0x00,0x00,0x00,0x00,0x00,0x00,0x00,0x00,0x00,0x00,0x00,0x00,0x00,
  0x00,0x00,0x00,0x00,0x00,0x00,0x00,0x00,0x00,0x00,0x00,0x00,0x00,0x00,0x00,0x00,
  0x00,0x00,0x00,0x00,0x00,0x00,0x00,0x00,0x00,0x00,0x00,0x00,0x00,0x00,0x00,0x00,
  0x00,0x00,0x00,0x00,0x00,0x00,0x00,0x00,0x00,0x00,0x00,0x00,0x00,0x00,0x00,0x00,
  0x00,0x00,0x00,0x00,0x00,0x00,0x00,0x00,0x00,0x00,0x00,0x00,0x00,0x00,0x00,0x00,
  0x00,0x00,0x00,0x00,0x00,0x00,0x00,0x00,0x00,0x00,0x00,0x00,0x00,0x00,0x00,0x00,
  0x00,0x00,0x00,0x00,0x00,0x00,0x00,0x00,0x00,0x00,0x00,0x00,0x00,0x00,0x00,0x00,
  0x00,0x00,0x00,0x00,0x00,0x00,0x00,0x00,0x00,0x00,0x00,0x00,0x00,0x00,0x00,0x00,
  0x00,0x00,0x00,0x00,0x00,0x00,0x00,0x00,0x00,0x00,0x00,0x00,0x00,0x00,0x00,0x00,
  0x00,0x00,0x00,0x00,0x00,0x00,0x00,0x00,0x00,0x00,0x00,0x00,0x00,0x00,0x00,0x00,
  0x00,0x00,0x00,0x00,0x00,0x00,0x00,0x00,0x00,0x00,0x00,0x00,0x00,0x00,0x00,0x00,
  0x00,0x00,0x00,0x00,0x00,0x00,0x00,0x00,0x00,0x00,0x00,0x00,0x00,0x00,0x00,0x00,
  0x00,0x00,0x00,0x00,0x00,0x00,0x00,0x00,0x00,0x00,0x00,0x00,0x00,0x00,0x00,0x00,
  0x00,0x00,0x00,0x00,0x00,0x00,0x00,0x00,0x00,0x00,0x00,0x00,0x00,0x00,0x00,0x00,
  0x00,0x00,0x00,0x00,0x00,0x00,0x00,0x00,0x00,0x00,0x00,0x00,0x00,0x00,0x00,0x00,
  0x00,0x00,0x00,0x00,0x00,0x00,0x00,0x00,0x00,0x00,0x00,0x00,0x00,0x00,0x00,0x00,
  0x00,0x00,0x00,0x00,0x00,0x00,0x00,0x00,0x00,0x00,0x00,0x00,0x00,0x00,0x00,0x00,
  0x00,0x00,0x00,0x00,0x00,0x00,0x00,0x00,0x00,0x00,0x00,0x00,0x00,0x00,0x00,0x00,
  0x00,0x00,0x00,0x00,0x00,0x00,0x00,0x00,0x00,0x00,0x00,0x00,0x00,0x00,0x00,0x00,
  0x00,0x00,0x00,0x00,0x00,0x00,0x00,0x00,0x00,0x00,0x00,0x00,0x00,0x00,0x00,0x00,
  0x00,0x00,0x00,0x00,0x00,0x00,0x00,0x00,0x00,0x00,0x00,0x00,0x00,0x00,0x00,0x00,
  0x00,0x00,0x00,0x00,0x00,0x00,0x00,0x00,0x00,0x00,0x00,0x00,0x00,0x00,0x00,0x00,
  0x00,0x00,0x00,0x00,0x00,0x00,0x00,0x00,0x00,0x00,0x00,0x00,0x00,0x00,0x00,0x00,
  0x00,0x00,0x00,0x00,0x00,0x00,0x00,0x00,0x00,0x00,0x00,0x00,0x00,0x00,0x00,0x00,
  0x00,0x00,0x00,0x00,0x00,0x00,0x00,0x00,0x00,0x00,0x00,0x00,0x00,0x00,0x00,0x00,
  0x00,0x00,0x00,0x00,0x00,0x00,0x00,0x00,0x00,0x00,0x00,0x00,0x00,0x00,0x00,0x00,
  0x00,0x00,0x00,0x00,0x00,0x00,0x00,0x00,0x00,0x00,0x00,0x00,0x00,0x00,0x00,0x00,
  0x00,0x00,0x00,0x00,0x00,0x00,0x00,0x00,0x00,0x00,0x00,0x00,0x00,0x00,0x00,0x00,
  0x00,0x00,0x00,0x00,0x00,0x00,0x00,0x00,0x00,0x00,0x00,0x00,0x00,0x00,0x00,0x00,
  0x00,0x00,0x00,0x00,0x00,0x00,0x00,0x00,0x00,0x00,0x00,0x00,0x00,0x00,0x00,0x00,
  0x00,0x00,0x00,0x00,0x00,0x00,0x00,0x00,0x00,0x00,0x00,0x00,0x00,0x00,0x00,0x00,
  0x00,0x00,0x00,0x00,0x00,0x00,0x00,0x00,0x00,0x00,0x00,0x00,0x00,0x00,0x00,0x00,
  0x00,0x00,0x00,0x00,0x00,0x00,0x00,0x00,0x00,0x00,0x00,0x00,0x00,0x00,0x00,0x00,
  0x00,0x00,0x00,0x00,0x00,0x00,0x00,0x00,0x00,0x00,0x00,0x00,0x00,0x00,0x00,0x00,
  0x00,0x00,0x00,0x00,0x00,0x00,0x00,0x00,0x00,0x00,0x00,0x00,0x00,0x00,0x00,0x00,
  0x00,0x00,0x00,0x00,0x00,0x00,0x00,0x00,0x00,0x00,0x00,0x00,0x00,0x00,0x00,0x00,
  0x00,0x00,0x00,0x00,0x00,0x00,0xe7,0x01,0x07,0x00,0xe7,0x01,0x07,0x00,0x07,0x00,
  0xe7,0x01,0x07,0x00,0x07,0x00,0xe7,0x01,0x0a,0x00,0x00,0x00,0x00,0x00,0x00,0x00,
  0x00,0x00,0x00,0x00,0x00,0x00,0x00,0x00,0x00,0x00,0x00,0x00,0x00,0x00,0x00,0x00,
  0x00,0x00,0x00,0x00,0x00,0x00,0x00,0x00,0x00,0x00,0x00,0x00,0x00,0x00,0x00,0x00,
  0x00,0x00,0x00,0x00,0x00,0x00,0x00,0x00,0x00,0x00,0x00,0x00,0x00,0x00,0x00,0x00,
  0x00,0x00,0x00,0x00,0x00,0x00,0x00,0x00,0x00,0x00,0x00,0x00,0x00,0x00,0x00,0x00,
  0x00,0x00,0x00,0x00,0x00,0x00,0x00,0x00,0x07,0x00,0x07,0x00,0x07,0x00,0x07,0x00,
  0x07,0x00,0x07,0x00,0x07,0x00,0x07,0x00,0x07,0x00,0x00,0x00,0x00,0x00,0x00,0x00,
  0x00,0x00,0x00,0x00,0x00,0x00,0x00,0x00,0x00,0x00,0x00,0x00,0x00,0x00,0x00,0x00,
  0x00,0x00,0x00,0x00,0x00,0x00,0x00,0x00,0x00,0x00,0x00,0x00,0x00,0x00,0x00,0x00,
  0x00,0x00,0x00,0x00,0x00,0x00,0x00,0x00,0x00,0x00,0x00,0x00,0x00,0x00,0x00,0x00,
  0x00,0x00,0x00,0x00,0x00,0x00,0x00,0x00,0x00,0x00,0x00,0x00,0x00,0x00,0x00,0x00,
  0x00,0x00,0x00,0x00,0x00,0x00,0x00,0x00,0x00,0x00,0x00,0x00,0x00,0x00,0x00,0x00,
  0x00,0x00,0x00,0x00,0x00,0x00,0x00,0x00,0x00,0x00,0x00,0x00,0x00,0x00,0x00,0x00,
  0x00,0x00,0x00,0x00,0x00,0x00,0x00,0x00,0x00,0x00,0x00,0x00,0x00,0x00,0x00,0x00,
  0x00,0x00,0x00,0x00,0x00,0x00,0x00,0x00,0x00,0x00,0x00,0x00,0x00,0x00,0x00,0x00,
  0x00,0x00,0x00,0x00,0x00,0x00,0x00,0x00,0x00,0x00,0x00,0x00,0x00,0x00,0x00,0x00,
  0x00,0x00,0x00,0x00,0x00,0x00,0x00,0x00,0x00,0x00,0x00,0x00,0x00,0x00,0x00,0x00,
  0x00,0x00,0x00,0x00,0x00,0x00,0x00,0x00,0x00,0x00,0x00,0x00,0x00,0x00,0x00,0x00,
  0x00,0x00,0x00,0x00,0x00,0x00,0x00,0x00,0x00,0x00,0x00,0x00,0x00,0x00,0x00,0x00,
  0x00,0x00,0x00,0x00,0x00,0x00,0x00,0x00,0x00,0x00,0x00,0x00,0x00,0x00,0x00,0x00,
  0x00,0x00,0x00,0x00,0x00,0x00,0x00,0x00,0x00,0x00,0x00,0x00,0x00,0x00,0x00,0x00,
  0x00,0x00,0x00,0x00,0x00,0x00,0x00,0x00,0x00,0x00,0x00,0x00,0x00,0x00,0x00,0x00,
  0x00,0x00,0x00,0x00,0x00,0x00,0x00,0x00,0x00,0x00,0x00,0x00,0x00,0x00,0x00,0x00,
  0x00,0x00,0x00,0x00,0xa3,0x08,0xe5,0x08,0xc5,0x08,0xe5,0x08,0xc5,0x08,0xc4,0x08,
  0xe5,0x08,0xc4,0x08,0xa4,0x08,0xe5,0x08,0xc4,0x08,0x00,0x00,0x00,0x00,0x00,0x00,
  0x00,0x00,0x00,0x00,0x00,0x00,0x00,0x00,0x00,0x00,0x00,0x00,0x00,0x00,0x00,0x00,
  0x00,0x00,0x00,0x00,0x00,0x00,0x00,0x00,0x00,0x00,0x00,0x00,0x00,0x00,0x00,0x00,
  0x00,0x00,0x00,0x00,0x00,0x00,0x00,0x00,0x00,0x00,0x00,0x00,0x00,0x00,0x00,0x00,
  0x00,0x00,0x00,0x00,0x00,0x00,0x00,0x00,0x00,0x00,0x00,0x00,0x00,0x00,0x00,0x00,
  0x00,0x00,0x00,0x00,0x00,0x00,0x62,0x00,0xa4,0x08,0xa4,0x08,0x83,0x08,0xa4,0x08,
  0xa4,0x08,0x83,0x08,0xa3,0x08,0xc4,0x08,0xa5,0x08,0x63,0x00,0x00,0x00,0x00,0x00,
  0x00,0x00,0x00,0x00,0x00,0x00,0x00,0x00,0x00,0x00,0x00,0x00,0x00,0x00,0x00,0x00,
  0x00,0x00,0x00,0x00,0x00,0x00,0x00,0x00,0x00,0x00,0x00,0x00,0x00,0x00,0x00,0x00,
  0x00,0x00,0x00,0x00,0x00,0x00,0x00,0x00,0x00,0x00,0x00,0x00,0x00,0x00,0x00,0x00,
  0x00,0x00,0x00,0x00,0x00,0x00,0x00,0x00,0x00,0x00,0x00,0x00,0x00,0x00,0x00,0x00,
  0xe7,0x01,0x00,0x00,0xc4,0x00,0x27,0x09,0x07,0x09,0x06,0x09,0x06,0x09,0x06,0x09,
  0x07,0x09,0x06,0x09,0xe5,0x08,0xe6,0x08,0xa5,0x08,0x00,0x00,0x1f,0x00,0x00,0x00,
  0x00,0x00,0x00,0x00,0x00,0x00,0x00,0x00,0x00,0x00,0x00,0x00,0x00,0x00,0x00,0x00,
  0x00,0x00,0x00,0x00,0x00,0x00,0x00,0x00,0x00,0x00,0x00,0x00,0x00,0x00,0x00,0x00,
  0x00,0x00,0x00,0x00,0x00,0x00,0x00,0x00,0x00,0x00,0x00,0x00,0x00,0x00,0x00,0x00,
  0x00,0x00,0x00,0x00,0x00,0x00,0x00,0x00,0x00,0x00,0x00,0x00,0x00,0x00,0x00,0x00,
  0x00,0x00,0x03,0x00,0x00,0x00,0x62,0x00,0xa4,0x08,0xc4,0x08,0xc5,0x08,0xc5,0x08,
  0xc5,0x08,0xc5,0x08,0xc5,0x08,0xc5,0x08,0xe6,0x08,0xa4,0x00,0x00,0x00,0x07,0x00,
  0x00,0x00,0x00,0x00,0x00,0x00,0x00,0x00,0x00,0x00,0x00,0x00,0x00,0x00,0x00,0x00,
  0x00,0x00,0x00,0x00,0x00,0x00,0x00,0x00,0x00,0x00,0x00,0x00,0x00,0x00,0x00,0x00,
  0x00,0x00,0x00,0x00,0x00,0x00,0x00,0x00,0x00,0x00,0x00,0x00,0x00,0x00,0x00,0x00,
  0x00,0x00,0x00,0x00,0x00,0x00,0x00,0x00,0x00,0x00,0x00,0x00,0x00,0x00,0x00,0x00,
  0xe7,0x01,0x00,0x00,0xe5,0x08,0x07,0x09,0x06,0x09,0xc4,0x08,0xa4,0x08,0xe5,0x08,
  0xa4,0x08,0xa4,0x08,0xe5,0x08,0xc5,0x08,0xc5,0x08,0x00,0x00,0x00,0x00,0x00,0x00,
  0x00,0x00,0x00,0x00,0x00,0x00,0x00,0x00,0x00,0x00,0x00,0x00,0x00,0x00,0x00,0x00,
  0x00,0x00,0x00,0x00,0x00,0x00,0x00,0x00,0x00,0x00,0x00,0x00,0x00,0x00,0x00,0x00,
  0x00,0x00,0x00,0x00,0x00,0x00,0x00,0x00,0x00,0x00,0x00,0x00,0x00,0x00,0x00,0x00,
  0x00,0x00,0x00,0x00,0x00,0x00,0x00,0x00,0x00,0x00,0x00,0x00,0x00,0x00,0x00,0x00,
  0x00,0x00,0x00,0x00,0x00,0x00,0x83,0x08,0xa4,0x08,0x83,0x08,0x83,0x08,0x83,0x08,
  0x62,0x08,0x62,0x08,0xa4,0x08,0xc5,0x08,0xc5,0x08,0xc5,0x08,0x00,0x00,0x07,0x00,
  0x00,0x00,0x00,0x00,0x00,0x00,0x00,0x00,0x00,0x00,0x00,0x00,0x00,0x00,0x00,0x00,
  0x00,0x00,0x00,0x00,0x00,0x00,0x00,0x00,0x00,0x00,0x00,0x00,0x00,0x00,0x00,0x00,
  0x00,0x00,0x00,0x00,0x00,0x00,0x00,0x00,0x00,0x00,0x00,0x00,0x00,0x00,0x00,0x00,
  0x00,0x00,0x00,0x00,0x00,0x00,0x00,0x00,0x00,0x00,0x00,0x00,0x00,0x00,0x00,0x00,
  0xe7,0x01,0x00,0x00,0xe5,0x08,0x27,0x09,0xe5,0x08,0xab,0x09,0x71,0x02,0x72,0x02,
  0x30,0x02,0x0f,0x02,0x06,0x09,0xe6,0x00,0x06,0x01,0xc5,0x00,0xc5,0x08,0xa4,0x08,
  0x00,0x00,0x07,0x00,0x00,0x00,0x00,0x00,0x00,0x00,0x00,0x00,0x00,0x00,0x00,0x00,
  0x00,0x00,0x00,0x00,0x00,0x00,0x00,0x00,0x00,0x00,0x00,0x00,0x00,0x00,0x00,0x00,
  0x00,0x00,0x00,0x00,0x00,0x00,0x00,0x00,0x00,0x00,0x00,0x00,0x00,0x00,0x00,0x00,
  0x00,0x00,0x00,0x00,0x00,0x00,0x00,0x00,0x00,0x00,0x00,0x00,0x00,0x00,0x00,0x00,
  0xa3,0x08,0x84,0x08,0xa4,0x08,0xc4,0x08,0xc5,0x08,0xa4,0x08,0xed,0x01,0x71,0x02,
  0x50,0x02,0x50,0x02,0xac,0x09,0xc5,0x08,0xe5,0x08,0xa4,0x08,0x00,0x00,0x07,0x00,
  0x00,0x00,0x00,0x00,0x00,0x00,0x00,0x00,0x00,0x00,0x00,0x00,0x00,0x00,0x00,0x00,
  0x00,0x00,0x00,0x00,0x00,0x00,0x00,0x00,0x00,0x00,0x00,0x00,0x00,0x00,0x00,0x00,
  0x00,0x00,0x00,0x00,0x00,0x00,0x00,0x00,0x00,0x00,0x00,0x00,0x00,0x00,0x00,0x00,
  0x00,0x00,0x00,0x00,0x00,0x00,0x00,0x00,0x00,0x00,0x00,0x00,0x00,0x00,0x00,0x00,
  0xe7,0x01,0x00,0x00,0xc5,0x00,0x47,0x09,0xe5,0x08,0xd4,0x02,0x7f,0x04,0x1f,0x04,
  0x5f,0x04,0xbd,0x03,0xe7,0x00,0xe6,0x00,0xe6,0x08,0xc5,0x08,0xe6,0x08,0xa4,0x08,
  0x00,0x00,0x00,0x00,0x00,0x00,0x00,0x00,0x00,0x00,0x00,0x00,0x00,0x00,0x00,0x00,
  0x00,0x00,0x00,0x00,0x00,0x00,0x00,0x00,0x00,0x00,0x00,0x00,0x00,0x00,0x00,0x00,
  0x00,0x00,0x00,0x00,0x00,0x00,0x00,0x00,0x00,0x00,0x00,0x00,0x00,0x00,0x00,0x00,
  0x00,0x00,0x00,0x00,0x00,0x00,0x00,0x00,0x00,0x00,0x00,0x00,0x00,0x00,0x00,0x00,
  0x63,0x00,0xa4,0x08,0xa4,0x08,0xa4,0x08,0xc5,0x08,0xc5,0x00,0xdc,0x03,0x5f,0x04,
  0x3f,0x04,0x9f,0x04,0x95,0x02,0xa3,0x08,0xe5,0x08,0x84,0x08,0x00,0x00,0x07,0x00,
  0x00,0x00,0x00,0x00,0x00,0x00,0x00,0x00,0x00,0x00,0x00,0x00,0x00,0x00,0x00,0x00,
  0x00,0x00,0x00,0x00,0x00,0x00,0x00,0x00,0x00,0x00,0x00,0x00,0x00,0x00,0x00,0x00,
  0x00,0x00,0x00,0x00,0x00,0x00,0x00,0x00,0x00,0x00,0x00,0x00,0x00,0x00,0x00,0x00,
  0x00,0x00,0x00,0x00,0x00,0x00,0x00,0x00,0x00,0x00,0x00,0x00,0x00,0x00,0x00,0x00,
  0x07,0x00,0x00,0x00,0xc4,0x08,0x27,0x09,0xc5,0x08,0x93,0x0a,0x3f,0x04,0xde,0x03,
  0x1f,0x04,0x5a,0x03,0xe6,0x00,0xe6,0x08,0xa4,0x08,0xc4,0x08,0xe6,0x08,0xa5,0x00,
  0xe5,0x00,0x63,0x00,0x00,0x00,0x00,0x00,0x00,0x00,0x00,0x00,0x00,0x00,0x00,0x00,
  0x00,0x00,0x00,0x00,0x00,0x00,0x00,0x00,0x00,0x00,0x00,0x00,0x00,0x00,0x00,0x00,
  0x00,0x00,0x00,0x00,0x00,0x00,0x00,0x00,0x00,0x00,0x00,0x00,0x00,0x00,0x00,0x00,
  0x00,0x00,0x00,0x00,0x00,0x00,0x00,0x00,0x00,0x00,0x00,0x00,0x02,0x00,0x42,0x00,
  0x83,0x08,0xc5,0x08,0x83,0x08,0x83,0x08,0x83,0x08,0xc4,0x08,0x9a,0x03,0x1f,0x04,
  0xfe,0x03,0x3f,0x04,0x94,0x02,0xa4,0x08,0xc5,0x08,0x84,0x08,0x00,0x00,0x07,0x00,
  0x00,0x00,0x00,0x00,0x00,0x00,0x00,0x00,0x00,0x00,0x00,0x00,0x00,0x00,0x00,0x00,
  0x00,0x00,0x00,0x00,0x00,0x00,0x00,0x00,0x00,0x00,0x00,0x00,0x00,0x00,0x00,0x00,
  0x00,0x00,0x00,0x00,0x00,0x00,0x00,0x00,0x00,0x00,0x00,0x00,0x00,0x00,0x00,0x00,
  0x00,0x00,0x00,0x00,0x00,0x00,0x00,0x00,0x00,0x00,0x00,0x00,0x00,0x00,0x00,0x00,
  0xe7,0x01,0x00,0x00,0xc4,0x08,0x27,0x09,0xc5,0x08,0xb4,0x0a,0x1f,0x04,0xff,0x03,
  0x1f,0x04,0xde,0x03,0x7a,0x03,0x9b,0x03,0xcd,0x01,0xa4,0x08,0x06,0x09,0xe6,0x08,
  0xe5,0x08,0xc5,0x08,0x63,0x00,0x07,0x00,0x04,0x00,0x07,0x00,0x00,0x00,0x00,0x00,
  0x00,0x00,0x00,0x00,0x00,0x00,0x00,0x00,0x00,0x00,0x00,0x00,0x00,0x00,0x00,0x00,
  0x00,0x00,0x00,0x00,0x00,0x00,0x00,0x00,0x00,0x00,0x00,0x00,0x00,0x00,0x00,0x00,
  0x00,0x00,0x00,0x00,0x00,0x00,0x00,0x00,0x00,0x00,0x42,0x00,0x63,0x00,0x84,0x08,
  0xa5,0x08,0xc5,0x08,0x83,0x08,0xee,0x01,0xdc,0x03,0x9a,0x03,0xff,0x03,0x1f,0x04,
  0xfe,0x03,0x3f,0x04,0x73,0x02,0x83,0x08,0xc5,0x08,0x84,0x08,0x00,0x00,0x07,0x00,
  0x00,0x00,0x00,0x00,0x00,0x00,0x00,0x00,0x00,0x00,0x00,0x00,0x00,0x00,0x00,0x00,
  0x00,0x00,0x00,0x00,0x00,0x00,0x00,0x00,0x00,0x00,0x00,0x00,0x00,0x00,0x00,0x00,
  0x00,0x00,0x00,0x00,0x00,0x00,0x00,0x00,0x00,0x00,0x00,0x00,0x00,0x00,0x00,0x00,
  0x00,0x00,0x00,0x00,0x00,0x00,0x00,0x00,0x00,0x00,0x00,0x00,0x00,0x00,0x00,0x00,
  0xe7,0x01,0x00,0x00,0xc5,0x00,0x27,0x09,0xc4,0x08,0xb4,0x02,0x7f,0x04,0x3f,0x04,
  0x1f,0x04,0x1f,0x04,0x1f,0x04,0x5f,0x04,0x10,0x02,0x63,0x00,0xe5,0x08,0xc5,0x08,
  0xc5,0x08,0xc5,0x08,0x83,0x00,0x00,0x00,0x00,0x00,0x00,0x00,0x00,0x00,0x00,0x00,
  0x00,0x00,0x00,0x00,0x00,0x00,0x00,0x00,0x00,0x00,0x00,0x00,0x00,0x00,0x00,0x00,
  0x00,0x00,0x00,0x00,0x00,0x00,0x00,0x00,0x00,0x00,0x00,0x00,0x00,0x00,0x00,0x00,
  0x00,0x00,0x00,0x00,0x00,0x00,0x00,0x00,0x00,0x00,0x23,0x00,0x84,0x08,0x83,0x08,
  0x83,0x08,0xa4,0x08,0x42,0x08,0x30,0x02,0x5f,0x04,0x1f,0x04,0xff,0x03,0xff,0x03,
  0x3f,0x04,0x7f,0x04,0x53,0x02,0x62,0x08,0xc5,0x08,0xa4,0x08,0x00,0x00,0x07,0x00,
  0x00,0x00,0x00,0x00,0x00,0x00,0x00,0x00,0x00,0x00,0x00,0x00,0x00,0x00,0x00,0x00,
  0x00,0x00,0x00,0x00,0x00,0x00,0x00,0x00,0x00,0x00,0x00,0x00,0x00,0x00,0x00,0x00,
  0x00,0x00,0x00,0x00,0x00,0x00,0x00,0x00,0x00,0x00,0x00,0x00,0x00,0x00,0x00,0x00,
  0x00,0x00,0x00,0x00,0x00,0x00,0x00,0x00,0x00,0x00,0x00,0x00,0x00,0x00,0x00,0x00,
  0xe7,0x01,0x00,0x00,0xe5,0x08,0x27,0x09,0xa4,0x08,0xed,0x01,0x36,0x03,0x79,0x03,
  0x3f,0x04,0x1f,0x04,0x1e,0x04,0x3f,0x04,0x72,0x02,0x49,0x09,0x69,0x09,0xc5,0x00,
  0xc5,0x00,0xa4,0x08,0x83,0x00,0x83,0x08,0x84,0x08,0x83,0x00,0x83,0x00,0x63,0x00,
  0x63,0x00,0x00,0x00,0x00,0x00,0x00,0x00,0x00,0x00,0x00,0x00,0x00,0x00,0x00,0x00,
  0x00,0x00,0x00,0x00,0x00,0x00,0x00,0x00,0x00,0x00,0x00,0x00,0x00,0x00,0x42,0x00,
  0x83,0x00,0x83,0x08,0x63,0x00,0x63,0x00,0x63,0x08,0x63,0x08,0x84,0x08,0x83,0x00,
  0x62,0x00,0x27,0x01,0x08,0x01,0xb3,0x02,0x3f,0x04,0xfe,0x03,0xff,0x03,0x1f,0x04,
  0x79,0x03,0x16,0x03,0xad,0x01,0x62,0x08,0xc5,0x08,0xa4,0x08,0x00,0x00,0x07,0x00,
  0x00,0x00,0x00,0x00,0x00,0x00,0x00,0x00,0x00,0x00,0x00,0x00,0x00,0x00,0x00,0x00,
  0x00,0x00,0x00,0x00,0x00,0x00,0x00,0x00,0x00,0x00,0x00,0x00,0x00,0x00,0x00,0x00,
  0x00,0x00,0x00,0x00,0x00,0x00,0x00,0x00,0x00,0x00,0x00,0x00,0x00,0x00,0x00,0x00,
  0x00,0x00,0x00,0x00,0x00,0x00,0x00,0x00,0x00,0x00,0x00,0x00,0x00,0x00,0x00,0x00,
  0x07,0x00,0x00,0x00,0xa4,0x08,0xe5,0x08,0xe6,0x08,0xe6,0x08,0x83,0x08,0x0e,0x02,
  0x5f,0x04,0xfe,0x03,0x1f,0x04,0x1f,0x04,0x1f,0x04,0x5f,0x04,0x7a,0x03,0xc5,0x00,
  0xc5,0x00,0xc5,0x08,0xc5,0x08,0xc5,0x08,0xc5,0x08,0xc5,0x08,0xa4,0x08,0x84,0x08,
  0x63,0x08,0x00,0x00,0x00,0x00,0x00,0x00,0x00,0x00,0x00,0x00,0x00,0x00,0x00,0x00,
  0x00,0x00,0x00,0x00,0x00,0x00,0x00,0x00,0x00,0x00,0x00,0x00,0x00,0x00,0x63,0x00,
  0x83,0x08,0xa4,0x08,0xa4,0x08,0xa4,0x08,0xa4,0x08,0xa3,0x08,0xa4,0x08,0x84,0x08,
  0x83,0x00,0x59,0x03,0x1f,0x04,0x1f,0x04,0xff,0x03,0xff,0x03,0xde,0x03,0x3f,0x04,
  0xee,0x01,0x42,0x08,0xa4,0x08,0xa4,0x00,0xa4,0x08,0x84,0x08,0x00,0x00,0x07,0x00,
  0x00,0x00,0x00,0x00,0x00,0x00,0x00,0x00,0x00,0x00,0x00,0x00,0x00,0x00,0x00,0x00,
  0x00,0x00,0x00,0x00,0x00,0x00,0x00,0x00,0x00,0x00,0x00,0x00,0x00,0x00,0x00,0x00,
  0x00,0x00,0x00,0x00,0x00,0x00,0x00,0x00,0x00,0x00,0x00,0x00,0x00,0x00,0x00,0x00,
  0x00,0x00,0x00,0x00,0x00,0x00,0x00,0x00,0x00,0x00,0x00,0x00,0x00,0x00,0x00,0x00,
  0x00,0x00,0x00,0x00,0x42,0x00,0x62,0x00,0xe5,0x08,0x07,0x09,0x83,0x08,0x0f,0x02,
  0x7f,0x04,0x1f,0x04,0x1f,0x04,0xff,0x03,0xff,0x03,0x3f,0x04,0x59,0x03,0x83,0x00,
  0xa5,0x00,0x64,0x00,0x43,0x00,0x02,0x00,0x01,0x00,0x01,0x00,0x22,0x00,0x84,0x08,
  0x84,0x08,0x45,0x29,0x00,0x00,0x00,0x00,0x00,0x00,0x00,0x00,0x00,0x00,0x00,0x00,
  0x00,0x00,0x00,0x00,0x00,0x00,0x00,0x00,0x00,0x00,0x02,0x00,0x82,0x10,0x84,0x08,
  0x84,0x08,0x01,0x00,0x01,0x00,0x01,0x00,0x01,0x00,0x01,0x00,0x22,0x00,0x83,0x00,
  0x63,0x00,0x59,0x03,0x1f,0x04,0xff,0x03,0xff,0x03,0xff,0x03,0x1f,0x04,0x7f,0x04,
  0x10,0x02,0x42,0x08,0xc5,0x08,0x83,0x00,0x41,0x00,0x42,0x00,0x00,0x00,0x00,0x00,
  0x00,0x00,0x00,0x00,0x00,0x00,0x00,0x00,0x00,0x00,0x00,0x00,0x00,0x00,0x00,0x00,
  0x00,0x00,0x00,0x00,0x00,0x00,0x00,0x00,0x00,0x00,0x00,0x00,0x00,0x00,0x00,0x00,
  0x00,0x00,0x00,0x00,0x00,0x00,0x00,0x00,0x00,0x00,0x00,0x00,0x00,0x00,0x00,0x00,
  0x00,0x00,0x00,0x00,0x00,0x00,0x00,0x00,0x00,0x00,0x00,0x00,0x00,0x00,0x00,0x00,
  0x00,0x00,0x00,0x00,0x00,0x00,0x00,0x00,0x83,0x00,0xc4,0x08,0xc5,0x08,0x49,0x01,
  0xcd,0x01,0x72,0x02,0x1f,0x04,0xff,0x03,0xff,0x03,0x3f,0x04,0x7a,0x03,0x85,0x00,
  0x06,0x11,0x8f,0x6b,0xb0,0x6b,0x8f,0x6b,0x10,0x7c,0xaf,0x73,0x0c,0x5b,0x63,0x00,
  0x63,0x08,0x83,0x08,0x63,0x00,0x43,0x00,0x43,0x00,0x63,0x00,0x42,0x00,0x42,0x00,
  0x43,0x00,0x63,0x00,0x42,0x00,0x42,0x00,0x43,0x00,0x42,0x00,0x62,0x08,0x63,0x08,
  0xa4,0x08,0x2d,0x63,0x8f,0x73,0xcf,0x73,0xcf,0x73,0xd0,0x73,0x6e,0x63,0xa3,0x08,
  0x62,0x00,0x79,0x03,0x1f,0x04,0xde,0x03,0xff,0x03,0x3f,0x04,0x93,0x02,0xef,0x01,
  0x27,0x01,0x83,0x08,0xa4,0x08,0x42,0x08,0x00,0x08,0x00,0x00,0x00,0x00,0x00,0x00,
  0x00,0x00,0x00,0x00,0x00,0x00,0x00,0x00,0x00,0x00,0x00,0x00,0x00,0x00,0x00,0x00,
  0x00,0x00,0x00,0x00,0x00,0x00,0x00,0x00,0x00,0x00,0x00,0x00,0x00,0x00,0x00,0x00,
  0x00,0x00,0x00,0x00,0x00,0x00,0x00,0x00,0x00,0x00,0x00,0x00,0x00,0x00,0x00,0x00,
  0x00,0x00,0x00,0x00,0x00,0x00,0x00,0x00,0x00,0x00,0x00,0x00,0x00,0x00,0x00,0x00,
  0x00,0x00,0x00,0x00,0x00,0x00,0x00,0x00,0x83,0x00,0xa4,0x08,0xc5,0x08,0xc5,0x08,
  0x63,0x08,0x4a,0x09,0x3f,0x04,0x1f,0x04,0x1f,0x04,0x5f,0x04,0x7c,0x03,0x44,0x00,
  0x26,0x19,0xdf,0xff,0xff,0xff,0xff,0xff,0xff,0xff,0xff,0xff,0xfb,0xde,0x42,0x00,
  0x62,0x00,0x42,0x00,0x63,0x00,0x63,0x00,0x62,0x00,0x62,0x00,0x63,0x00,0x62,0x00,
  0x62,0x00,0x63,0x00,0x62,0x00,0x62,0x00,0x62,0x00,0x63,0x00,0x42,0x00,0x42,0x00,
  0xa3,0x10,0xff,0xff,0xff,0xff,0xff,0xff,0xff,0xff,0xff,0xff,0xff,0xff,0xc4,0x10,
  0x22,0x00,0xba,0x03,0x3f,0x04,0x1f,0x04,0x1f,0x04,0x5f,0x04,0x09,0x01,0x00,0x08,
  0x83,0x08,0xa4,0x08,0x83,0x08,0x42,0x00,0x00,0x00,0x00,0x00,0x00,0x00,0x00,0x00,
  0x00,0x00,0x00,0x00,0x00,0x00,0x00,0x00,0x00,0x00,0x00,0x00,0x00,0x00,0x00,0x00,
  0x00,0x00,0x00,0x00,0x00,0x00,0x00,0x00,0x00,0x00,0x00,0x00,0x00,0x00,0x00,0x00,
  0x00,0x00,0x00,0x00,0x00,0x00,0x00,0x00,0x00,0x00,0x00,0x00,0x00,0x00,0x00,0x00,
  0x00,0x00,0x00,0x00,0x00,0x00,0x00,0x00,0x00,0x00,0x00,0x00,0x00,0x00,0x00,0x00,
  0x00,0x00,0x00,0x00,0x00,0x00,0x00,0x00,0x84,0x08,0xa4,0x08,0x84,0x08,0xa4,0x08,
  0xc5,0x08,0x4a,0x01,0x5a,0x03,0x7b,0x03,0x7a,0x03,0xbc,0x03,0x37,0x0b,0xe5,0x18,
  0x87,0x29,0x5d,0xef,0xdf,0xff,0xdf,0xff,0xdf,0xff,0xdf,0xff,0xba,0xd6,0xc4,0x10,
  0xa3,0x08,0x62,0x08,0x63,0x00,0x63,0x00,0x42,0x00,0x42,0x00,0x62,0x00,0x62,0x00,
  0x62,0x00,0x62,0x00,0x62,0x00,0x62,0x00,0x62,0x00,0x63,0x00,0x62,0x08,0x83,0x08,
  0x05,0x19,0x5d,0xef,0xdf,0xff,0xdf,0xff,0xdf,0xff,0xdf,0xff,0x7d,0xef,0x87,0x29,
  0x05,0x19,0x58,0x0b,0xbd,0x03,0x7a,0x03,0x7b,0x03,0x9c,0x03,0x08,0x01,0x63,0x08,
  0x63,0x00,0x63,0x00,0xa4,0x08,0x63,0x08,0x00,0x00,0x00,0x00,0x00,0x00,0x00,0x00,
  0x00,0x00,0x00,0x00,0x00,0x00,0x00,0x00,0x00,0x00,0x00,0x00,0x00,0x00,0x00,0x00,
  0x00,0x00,0x00,0x00,0x00,0x00,0x00,0x00,0x00,0x00,0x00,0x00,0x00,0x00,0x00,0x00,
  0x00,0x00,0x00,0x00,0x00,0x00,0x00,0x00,0x00,0x00,0x00,0x00,0x00,0x00,0x00,0x00,
  0x00,0x00,0x00,0x00,0x00,0x00,0x00,0x00,0x00,0x00,0x00,0x00,0x00,0x00,0x00,0x00,
  0x00,0x00,0x00,0x00,0x00,0x00,0x00,0x00,0x00,0x00,0x22,0x00,0x21,0x00,0xa4,0x08,
  0xa4,0x08,0xc5,0x08,0xa4,0x08,0x83,0x08,0xa4,0x08,0x21,0x00,0x2c,0x63,0xdf,0xff,
  0x7d,0xef,0xff,0xff,0xff,0xff,0xff,0xff,0xff,0xff,0xff,0xff,0xdf,0xff,0xfb,0xde,
  0x7d,0xef,0x59,0xce,0x42,0x00,0xa3,0x08,0x83,0x08,0x83,0x08,0x83,0x08,0x83,0x08,
  0x83,0x08,0x83,0x08,0x83,0x08,0x83,0x08,0x83,0x08,0x21,0x00,0x38,0xc6,0x5d,0xe7,
  0xfb,0xde,0xdf,0xff,0xff,0xff,0xff,0xff,0xff,0xff,0xff,0xff,0xff,0xff,0x7d,0xef,
  0xbe,0xf7,0x2d,0x63,0x21,0x00,0xa5,0x08,0x63,0x00,0x63,0x08,0x83,0x00,0x83,0x08,
  0x62,0x00,0x01,0x00,0x44,0x08,0x04,0x00,0x00,0x00,0x00,0x00,0x00,0x00,0x00,0x00,
  0x00,0x00,0x00,0x00,0x00,0x00,0x00,0x00,0x00,0x00,0x00,0x00,0x00,0x00,0x00,0x00,
  0x00,0x00,0x00,0x00,0x00,0x00,0x00,0x00,0x00,0x00,0x00,0x00,0x00,0x00,0x00,0x00,
  0x00,0x00,0x00,0x00,0x00,0x00,0x00,0x00,0x00,0x00,0x00,0x00,0x00,0x00,0x00,0x00,
  0x00,0x00,0x00,0x00,0x00,0x00,0x00,0x00,0x00,0x00,0x00,0x00,0x00,0x00,0x00,0x00,
  0x00,0x00,0x00,0x00,0x00,0x00,0x00,0x00,0x00,0x00,0x00,0x00,0x00,0x00,0x84,0x08,
  0xa4,0x08,0x63,0x00,0x00,0x00,0x01,0x00,0x01,0x00,0x00,0x00,0xab,0x52,0xff,0xff,
  0xff,0xff,0xff,0xff,0xff,0xff,0xff,0xff,0xff,0xff,0xff,0xff,0xff,0xff,0xff,0xff,
  0xff,0xff,0x9a,0xd6,0x00,0x00,0x00,0x00,0x01,0x00,0x01,0x00,0x00,0x00,0x00,0x00,
  0x01,0x00,0x01,0x00,0x01,0x00,0x01,0x00,0x00,0x00,0x00,0x00,0x9a,0xd6,0xff,0xff,
  0xff,0xff,0xff,0xff,0xff,0xff,0xff,0xff,0xff,0xff,0xff,0xff,0xff,0xff,0xff,0xff,
  0xff,0xff,0xec,0x5a,0x00,0x00,0x01,0x00,0x00,0x00,0x00,0x00,0x42,0x00,0x63,0x00,
  0x63,0x00,0x00,0x00,0x00,0x00,0x00,0x00,0x00,0x00,0x00,0x00,0x00,0x00,0x00,0x00,
  0x00,0x00,0x00,0x00,0x00,0x00,0x00,0x00,0x00,0x00,0x00,0x00,0x07,0x00,0x07,0x00,
  0x07,0x00,0x07,0x00,0x07,0x00,0x07,0x00,0x07,0x00,0x07,0x00,0x07,0x00,0x07,0x00,
  0x07,0x00,0x00,0x00,0x00,0x00,0x07,0x00,0x00,0x00,0x00,0x00,0x00,0x00,0x00,0x00,
  0x00,0x00,0x00,0x00,0x00,0x00,0x00,0x00,0x00,0x00,0x00,0x00,0x00,0x00,0x00,0x00,
  0x00,0x00,0x00,0x00,0x00,0x00,0x00,0x00,0x63,0x00,0x84,0x08,0x63,0x00,0x83,0x08,
  0x63,0x00,0xe4,0x18,0xb3,0x94,0x93,0x8c,0xb3,0x8c,0x55,0xad,0xf7,0xbd,0xff,0xff,
  0xdf,0xff,0xff,0xff,0xff,0xff,0xff,0xff,0xff,0xff,0xff,0xff,0xff,0xff,0xdf,0xff,
  0xff,0xff,0x5d,0xef,0x72,0x8c,0xb3,0x94,0xb3,0x94,0x72,0x8c,0x72,0x8c,0xf4,0x9c,
  0xd3,0x9c,0x72,0x8c,0x72,0x8c,0xb3,0x94,0xd3,0x9c,0x72,0x8c,0x5d,0xef,0xff,0xff,
  0xdf,0xff,0xff,0xff,0xff,0xff,0xff,0xff,0xff,0xff,0xff,0xff,0xff,0xff,0xdf,0xff,
  0xff,0xff,0x18,0xbe,0x55,0xa5,0x92,0x8c,0x52,0x8c,0xd3,0x9c,0x05,0x19,0x42,0x00,
  0x63,0x08,0x63,0x00,0x63,0x00,0x42,0x08,0x00,0x00,0x00,0x00,0x00,0x00,0x00,0x00,
  0x00,0x00,0x00,0x00,0x00,0x00,0x00,0x00,0x00,0x00,0x00,0x00,0x00,0x00,0x00,0x00,
  0x00,0x00,0x00,0x00,0x00,0x00,0x00,0x00,0x00,0x00,0x00,0x00,0x00,0x00,0x00,0x00,
  0x00,0x00,0x00,0x00,0x00,0x00,0x00,0x00,0x00,0x00,0x00,0x00,0x00,0x00,0x00,0x00,
  0x00,0x00,0x00,0x00,0x00,0x00,0x00,0x00,0x00,0x00,0x00,0x00,0x00,0x00,0x00,0x00,
  0x00,0x00,0x00,0x00,0x03,0x00,0x00,0x00,0x63,0x00,0x83,0x08,0x83,0x08,0x62,0x00,
  0x01,0x00,0x66,0x21,0xff,0xff,0xff,0xff,0xff,0xff,0xff,0xff,0xff,0xff,0xdf,0xff,
  0xdf,0xff,0xff,0xff,0xdf,0xff,0xdf,0xff,0xff,0xff,0xdf,0xff,0xdf,0xff,0xff,0xff,
  0xff,0xff,0xff,0xff,0xff,0xff,0xff,0xff,0xff,0xff,0xff,0xff,0xff,0xff,0xff,0xff,
  0xff,0xff,0xff,0xff,0xff,0xff,0xff,0xff,0xff,0xff,0xff,0xff,0xff,0xff,0xff,0xff,
  0xff,0xff,0xdf,0xff,0xdf,0xff,0xdf,0xff,0xdf,0xff,0xdf,0xff,0xff,0xff,0xdf,0xff,
  0xdf,0xff,0xff,0xff,0xff,0xff,0xff,0xff,0xff,0xff,0xff,0xff,0xe8,0x39,0x00,0x00,
  0x42,0x00,0x83,0x08,0x83,0x08,0x42,0x08,0x00,0x00,0x00,0x00,0x00,0x00,0x00,0x00,
  0x00,0x00,0x00,0x00,0x00,0x00,0x00,0x00,0x00,0x00,0x63,0x00,0xa4,0x08,0xa4,0x08,
  0xa4,0x00,0xa4,0x00,0xa4,0x08,0x83,0x08,0x83,0x08,0xa4,0x08,0xa4,0x00,0xa4,0x08,
  0x84,0x08,0x63,0x00,0x83,0x00,0x83,0x08,0x82,0x00,0x00,0x00,0x00,0x00,0x00,0x00,
  0x00,0x00,0x00,0x00,0x00,0x00,0x00,0x00,0x00,0x00,0x00,0x00,0x00,0x00,0x00,0x00,
  0x00,0x00,0x00,0x00,0x00,0x00,0x00,0x00,0x83,0x08,0x83,0x08,0x62,0x00,0x25,0x21,
  0x66,0x29,0xab,0x4a,0xdf,0xff,0xdf,0xff,0xdf,0xff,0xff,0xff,0xff,0xff,0xff,0xff,
  0xff,0xff,0xff,0xff,0xff,0xff,0xff,0xff,0xff,0xff,0xff,0xff,0xff,0xff,0xff,0xff,
  0xff,0xff,0xff,0xff,0xdf,0xff,0xdf,0xff,0xdf,0xff,0xdf,0xff,0xdf,0xff,0xdf,0xff,
  0xdf,0xff,0xdf,0xff,0xdf,0xff,0xdf,0xff,0xff,0xff,0xdf,0xff,0xff,0xff,0xff,0xff,
  0xff,0xff,0xff,0xff,0xff,0xff,0xff,0xff,0xff,0xff,0xff,0xff,0xff,0xff,0xff,0xff,
  0xff,0xff,0xff,0xff,0xff,0xff,0xdf,0xff,0xdf,0xff,0xff,0xff,0x0d,0x63,0x88,0x29,
  0x46,0x21,0x42,0x00,0x63,0x00,0x43,0x00,0x00,0x00,0x00,0x00,0x00,0x00,0x00,0x00,
  0x00,0x00,0x00,0x00,0x00,0x00,0x00,0x00,0x00,0x00,0x83,0x00,0xa4,0x08,0xc5,0x08,
  0xa4,0x08,0xa4,0x08,0xa4,0x08,0xa4,0x08,0xa4,0x08,0xc5,0x08,0xa4,0x08,0xa4,0x08,
  0xa4,0x08,0xa4,0x08,0xa4,0x08,0xa4,0x08,0x42,0x00,0x00,0x00,0x00,0x00,0x00,0x00,
  0x00,0x00,0x00,0x00,0x00,0x00,0x00,0x00,0x00,0x00,0x00,0x00,0x00,0x00,0x00,0x00,
  0x00,0x00,0x63,0x00,0x84,0x00,0x62,0x00,0x83,0x08,0xa4,0x08,0x21,0x00,0x38,0xc6,
  0xff,0xff,0xdf,0xff,0xff,0xff,0xdf,0xff,0xdf,0xff,0xbb,0xd6,0x8e,0x6b,0xcf,0x73,
  0xf0,0x7b,0xcf,0x73,0xcf,0x73,0xf0,0x7b,0xaf,0x73,0xaf,0x73,0x10,0x7c,0x3c,0xe7,
  0xdf,0xff,0xdf,0xff,0xff,0xff,0xff,0xff,0xff,0xff,0xff,0xff,0xff,0xff,0xff,0xff,
  0xff,0xff,0xff,0xff,0xff,0xff,0xff,0xff,0xff,0xff,0xff,0xff,0xdf,0xff,0xdf,0xff,
  0x1c,0xe7,0xef,0x7b,0xcf,0x73,0xef,0x7b,0xf0,0x7b,0xcf,0x73,0xaf,0x73,0xcf,0x7b,
  0xf0,0x7b,0x30,0x84,0x5d,0xef,0xdf,0xff,0xdf,0xff,0xff,0xff,0xdf,0xff,0xff,0xff,
  0x38,0xc6,0x21,0x00,0xa3,0x08,0x83,0x00,0x63,0x00,0x42,0x00,0x61,0x00,0x00,0x00,
  0x00,0x00,0x00,0x00,0x00,0x00,0x06,0x00,0x00,0x00,0xa4,0x08,0x83,0x08,0x41,0x08,
  0x62,0x08,0x62,0x00,0x42,0x00,0x62,0x00,0x62,0x00,0x42,0x08,0x42,0x08,0x41,0x00,
  0x62,0x00,0xa4,0x08,0xa4,0x08,0x83,0x08,0x62,0x00,0x00,0x00,0x00,0x00,0x00,0x00,
  0x00,0x00,0x00,0x00,0x00,0x00,0x00,0x00,0x00,0x00,0x00,0x00,0x00,0x00,0x00,0x00,
  0x00,0x00,0x63,0x08,0xa4,0x08,0x84,0x08,0x42,0x00,0x01,0x00,0x00,0x00,0x59,0xc6,
  0xff,0xff,0xff,0xff,0xff,0xff,0xff,0xff,0xff,0xff,0xdb,0xde,0x00,0x00,0x01,0x00,
  0x00,0x00,0x00,0x00,0x00,0x00,0x00,0x00,0x00,0x00,0x00,0x00,0x00,0x00,0x3c,0xe7,
  0xff,0xff,0xff,0xff,0xff,0xff,0xff,0xff,0xff,0xff,0xff,0xff,0xff,0xff,0xff,0xff,
  0xff,0xff,0xff,0xff,0xff,0xff,0xff,0xff,0xff,0xff,0xff,0xff,0xff,0xff,0xff,0xff,
  0x3c,0xe7,0x00,0x00,0x00,0x00,0x00,0x00,0x00,0x00,0x00,0x00,0x00,0x00,0x00,0x00,
  0x00,0x00,0x00,0x00,0x3c,0xe7,0xff,0xff,0xff,0xff,0xff,0xff,0xff,0xff,0xff,0xff,
  0xf8,0xbd,0x00,0x00,0x01,0x00,0x42,0x00,0x83,0x08,0x62,0x00,0x22,0x00,0x00,0x00,
  0x42,0x00,0x63,0x08,0x83,0x00,0x83,0x08,0x84,0x08,0x83,0x08,0x49,0x01,0xb4,0x02,
  0xb4,0x02,0xd4,0x02,0xd4,0x02,0xb5,0x02,0xd5,0x02,0xd5,0x02,0x37,0x03,0xf6,0x02,
  0xd5,0x0a,0x07,0x09,0x83,0x08,0xa4,0x08,0x83,0x00,0x00,0x00,0x00,0x00,0x00,0x00,
  0x00,0x00,0x00,0x00,0x00,0x00,0x00,0x00,0x00,0x00,0x00,0x00,0x00,0x00,0x00,0x00,
  0x00,0x00,0x63,0x08,0xa4,0x08,0x42,0x00,0xa7,0x31,0xcf,0x73,0x6e,0x6b,0xfb,0xde,
  0xff,0xff,0xdf,0xff,0xff,0xff,0x1c,0xe7,0xb6,0xb5,0x14,0xa5,0x41,0x00,0x62,0x08,
  0x62,0x00,0x42,0x00,0x62,0x00,0x42,0x00,0x42,0x00,0x62,0x00,0x63,0x08,0x55,0xad,
  0x96,0xad,0x55,0xad,0xdf,0xff,0xdf,0xff,0xff,0xff,0xff,0xff,0xff,0xff,0xff,0xff,
  0xff,0xff,0xff,0xff,0xff,0xff,0xff,0xff,0xdf,0xff,0xbf,0xff,0x76,0xad,0x35,0xa5,
  0x92,0x94,0x63,0x08,0x42,0x00,0x42,0x00,0x62,0x00,0x42,0x00,0x42,0x00,0x62,0x00,
  0x62,0x08,0x21,0x00,0xcf,0x73,0x96,0xb5,0xfb,0xde,0xff,0xff,0xdf,0xff,0xff,0xff,
  0x9a,0xd6,0x2d,0x63,0xcf,0x73,0x66,0x21,0x42,0x00,0x63,0x00,0x22,0x00,0x00,0x00,
  0x83,0x00,0xa4,0x08,0x83,0x08,0x63,0x08,0x84,0x08,0x21,0x08,0xac,0x01,0x9f,0x04,
  0x1f,0x04,0x3f,0x04,0x5f,0x04,0x3f,0x04,0x3f,0x04,0x5f,0x04,0x7f,0x04,0x5f,0x04,
  0x3f,0x04,0x28,0x01,0x83,0x08,0xa4,0x08,0x62,0x00,0x00,0x00,0x00,0x00,0x00,0x00,
  0x00,0x00,0x00,0x00,0x00,0x00,0x00,0x00,0x00,0x00,0x00,0x00,0x83,0x08,0xa4,0x08,
  0x83,0x00,0x63,0x08,0xa4,0x08,0x00,0x00,0x30,0x84,0xff,0xff,0xff,0xff,0xff,0xff,
  0xff,0xff,0xff,0xff,0xff,0xff,0xf3,0x9c,0x00,0x00,0x01,0x00,0x21,0x00,0x42,0x00,
  0x42,0x00,0x42,0x00,0x42,0x00,0x42,0x00,0x42,0x00,0x41,0x00,0x41,0x00,0x00,0x00,
  0x00,0x00,0x62,0x08,0xdf,0xff,0xff,0xff,0xff,0xff,0xff,0xff,0xff,0xff,0xff,0xff,
  0xff,0xff,0xff,0xff,0xff,0xff,0xff,0xff,0xff,0xff,0xff,0xff,0x82,0x08,0x00,0x00,
  0x00,0x00,0x21,0x00,0x42,0x00,0x21,0x00,0x42,0x00,0x42,0x00,0x42,0x00,0x42,0x00,
  0x21,0x00,0x41,0x00,0x21,0x00,0x00,0x00,0x34,0xa5,0xff,0xff,0xff,0xff,0xff,0xff,
  0xff,0xff,0xff,0xff,0xff,0xff,0xf0,0x7b,0x00,0x00,0x83,0x08,0x63,0x00,0x83,0x08,
  0x62,0x00,0xa4,0x08,0xe6,0x08,0xc5,0x00,0xe6,0x00,0xa4,0x00,0x0e,0x02,0x3f,0x04,
  0xfe,0x03,0xff,0x03,0xff,0x03,0xff,0x03,0xff,0x03,0x1f,0x04,0x1f,0x04,0x1f,0x04,
  0xff,0x03,0x28,0x01,0x83,0x08,0xa4,0x08,0x62,0x00,0x00,0x00,0x00,0x00,0x00,0x00,
  0x00,0x00,0x00,0x00,0x00,0x00,0x00,0x00,0x03,0x00,0x1f,0x00,0x83,0x00,0xc5,0x08,
  0xa4,0x08,0x83,0x08,0x83,0x08,0x01,0x00,0xaf,0x73,0xdf,0xff,0xdf,0xff,0xdf,0xff,
  0xff,0xff,0xfb,0xde,0x79,0xce,0x6e,0x6b,0x21,0x00,0x62,0x08,0x21,0x00,0x21,0x00,
  0x21,0x00,0x21,0x00,0x21,0x00,0x21,0x00,0x21,0x00,0x21,0x00,0x21,0x00,0x62,0x00,
  0x42,0x00,0xa3,0x10,0x7d,0xef,0xf7,0xbd,0xbe,0xf7,0xff,0xff,0xff,0xff,0xff,0xff,
  0xff,0xff,0xff,0xff,0xff,0xff,0x7d,0xef,0xf7,0xbd,0xbb,0xd6,0xc4,0x10,0x21,0x00,
  0x42,0x00,0x21,0x00,0x21,0x00,0x21,0x00,0x21,0x00,0x21,0x00,0x21,0x00,0x21,0x00,
  0x21,0x00,0x42,0x00,0x62,0x00,0x21,0x00,0x4d,0x63,0xf7,0xbd,0x1c,0xe7,0xff,0xff,
  0xdf,0xff,0xdf,0xff,0xff,0xff,0xaf,0x73,0x00,0x00,0x83,0x08,0x63,0x08,0x63,0x00,
  0x41,0x00,0x8b,0x01,0x1e,0x04,0xdd,0x03,0xbd,0x03,0xfd,0x03,0x1e,0x04,0xff,0x03,
  0x1f,0x04,0xff,0x03,0xff,0x03,0xff,0x03,0x1f,0x04,0x1f,0x04,0x1f,0x04,0x1f,0x04,
  0xff,0x03,0x29,0x09,0x83,0x08,0x84,0x00,0x83,0x08,0x00,0x00,0x00,0x00,0x00,0x00,
  0x00,0x00,0x00,0x00,0x00,0x00,0x00,0x00,0x00,0x00,0x00,0x00,0x83,0x00,0xa4,0x08,
  0xa4,0x08,0x83,0x08,0x83,0x08,0x02,0x00,0xaf,0x73,0xff,0xff,0xdf,0xff,0xff,0xff,
  0xff,0xff,0x92,0x94,0x00,0x00,0x21,0x00,0x42,0x00,0x42,0x00,0x42,0x00,0x63,0x00,
  0x84,0x00,0x84,0x00,0x84,0x00,0x84,0x00,0x83,0x00,0x63,0x00,0x42,0x00,0x21,0x00,
  0x42,0x00,0x42,0x00,0x00,0x00,0x62,0x00,0x9e,0xf7,0xff,0xff,0xff,0xff,0xff,0xff,
  0xff,0xff,0xff,0xff,0xff,0xff,0xdb,0xde,0x00,0x00,0x00,0x00,0x42,0x00,0x21,0x00,
  0x21,0x00,0x42,0x00,0x63,0x00,0x84,0x00,0x84,0x00,0x84,0x00,0x84,0x00,0x63,0x00,
  0xa4,0x00,0x63,0x00,0x42,0x00,0x41,0x00,0x22,0x00,0x00,0x00,0x30,0x84,0xff,0xff,
  0xff,0xff,0xdf,0xff,0xff,0xff,0x8f,0x73,0x00,0x00,0x83,0x08,0x63,0x00,0x83,0x08,
  0x00,0x08,0x49,0x01,0x3f,0x04,0xff,0x03,0x1f,0x04,0x1f,0x04,0x3f,0x04,0x1f,0x04,
  0x1f,0x04,0x1f,0x04,0x1f,0x04,0x1f,0x04,0x3f,0x04,0x3f,0x04,0x3f,0x04,0x3f,0x04,
  0x3f,0x04,0x4a,0x09,0x83,0x08,0xa4,0x08,0x62,0x00,0x00,0x00,0x00,0x00,0x00,0x00,
  0x00,0x00,0x00,0x00,0x00,0x00,0x63,0x00,0x83,0x00,0xa4,0x08,0xa4,0x08,0x83,0x08,
  0x83,0x08,0x83,0x08,0x84,0x08,0x02,0x00,0xaf,0x6b,0xff,0xff,0xdf,0xff,0x3c,0xe7,
  0x5c,0xe7,0x51,0x84,0x20,0x00,0x62,0x00,0x42,0x00,0x00,0x00,0x28,0x01,0x1e,0x04,
  0xfe,0x03,0x3f,0x04,0xfd,0x03,0xbc,0x03,0x1f,0x04,0xcd,0x01,0x00,0x00,0x42,0x00,
  0x41,0x00,0x41,0x00,0x42,0x00,0xc3,0x10,0xdb,0xde,0xbe,0xf7,0xdf,0xff,0xff,0xff,
  0xff,0xff,0xbe,0xf7,0x1c,0xe7,0x18,0xbe,0x42,0x00,0x42,0x00,0x21,0x00,0x21,0x00,
  0x42,0x00,0x00,0x00,0x0e,0x02,0x5f,0x04,0xdc,0x03,0xfd,0x0b,0xdd,0x03,0xbd,0x03,
  0xde,0x03,0xe7,0x00,0x00,0x00,0x42,0x00,0x62,0x00,0x21,0x00,0x6e,0x6b,0xbe,0xf7,
  0x7d,0xef,0xdf,0xff,0xff,0xff,0x4e,0x63,0x01,0x00,0x83,0x08,0x62,0x00,0xe6,0x00,
  0x51,0x02,0xd5,0x02,0x1f,0x04,0xff,0x03,0x1f,0x04,0xff,0x03,0x9b,0x03,0x9b,0x03,
  0x9b,0x03,0xbc,0x03,0x7b,0x03,0x9b,0x03,0x7b,0x03,0x9b,0x03,0xdb,0x03,0x72,0x02,
  0x6a,0x01,0xc5,0x00,0x83,0x08,0x84,0x08,0x62,0x00,0x00,0x00,0x00,0x00,0x00,0x00,
  0x00,0x00,0x00,0x00,0x00,0x00,0xa5,0x00,0xe5,0x08,0xe5,0x08,0x27,0x09,0xe6,0x08,
  0xc5,0x00,0xc5,0x08,0xa4,0x08,0x02,0x00,0x8f,0x6b,0xff,0xff,0xff,0xff,0xcb,0x5a,
  0x00,0x00,0x42,0x00,0x21,0x00,0x42,0x00,0x42,0x00,0xce,0x01,0xf7,0x02,0x1f,0x04,
  0xff,0x03,0xff,0x03,0x1f,0x04,0xff,0x03,0x1f,0x04,0x39,0x03,0x30,0x02,0x42,0x00,
  0x42,0x00,0x21,0x00,0x41,0x00,0x42,0x00,0x21,0x00,0xc3,0x10,0x5d,0xef,0xff,0xff,
  0xff,0xff,0x1c,0xe7,0xa3,0x10,0x21,0x00,0x42,0x00,0x21,0x00,0x21,0x00,0x21,0x00,
  0x83,0x00,0x72,0x02,0x39,0x03,0x1f,0x04,0xff,0x03,0xff,0x03,0x1f,0x04,0xff,0x03,
  0xff,0x03,0xd6,0x02,0xef,0x09,0x63,0x00,0x42,0x00,0x21,0x00,0x62,0x08,0x00,0x00,
  0xaf,0x73,0xff,0xff,0xff,0xff,0x4e,0x63,0x01,0x00,0x83,0x08,0x20,0x00,0xe7,0x00,
  0x3f,0x04,0x3f,0x04,0xff,0x03,0x1f,0x04,0x3f,0x04,0x9b,0x03,0x63,0x00,0xa4,0x00,
  0x84,0x00,0x83,0x00,0x84,0x00,0x84,0x00,0x83,0x00,0x84,0x00,0xa4,0x00,0x83,0x08,
  0x42,0x08,0x42,0x00,0x00,0x00,0x00,0x00,0x00,0x00,0x00,0x00,0x00,0x00,0x00,0x00,
  0x00,0x00,0x0a,0x00,0x00,0x00,0xe6,0x08,0x06,0x09,0xa3,0x08,0xcc,0x01,0xfe,0x03,
  0xdf,0x03,0x31,0x02,0x83,0x08,0x01,0x00,0x8f,0x6b,0xff,0xff,0xff,0xff,0xcb,0x5a,
  0x00,0x00,0x41,0x00,0x21,0x00,0x00,0x00,0x00,0x00,0x1b,0x2c,0x7f,0x3d,0x1f,0x3d,
  0xff,0x3c,0xff,0x3c,0x1f,0x04,0xff,0x03,0xff,0x03,0x3f,0x04,0xdf,0x03,0x20,0x00,
  0x01,0x00,0x42,0x00,0x21,0x00,0x42,0x00,0x21,0x00,0x82,0x10,0xdf,0xff,0xff,0xff,
  0xff,0xff,0xbe,0xf7,0xc3,0x10,0x01,0x00,0x42,0x00,0x21,0x00,0x42,0x00,0x00,0x00,
  0x62,0x08,0x3f,0x45,0x3f,0x3d,0xff,0x3c,0xff,0x3c,0xbe,0x34,0x1f,0x04,0xff,0x03,
  0xff,0x03,0x3f,0x04,0x7b,0x0b,0x00,0x00,0x21,0x00,0x42,0x00,0x42,0x00,0x00,0x00,
  0xec,0x5a,0xff,0xff,0xff,0xff,0x6e,0x63,0x01,0x00,0xa4,0x08,0xef,0x01,0x73,0x02,
  0xdf,0x03,0xff,0x03,0x1f,0x04,0xff,0x03,0x1f,0x04,0x5a,0x03,0x00,0x00,0x21,0x00,
  0x21,0x00,0x21,0x08,0x21,0x08,0x21,0x00,0x41,0x08,0x83,0x08,0x63,0x00,0x84,0x08,
  0xa5,0x08,0x83,0x08,0x00,0x00,0x03,0x00,0x00,0x00,0x00,0x00,0x00,0x00,0x00,0x00,
  0x00,0x00,0x00,0x00,0x00,0x00,0xc5,0x08,0xe6,0x08,0xc4,0x08,0xab,0x01,0x3f,0x04,
  0x5f,0x04,0x52,0x02,0x62,0x08,0x01,0x00,0xcf,0x73,0xff,0xff,0xff,0xff,0x8b,0x52,
  0x00,0x00,0x42,0x00,0x00,0x00,0xb3,0x02,0x9a,0x03,0xfd,0xc6,0xff,0xff,0xff,0xff,
  0xff,0xff,0xff,0xff,0x9f,0x24,0xff,0x03,0x1f,0x04,0x1f,0x04,0xdd,0x03,0x16,0x03,
  0x0f,0x02,0x01,0x00,0x42,0x00,0x21,0x00,0x21,0x00,0x42,0x00,0x0c,0x63,0x8e,0x6b,
  0x8e,0x73,0x0c,0x63,0x63,0x08,0x21,0x00,0x21,0x00,0x42,0x00,0x21,0x00,0x30,0x02,
  0x57,0x0b,0x7e,0xe7,0xff,0xff,0xff,0xff,0xff,0xff,0x9f,0xdf,0x3f,0x0c,0xff,0x03,
  0x1f,0x04,0x1f,0x04,0xbd,0x03,0x39,0x03,0x8c,0x01,0x01,0x00,0x62,0x00,0x00,0x00,
  0x0c,0x5b,0xff,0xff,0xff,0xff,0xaf,0x73,0x00,0x00,0x07,0x01,0x3f,0x04,0x3f,0x04,
  0xff,0x03,0x1f,0x04,0x1f,0x04,0x1f,0x04,0x1f,0x04,0xde,0x03,0x57,0x03,0x36,0x03,
  0x15,0x0b,0xd3,0x0a,0x16,0x03,0x16,0x03,0xb4,0x0a,0xc5,0x00,0x63,0x00,0x83,0x08,
  0x83,0x08,0x83,0x08,0x00,0x00,0x00,0x00,0x00,0x00,0x00,0x00,0x00,0x00,0x00,0x00,
  0x00,0x00,0x00,0x00,0x00,0x00,0xe5,0x00,0x06,0x09,0xa4,0x08,0xed,0x01,0x5f,0x04,
  0x3f,0x04,0x31,0x02,0x41,0x08,0x01,0x00,0x8e,0x6b,0xff,0xff,0xff,0xff,0x8b,0x52,
  0x00,0x00,0x62,0x00,0x00,0x00,0x51,0x02,0x5f,0x04,0xff,0xbe,0xff,0xff,0xdf,0xff,
  0xff,0xff,0xdf,0xf7,0xbf,0x24,0xff,0x03,0x1f,0x04,0x1f,0x04,0xff,0x03,0x7f,0x04,
  0x59,0x03,0x00,0x00,0x42,0x00,0x21,0x00,0x42,0x00,0x42,0x00,0x00,0x00,0x00,0x00,
  0x00,0x00,0x00,0x00,0x22,0x00,0x21,0x00,0x21,0x00,0x42,0x00,0x00,0x00,0x7a,0x03,
  0xbf,0x0c,0x5f,0xdf,0xff,0xff,0xdf,0xff,0xff,0xff,0x7f,0xdf,0x3f,0x0c,0x1f,0x04,
  0x1f,0x04,0xff,0x03,0xff,0x03,0x5f,0x04,0x32,0x02,0x00,0x00,0x62,0x00,0x00,0x00,
  0xab,0x52,0xff,0xff,0xff,0xff,0x8f,0x6b,0x00,0x00,0x28,0x01,0x3f,0x04,0x1f,0x04,
  0x1f,0x04,0xff,0x03,0x1f,0x04,0x1f,0x04,0x1f,0x04,0x1f,0x04,0x5f,0x04,0x5f,0x04,
  0x5f,0x04,0x5f,0x04,0x5f,0x04,0x3f,0x04,0x1f,0x04,0x07,0x01,0x83,0x08,0x83,0x00,
  0x00,0x00,0x00,0x00,0x00,0x00,0x00,0x00,0x00,0x00,0x00,0x00,0x00,0x00,0x00,0x00,
  0x00,0x00,0x00,0x00,0x00,0x00,0xe5,0x08,0x06,0x09,0xc4,0x08,0x0e,0x02,0x3f,0x04,
  0x3f,0x04,0x51,0x02,0x41,0x08,0x01,0x00,0x8e,0x6b,0xff,0xff,0xff,0xff,0xcb,0x5a,
  0x00,0x00,0x62,0x00,0x00,0x00,0x30,0x02,0x1f,0x04,0xbf,0xb6,0xff,0xff,0xdf,0xf7,
  0xff,0xff,0xbf,0xf7,0x9e,0x24,0xff,0x03,0x1f,0x04,0x1f,0x04,0x1f,0x04,0x3f,0x04,
  0x37,0x03,0x00,0x00,0x41,0x00,0x21,0x00,0x42,0x00,0x21,0x00,0x42,0x00,0x42,0x00,
  0x42,0x00,0x42,0x00,0x21,0x00,0x42,0x00,0x41,0x00,0x42,0x00,0x00,0x00,0x18,0x03,
  0x7f,0x14,0x7f,0xdf,0xff,0xff,0xdf,0xf7,0xff,0xff,0x7f,0xdf,0x3f,0x0c,0xff,0x03,
  0x1f,0x04,0xff,0x03,0xfe,0x03,0x3f,0x04,0x52,0x02,0x00,0x00,0x62,0x00,0x00,0x00,
  0xcc,0x5a,0xff,0xff,0xff,0xff,0x8f,0x6b,0x00,0x00,0x28,0x09,0x3f,0x04,0xff,0x03,
  0xff,0x03,0x1f,0x04,0x1f,0x04,0x1f,0x04,0x1f,0x04,0x1f,0x04,0x1f,0x04,0xff,0x03,
  0xff,0x03,0xff,0x03,0xff,0x03,0x1f,0x04,0xde,0x03,0xc6,0x00,0x83,0x08,0x63,0x00,
  0x07,0x00,0x00,0x00,0x00,0x00,0x00,0x00,0x00,0x00,0x00,0x00,0x00,0x00,0x00,0x00,
  0x00,0x00,0x00,0x00,0x00,0x00,0xc5,0x08,0x06,0x09,0xc5,0x08,0xed,0x01,0x5f,0x04,
  0x3f,0x04,0x31,0x02,0x42,0x08,0x02,0x00,0xaf,0x73,0xff,0xff,0xff,0xff,0xec,0x5a,
  0x00,0x00,0x62,0x00,0x00,0x00,0x50,0x0a,0x7f,0x04,0x3f,0xc7,0xff,0xff,0xff,0xff,
  0xff,0xff,0xdf,0xff,0x5e,0x24,0xff,0x03,0x1f,0x04,0x1f,0x04,0xff,0x03,0x3f,0x04,
  0xf7,0x02,0x00,0x00,0x42,0x00,0x41,0x00,0x21,0x00,0x21,0x00,0x21,0x00,0x21,0x00,
  0x21,0x00,0x41,0x00,0x21,0x00,0x41,0x00,0x41,0x00,0x42,0x00,0x00,0x00,0xf7,0x02,
  0x5f,0x0c,0xbf,0xef,0xff,0xff,0xff,0xff,0xff,0xff,0x9f,0xef,0x1f,0x0c,0xff,0x03,
  0xff,0x03,0xff,0x03,0xff,0x03,0x3f,0x04,0x72,0x02,0x00,0x00,0x62,0x00,0x00,0x00,
  0x0c,0x5b,0xff,0xff,0xff,0xff,0x4e,0x63,0x00,0x00,0x28,0x09,0x1f,0x04,0xff,0x03,
  0xff,0x03,0xff,0x03,0x1f,0x04,0x1f,0x04,0xff,0x03,0x1f,0x04,0x1f,0x04,0x1f,0x04,
  0x1f,0x04,0xff,0x03,0xff,0x03,0xbc,0x03,0x5a,0x03,0xc5,0x00,0x83,0x00,0x63,0x00,
  0x00,0x00,0x00,0x00,0x00,0x00,0x00,0x00,0x00,0x00,0x00,0x00,0x00,0x00,0x00,0x00,
  0x00,0x00,0x0a,0x00,0x00,0x00,0xc5,0x00,0x06,0x09,0xc4,0x08,0xac,0x01,0x5f,0x04,
  0x5f,0x04,0x31,0x02,0x41,0x08,0x22,0x00,0xcf,0x73,0xff,0xff,0xff,0xff,0xeb,0x5a,
  0x00,0x00,0x62,0x00,0x00,0x00,0x51,0x02,0x7f,0x04,0xff,0x7d,0xbf,0xae,0x9f,0xa6,
  0x9f,0xa6,0x7f,0x9e,0x3f,0x14,0xff,0x03,0x1f,0x04,0x1f,0x04,0xff,0x03,0x3f,0x04,
  0x17,0x03,0x00,0x00,0x42,0x00,0x21,0x00,0x21,0x00,0x41,0x00,0x41,0x00,0x21,0x00,
  0x41,0x00,0x42,0x00,0x41,0x00,0x21,0x00,0x42,0x00,0x42,0x00,0x00,0x00,0x38,0x03,
  0x3f,0x04,0x3e,0x8e,0xbf,0xae,0x9f,0xa6,0xbf,0xae,0x5f,0x8e,0x1f,0x04,0xff,0x03,
  0x1f,0x04,0xff,0x03,0xff,0x03,0x3f,0x04,0x52,0x02,0x00,0x00,0x62,0x00,0x00,0x00,
  0x2d,0x63,0xff,0xff,0xff,0xff,0x6e,0x63,0x00,0x00,0x28,0x01,0x1f,0x04,0xff,0x03,
  0x1f,0x04,0xff,0x03,0xff,0x03,0x1f,0x04,0x1f,0x04,0x1f,0x04,0x1f,0x04,0x1f,0x04,
  0x3f,0x04,0x3f,0x04,0x1f,0x04,0x08,0x01,0x63,0x00,0x83,0x00,0xa4,0x08,0x63,0x00,
  0x00,0x00,0x00,0x00,0x00,0x00,0x00,0x00,0x00,0x00,0x00,0x00,0x00,0x00,0x00,0x00,
  0x00,0x00,0x00,0x00,0x00,0x00,0xc5,0x00,0xe6,0x00,0xc4,0x08,0xcc,0x01,0x3f,0x04,
  0x3f,0x04,0x72,0x0a,0x62,0x08,0x01,0x00,0xcf,0x73,0xff,0xff,0xff,0xff,0x8a,0x4a,
  0x00,0x00,0x62,0x00,0x00,0x00,0x71,0x02,0x5f,0x04,0xbe,0x03,0xdf,0x03,0xff,0x03,
  0xdf,0x03,0xdf,0x03,0x1f,0x04,0xff,0x03,0xff,0x03,0xff,0x03,0xff,0x03,0x3f,0x04,
  0xf6,0x02,0x01,0x00,0x42,0x00,0x21,0x00,0x42,0x00,0x42,0x00,0x42,0x00,0x42,0x00,
  0x42,0x00,0x42,0x00,0x42,0x00,0x42,0x00,0x42,0x00,0x42,0x00,0x00,0x00,0x79,0x03,
  0x7f,0x04,0xbf,0x03,0xbf,0x03,0xdf,0x03,0xdf,0x03,0xdf,0x03,0x1f,0x04,0xff,0x03,
  0xff,0x03,0xff,0x03,0xfe,0x03,0x3f,0x04,0x72,0x02,0x00,0x00,0x62,0x00,0x00,0x00,
  0x51,0x8c,0xff,0xff,0xff,0xff,0x6e,0x63,0x00,0x00,0x48,0x09,0x1f,0x04,0xff,0x03,
  0xff,0x03,0x1f,0x04,0x1f,0x04,0xdd,0x03,0xdd,0x03,0xbd,0x03,0x9c,0x03,0x9c,0x03,
  0xbc,0x03,0xbe,0x03,0x9c,0x03,0x07,0x01,0x83,0x08,0x83,0x00,0x83,0x00,0x22,0x00,
  0x00,0x00,0x00,0x00,0x00,0x00,0x00,0x00,0x00,0x00,0x00,0x00,0x00,0x00,0x00,0x00,
  0x00,0x00,0x00,0x00,0x00,0x00,0xc5,0x00,0x06,0x01,0xc4,0x08,0xee,0x01,0x3f,0x04,
  0x3f,0x04,0x72,0x02,0x83,0x08,0x01,0x00,0x10,0x84,0xff,0xff,0xff,0xff,0xec,0x5a,
  0x00,0x00,0x63,0x00,0x00,0x00,0x92,0x02,0x7f,0x04,0xff,0x03,0x1f,0x04,0x1f,0x04,
  0x1f,0x04,0x1f,0x04,0xff,0x03,0xff,0x03,0xff,0x03,0xff,0x03,0xff,0x03,0x5f,0x04,
  0x18,0x03,0x00,0x00,0x41,0x00,0x21,0x00,0x21,0x00,0x21,0x00,0x21,0x00,0x21,0x00,
  0x01,0x00,0x21,0x00,0x21,0x00,0x21,0x00,0x21,0x00,0x42,0x00,0x00,0x00,0x79,0x03,
  0x5f,0x04,0xff,0x03,0xff,0x03,0x1f,0x04,0x1f,0x04,0x1f,0x04,0x1f,0x04,0xff,0x03,
  0xff,0x03,0xff,0x03,0xff,0x03,0x3f,0x04,0x73,0x02,0x00,0x00,0x62,0x00,0x00,0x00,
  0x2c,0x63,0xff,0xff,0xff,0xff,0x6e,0x63,0x00,0x00,0x28,0x01,0x1f,0x04,0xff,0x03,
  0xff,0x03,0xff,0x03,0x3f,0x04,0x0f,0x02,0x42,0x00,0xa4,0x00,0xa5,0x00,0x84,0x00,
  0xa4,0x00,0xa4,0x00,0x83,0x00,0x84,0x08,0xa4,0x08,0x83,0x00,0x00,0x00,0x00,0x00,
  0x00,0x00,0x00,0x00,0x00,0x00,0x00,0x00,0x00,0x00,0x00,0x00,0x00,0x00,0x00,0x00,
  0x00,0x00,0x00,0x00,0x00,0x00,0xe5,0x00,0x06,0x09,0xa4,0x08,0xcd,0x01,0x5f,0x04,
  0x1f,0x04,0x31,0x02,0x41,0x08,0x01,0x00,0xcf,0x73,0xff,0xff,0xff,0xff,0xab,0x52,
  0x00,0x00,0x63,0x00,0x00,0x00,0x50,0x02,0xdc,0x03,0xde,0x03,0xff,0x03,0x1f,0x04,
  0x1f,0x04,0xff,0x03,0xff,0x03,0xff,0x03,0xff,0x03,0xff,0x03,0xde,0x03,0xfd,0x03,
  0xd5,0x02,0x00,0x00,0x21,0x00,0x42,0x00,0xc5,0x00,0xe6,0x00,0xe5,0x00,0xe6,0x00,
  0xe6,0x00,0xc5,0x00,0xc6,0x00,0xc6,0x00,0x42,0x00,0x42,0x00,0x00,0x00,0xf6,0x02,
  0xdc,0x03,0xde,0x03,0xff,0x03,0x1f,0x04,0xff,0x03,0xff,0x03,0xff,0x03,0xff,0x03,
  0xff,0x03,0xff,0x03,0xfe,0x03,0xfd,0x03,0x72,0x02,0x00,0x00,0x62,0x00,0x00,0x00,
  0xab,0x52,0xff,0xff,0xff,0xff,0x4e,0x63,0x00,0x00,0x48,0x01,0x3f,0x04,0xff,0x03,
  0xff,0x03,0xff,0x03,0x3f,0x04,0x30,0x02,0x62,0x08,0xc5,0x08,0x83,0x08,0x83,0x00,
  0x83,0x08,0x83,0x08,0x83,0x00,0x63,0x00,0x63,0x00,0x42,0x00,0x00,0x00,0x00,0x00,
  0x00,0x00,0x00,0x00,0x00,0x00,0x00,0x00,0x00,0x00,0x00,0x00,0x00,0x00,0x00,0x00,
  0x00,0x00,0x0a,0x00,0x00,0x00,0xe5,0x08,0x06,0x09,0xa4,0x08,0xac,0x01,0x5f,0x04,
  0x5f,0x04,0x32,0x02,0x20,0x08,0x02,0x00,0xd0,0x73,0xff,0xff,0xff,0xff,0x6a,0x4a,
  0x00,0x00,0x41,0x00,0x41,0x00,0x42,0x00,0x63,0x00,0x7b,0x03,0x1f,0x04,0xff,0x03,
  0x1f,0x04,0xff,0x03,0xff,0x03,0xff,0x03,0xff,0x03,0x3f,0x04,0xbc,0x03,0x84,0x00,
  0x42,0x00,0x42,0x00,0x00,0x00,0x28,0x01,0x5f,0x04,0x3f,0x04,0x3f,0x04,0x3f,0x04,
  0x5f,0x04,0x3f,0x04,0xff,0x03,0x1f,0x04,0xe8,0x00,0x21,0x00,0x42,0x00,0x21,0x00,
  0xc5,0x00,0xde,0x03,0x1f,0x04,0xff,0x03,0xff,0x03,0xff,0x03,0xff,0x03,0xff,0x03,
  0xdf,0x03,0x3f,0x04,0x5a,0x03,0x63,0x00,0x42,0x00,0x21,0x00,0x42,0x00,0x00,0x00,
  0xec,0x5a,0xff,0xff,0xff,0xff,0x8f,0x6b,0x00,0x00,0x28,0x01,0x1f,0x04,0xff,0x03,
  0xff,0x03,0xff,0x03,0x1f,0x04,0xdd,0x03,0xdd,0x03,0x38,0x03,0x63,0x00,0x83,0x00,
  0x83,0x08,0x83,0x08,0x63,0x00,0x41,0x00,0x60,0x00,0x00,0x00,0x00,0x00,0x00,0x00,
  0x00,0x00,0x00,0x00,0x00,0x00,0x00,0x00,0x00,0x00,0x00,0x00,0x00,0x00,0x00,0x00,
  0x00,0x00,0x0a,0x00,0x00,0x00,0xc5,0x00,0x06,0x09,0xa4,0x08,0xab,0x01,0x3e,0x04,
  0x3e,0x04,0x0f,0x02,0x41,0x08,0x22,0x00,0xaf,0x73,0xff,0xff,0xff,0xff,0x0c,0x5b,
  0xa3,0x10,0xa3,0x10,0x22,0x00,0x42,0x00,0x42,0x00,0x38,0x03,0x1e,0x04,0xff,0x03,
  0xff,0x03,0xff,0x03,0xff,0x03,0xff,0x03,0xff,0x03,0xfe,0x03,0x59,0x03,0x63,0x00,
  0x21,0x00,0x41,0x00,0x00,0x00,0x08,0x01,0x1e,0x04,0x1f,0x04,0x1f,0x04,0x1f,0x04,
  0x1f,0x04,0x1f,0x04,0xde,0x03,0xbe,0x03,0xe7,0x00,0x00,0x00,0x42,0x00,0x41,0x00,
  0x84,0x00,0xbc,0x03,0xfe,0x03,0xff,0x03,0xdf,0x03,0xdf,0x03,0xdf,0x03,0xdf,0x03,
  0xdf,0x03,0xdd,0x03,0x18,0x03,0x22,0x00,0x42,0x00,0x21,0x00,0xc4,0x18,0xc3,0x10,
  0xcf,0x73,0xff,0xff,0xff,0xff,0xaf,0x73,0x00,0x00,0x49,0x09,0x3f,0x04,0xff,0x03,
  0xff,0x03,0x1f,0x04,0xff,0x03,0xff,0x03,0x3f,0x04,0x7b,0x03,0x84,0x08,0x84,0x08,
  0x83,0x08,0x83,0x08,0x83,0x00,0x00,0x00,0x00,0x00,0x00,0x00,0x00,0x00,0x00,0x00,
  0x00,0x00,0x00,0x00,0x00,0x00,0x00,0x00,0x00,0x00,0x00,0x00,0x00,0x00,0x00,0x00,
  0x00,0x00,0x00,0x00,0x00,0x00,0xa3,0x00,0x83,0x00,0x83,0x00,0xc5,0x00,0x27,0x09,
  0x07,0x01,0xa4,0x00,0x83,0x08,0x01,0x00,0x8e,0x6b,0xff,0xff,0xdf,0xff,0x5d,0xef,
  0xdf,0xff,0xf0,0x7b,0x01,0x00,0x62,0x00,0x42,0x00,0x21,0x00,0xac,0x01,0x7f,0x04,
  0x3f,0x04,0x5f,0x04,0x5f,0x04,0x3f,0x04,0x7f,0x04,0x52,0x02,0x00,0x00,0x42,0x00,
  0x42,0x00,0x42,0x00,0x21,0x00,0x42,0x00,0x42,0x00,0xf6,0x02,0x3f,0x04,0xff,0x03,
  0xff,0x03,0x3f,0x04,0x74,0x02,0x63,0x00,0x63,0x00,0x21,0x00,0x42,0x00,0x42,0x00,
  0x42,0x00,0x21,0x00,0x51,0x02,0x7f,0x04,0x3f,0x04,0x3f,0x04,0x3f,0x04,0x3f,0x04,
  0x7f,0x04,0x8c,0x01,0x21,0x00,0x42,0x00,0x63,0x08,0x01,0x00,0x35,0xa5,0xdf,0xff,
  0x9e,0xf7,0xff,0xff,0xff,0xff,0x6e,0x6b,0x00,0x00,0x28,0x01,0x1f,0x04,0xdf,0x03,
  0xff,0x03,0x1f,0x04,0xff,0x03,0x1f,0x04,0x1f,0x04,0xfe,0x03,0xbb,0x0b,0xf6,0x02,
  0x83,0x00,0xa4,0x08,0x84,0x00,0x00,0x00,0x06,0x00,0x00,0x00,0x00,0x00,0x00,0x00,
  0x00,0x00,0x00,0x00,0x00,0x00,0x00,0x00,0x00,0x00,0x00,0x00,0x00,0x00,0x00,0x00,
  0x00,0x00,0x00,0x00,0x00,0x00,0x00,0x00,0x00,0x00,0x00,0x00,0xa4,0x08,0xa4,0x08,
  0x83,0x00,0x83,0x00,0x83,0x08,0x00,0x00,0xaf,0x73,0xff,0xff,0xdf,0xff,0xdf,0xff,
  0xff,0xff,0x92,0x8c,0x00,0x00,0x42,0x00,0x42,0x00,0x21,0x00,0xe6,0x00,0x72,0x02,
  0x51,0x02,0x92,0x02,0x93,0x02,0x72,0x02,0x73,0x02,0x08,0x01,0x00,0x00,0x41,0x00,
  0x21,0x00,0x41,0x00,0x21,0x00,0x42,0x00,0x00,0x00,0xd5,0x02,0x9f,0x04,0xff,0x03,
  0xff,0x03,0x9f,0x04,0x73,0x02,0x00,0x00,0x42,0x00,0x41,0x00,0x42,0x00,0x41,0x00,
  0x42,0x00,0x20,0x00,0x08,0x01,0x93,0x02,0x93,0x02,0x93,0x02,0x72,0x02,0x72,0x02,
  0x51,0x02,0xa5,0x00,0x21,0x00,0x42,0x00,0x21,0x00,0x00,0x00,0x14,0xa5,0xff,0xff,
  0xdf,0xff,0xdf,0xff,0xff,0xff,0x4e,0x63,0x00,0x00,0x28,0x01,0xff,0x03,0xff,0x03,
  0xff,0x03,0xff,0x03,0x1f,0x04,0x1f,0x04,0xff,0x03,0xff,0x03,0x3f,0x04,0x59,0x03,
  0x63,0x00,0xa4,0x08,0x84,0x00,0x00,0x00,0x07,0x00,0x00,0x00,0x00,0x00,0x00,0x00,
  0x00,0x00,0x00,0x00,0x00,0x00,0x00,0x00,0x00,0x00,0x00,0x00,0x00,0x00,0x00,0x00,
  0x00,0x00,0x00,0x00,0x00,0x00,0x00,0x00,0x0a,0x00,0x00,0x00,0xa4,0x00,0xc4,0x08,
  0xa4,0x08,0xa4,0x08,0xa4,0x08,0x01,0x00,0xaf,0x6b,0xdf,0xff,0xbf,0xf7,0xdf,0xff,
  0xff,0xff,0x5d,0xef,0x79,0xce,0xaf,0x73,0x21,0x00,0x62,0x08,0x21,0x00,0x00,0x00,
  0x00,0x00,0x00,0x00,0x00,0x00,0x00,0x00,0x00,0x00,0x21,0x00,0x42,0x00,0x41,0x00,
  0x21,0x00,0x21,0x00,0x21,0x00,0x42,0x00,0x21,0x00,0x29,0x01,0x71,0x02,0xfe,0x03,
  0xbc,0x03,0x50,0x02,0x28,0x01,0x21,0x00,0x42,0x00,0x41,0x00,0x21,0x00,0x41,0x00,
  0x41,0x00,0x42,0x00,0x21,0x00,0x00,0x00,0x00,0x00,0x00,0x00,0x00,0x00,0x00,0x00,
  0x00,0x00,0x21,0x00,0x63,0x08,0x21,0x00,0xf3,0x9c,0xfb,0xde,0x1c,0xdf,0xff,0xff,
  0xdf,0xff,0xbe,0xf7,0xdf,0xff,0x6e,0x6b,0x00,0x00,0xa4,0x08,0xac,0x01,0xf8,0x02,
  0x3f,0x04,0x3f,0x04,0x1f,0x04,0x1f,0x04,0xff,0x03,0xff,0x03,0x5f,0x04,0x9b,0x03,
  0x83,0x08,0xa4,0x08,0xa4,0x00,0x00,0x00,0x07,0x00,0x00,0x00,0x00,0x00,0x00,0x00,
  0x00,0x00,0x00,0x00,0x00,0x00,0x00,0x00,0x00,0x00,0x00,0x00,0x00,0x00,0x00,0x00,
  0x00,0x00,0x00,0x00,0x00,0x00,0x00,0x00,0x00,0x00,0x00,0x00,0xa3,0x00,0x83,0x08,
  0x63,0x08,0x83,0x08,0xa4,0x08,0x01,0x00,0xaf,0x73,0xff,0xff,0xff,0xff,0xff,0xff,
  0xff,0xff,0xff,0xff,0xff,0xff,0x96,0xb5,0x00,0x00,0x01,0x00,0x22,0x00,0x42,0x00,
  0x42,0x00,0x42,0x00,0x42,0x00,0x42,0x00,0x42,0x00,0x42,0x00,0x21,0x00,0x41,0x00,
  0x21,0x00,0x21,0x00,0x21,0x00,0x41,0x00,0x42,0x00,0x01,0x00,0x22,0x00,0xff,0x03,
  0xbd,0x03,0x01,0x00,0x21,0x00,0x42,0x00,0x42,0x00,0x41,0x00,0x21,0x00,0x42,0x00,
  0x42,0x00,0x42,0x00,0x42,0x00,0x42,0x00,0x42,0x00,0x42,0x00,0x42,0x00,0x42,0x00,
  0x42,0x00,0x21,0x00,0x01,0x00,0x00,0x00,0x59,0xce,0xff,0xff,0xff,0xff,0xff,0xff,
  0xff,0xff,0xff,0xff,0xff,0xff,0x31,0x84,0x01,0x00,0xa4,0x08,0xef,0x01,0xf9,0x02,
  0xd5,0x02,0x59,0x03,0x1f,0x04,0xff,0x03,0xff,0x03,0xbd,0x03,0x73,0x02,0x0f,0x02,
  0x83,0x00,0xa4,0x00,0x83,0x00,0x00,0x00,0x07,0x00,0x00,0x00,0x00,0x00,0x00,0x00,
  0x00,0x00,0x00,0x00,0x00,0x00,0x00,0x00,0x00,0x00,0x00,0x00,0x00,0x00,0x00,0x00,
  0x00,0x00,0x00,0x00,0x00,0x00,0x00,0x00,0x00,0x00,0x00,0x00,0x00,0x00,0x00,0x00,
  0x00,0x00,0x62,0x00,0x84,0x08,0x22,0x00,0x08,0x3a,0x92,0x8c,0x10,0x84,0x1c,0xe7,
  0xff,0xff,0xdf,0xff,0xdf,0xff,0x9a,0xd6,0x14,0xa5,0xf0,0x7b,0x83,0x08,0x41,0x00,
  0x42,0x00,0x42,0x00,0x42,0x00,0x42,0x00,0x42,0x00,0x42,0x00,0x41,0x00,0x42,0x00,
  0x42,0x00,0x42,0x00,0x42,0x00,0x42,0x00,0x42,0x00,0x42,0x00,0x63,0x00,0x5a,0x03,
  0x18,0x03,0x42,0x00,0x42,0x00,0x42,0x00,0x42,0x00,0x42,0x00,0x42,0x00,0x42,0x00,
  0x42,0x00,0x42,0x00,0x42,0x00,0x42,0x00,0x42,0x00,0x42,0x00,0x42,0x00,0x42,0x00,
  0x42,0x00,0x62,0x08,0x11,0x84,0x14,0xa5,0x1c,0xe7,0xff,0xff,0xdf,0xff,0xff,0xff,
  0x1c,0xe7,0xb2,0x94,0x14,0x9d,0x08,0x3a,0x21,0x00,0xa5,0x08,0x5f,0x0c,0xdc,0x0b,
  0x42,0x08,0xae,0x01,0x7f,0x04,0x3f,0x04,0x5f,0x04,0x7c,0x03,0x42,0x08,0x83,0x08,
  0xa4,0x00,0x84,0x08,0x63,0x00,0x00,0x00,0x07,0x00,0x00,0x00,0x00,0x00,0x00,0x00,
  0x00,0x00,0x00,0x00,0x00,0x00,0x00,0x00,0x00,0x00,0x00,0x00,0x00,0x00,0x00,0x00,
  0x00,0x00,0x00,0x00,0x00,0x00,0x00,0x00,0x00,0x00,0x00,0x00,0x00,0x00,0x03,0x00,
  0x00,0x00,0x84,0x08,0xa4,0x08,0x83,0x08,0x42,0x00,0x22,0x00,0x00,0x00,0x39,0xc6,
  0xff,0xff,0xdf,0xff,0xff,0xff,0xff,0xff,0xff,0xff,0xdf,0xff,0x83,0x08,0x01,0x00,
  0x21,0x00,0x01,0x00,0x01,0x00,0x01,0x00,0x01,0x00,0x01,0x00,0x01,0x00,0x01,0x00,
  0x01,0x00,0x01,0x00,0x01,0x00,0x01,0x00,0x21,0x00,0x21,0x00,0x21,0x00,0x21,0x00,
  0x21,0x00,0x21,0x00,0x21,0x00,0x01,0x00,0x21,0x00,0x01,0x00,0x01,0x00,0x01,0x00,
  0x01,0x00,0x01,0x00,0x01,0x00,0x01,0x00,0x01,0x00,0x21,0x00,0x01,0x00,0x21,0x00,
  0x02,0x00,0x83,0x08,0xdf,0xff,0xff,0xff,0xff,0xff,0xff,0xff,0xdf,0xff,0xff,0xff,
  0x18,0xbe,0x00,0x00,0x01,0x00,0x22,0x00,0x83,0x00,0x63,0x00,0x0f,0x0a,0x0e,0x0a,
  0x83,0x08,0xe7,0x00,0x2f,0x02,0x51,0x02,0x51,0x02,0xad,0x01,0xa4,0x08,0xa4,0x00,
  0x83,0x00,0x62,0x00,0x62,0x00,0x00,0x00,0x00,0x00,0x00,0x00,0x00,0x00,0x00,0x00,
  0x00,0x00,0x00,0x00,0x00,0x00,0x00,0x00,0x00,0x00,0x00,0x00,0x00,0x00,0x00,0x00,
  0x00,0x00,0x00,0x00,0x00,0x00,0x00,0x00,0x00,0x00,0x00,0x00,0x00,0x00,0x00,0x00,
  0x00,0x00,0x63,0x08,0x83,0x08,0x63,0x00,0xa4,0x08,0xa4,0x08,0x62,0x00,0x59,0xce,
  0xff,0xff,0xff,0xff,0xff,0xff,0xdf,0xff,0xff,0xff,0x5d,0xef,0x86,0x29,0x05,0x19,
  0x05,0x19,0x04,0x19,0x04,0x21,0x04,0x21,0x25,0x21,0x25,0x21,0x25,0x21,0x05,0x19,
  0x04,0x19,0x04,0x21,0x04,0x21,0x25,0x21,0x25,0x19,0x42,0x08,0x42,0x00,0x63,0x00,
  0x62,0x00,0x42,0x00,0x62,0x08,0x25,0x21,0x25,0x19,0x05,0x19,0x04,0x19,0x24,0x21,
  0x25,0x21,0x25,0x21,0x25,0x21,0x25,0x21,0x25,0x21,0x25,0x21,0x25,0x21,0x25,0x21,
  0x25,0x19,0xa6,0x31,0x5d,0xef,0xff,0xff,0xdf,0xff,0xff,0xff,0xff,0xff,0xff,0xff,
  0x9a,0xd6,0x21,0x00,0xa4,0x08,0xa4,0x08,0x63,0x00,0x42,0x00,0x00,0x00,0x00,0x00,
  0x84,0x08,0x62,0x00,0x41,0x00,0x42,0x08,0x42,0x00,0x42,0x00,0x83,0x08,0x62,0x00,
  0x00,0x00,0x00,0x00,0x00,0x00,0x00,0x00,0x00,0x00,0x00,0x00,0x00,0x00,0x00,0x00,
  0x00,0x00,0x00,0x00,0x00,0x00,0x00,0x00,0x00,0x00,0x00,0x00,0x00,0x00,0x00,0x00,
  0x00,0x00,0x00,0x00,0x00,0x00,0x00,0x00,0x00,0x00,0x00,0x00,0x00,0x00,0x00,0x00,
  0x00,0x00,0x00,0x00,0x00,0x00,0x00,0x08,0x83,0x00,0x83,0x00,0x63,0x00,0x4a,0x42,
  0xec,0x52,0xf0,0x7b,0xdf,0xff,0xff,0xff,0xff,0xff,0xdf,0xff,0x9e,0xf7,0x7e,0xf7,
  0x7d,0xef,0x9e,0xf7,0xbe,0xf7,0xbe,0xf7,0xbe,0xf7,0xbe,0xf7,0x9e,0xf7,0x9e,0xf7,
  0x9e,0xf7,0xbe,0xf7,0xbe,0xf7,0x9e,0xf7,0xbe,0xf7,0x25,0x21,0x00,0x00,0x01,0x00,
  0x01,0x00,0x00,0x00,0xe7,0x39,0xbe,0xf7,0x7d,0xef,0x9e,0xf7,0xbe,0xf7,0xbe,0xf7,
  0xbe,0xf7,0xbe,0xf7,0xbe,0xf7,0xbe,0xf7,0xbe,0xf7,0xbe,0xf7,0xbe,0xf7,0x9e,0xf7,
  0x7e,0xf7,0x9e,0xf7,0xff,0xff,0xff,0xff,0xdf,0xff,0xff,0xff,0xef,0x7b,0xab,0x52,
  0x09,0x3a,0x42,0x00,0x83,0x08,0x83,0x00,0x00,0x00,0x00,0x00,0xff,0x07,0xff,0x07,
  0x63,0x00,0x83,0x00,0x83,0x00,0x84,0x08,0xa4,0x00,0x83,0x00,0x83,0x08,0x62,0x00,
  0x07,0x00,0x00,0x00,0x00,0x00,0x00,0x00,0x00,0x00,0x00,0x00,0x00,0x00,0x00,0x00,
  0x00,0x00,0x00,0x00,0x00,0x00,0x00,0x00,0x00,0x00,0x00,0x00,0x00,0x00,0x00,0x00,
  0x00,0x00,0x00,0x00,0x00,0x00,0x00,0x00,0x00,0x00,0x00,0x00,0x00,0x00,0x00,0x00,
  0x00,0x00,0x00,0x00,0x05,0x00,0x00,0x00,0x63,0x00,0xa4,0x08,0x83,0x08,0x42,0x00,
  0x00,0x00,0x66,0x29,0xff,0xff,0xff,0xff,0xff,0xff,0xff,0xff,0xff,0xff,0xff,0xff,
  0xff,0xff,0xff,0xff,0xff,0xff,0xff,0xff,0xff,0xff,0xff,0xff,0xff,0xff,0xff,0xff,
  0xff,0xff,0xff,0xff,0xff,0xff,0xff,0xff,0xff,0xff,0x2d,0x63,0xa7,0x31,0xe8,0x39,
  0xe9,0x39,0xc7,0x39,0x8e,0x6b,0xff,0xff,0xff,0xff,0xff,0xff,0xff,0xff,0xff,0xff,
  0xff,0xff,0xff,0xff,0xff,0xff,0xff,0xff,0xff,0xff,0xff,0xff,0xff,0xff,0xff,0xff,
  0xff,0xff,0xff,0xff,0xff,0xff,0xff,0xff,0xff,0xff,0xff,0xff,0xc8,0x31,0x00,0x00,
  0x42,0x00,0x83,0x08,0x83,0x00,0x42,0x00,0x00,0x00,0x00,0x00,0x00,0x00,0x00,0x00,
  0x62,0x00,0x83,0x00,0x83,0x00,0x42,0x00,0x83,0x00,0x83,0x00,0x83,0x08,0x63,0x08,
  0x00,0x00,0x00,0x00,0x00,0x00,0x00,0x00,0x00,0x00,0x00,0x00,0x00,0x00,0x00,0x00,
  0x00,0x00,0x00,0x00,0x00,0x00,0x00,0x00,0x00,0x00,0x00,0x00,0x00,0x00,0x00,0x00,
  0x00,0x00,0x00,0x00,0x00,0x00,0x00,0x00,0x00,0x00,0x00,0x00,0x00,0x00,0x00,0x00,
  0x00,0x00,0x00,0x00,0x00,0x00,0x00,0x00,0x63,0x00,0xa4,0x08,0x83,0x08,0xa3,0x08,
  0x62,0x00,0x66,0x29,0x9a,0xd6,0x1c,0xe7,0x5d,0xef,0xff,0xff,0xdf,0xff,0xdf,0xff,
  0xff,0xff,0xff,0xff,0xff,0xff,0xdf,0xff,0xdf,0xff,0xff,0xff,0xff,0xff,0xff,0xff,
  0xdf,0xff,0xdf,0xff,0xff,0xff,0xff,0xff,0xff,0xff,0xff,0xff,0xff,0xff,0xff,0xff,
  0xff,0xff,0xdf,0xff,0xff,0xff,0xff,0xff,0xff,0xff,0xff,0xff,0xdf,0xff,0xdf,0xff,
  0xff,0xff,0xff,0xff,0xdf,0xff,0xdf,0xff,0xff,0xff,0xff,0xff,0xff,0xff,0xdf,0xff,
  0xdf,0xff,0xff,0xff,0xff,0xff,0x5d,0xef,0xdb,0xd6,0x3c,0xe7,0xa8,0x31,0x42,0x00,
  0x83,0x08,0x83,0x00,0x63,0x00,0x62,0x08,0x00,0x00,0x00,0x00,0x00,0x00,0x00,0x00,
  0x00,0x00,0x00,0x00,0x00,0x00,0x00,0x00,0x00,0x00,0x00,0x00,0x00,0x00,0x00,0x00,
  0x00,0x00,0x00,0x00,0x00,0x00,0x00,0x00,0x00,0x00,0x00,0x00,0x00,0x00,0x00,0x00,
  0x00,0x00,0x00,0x00,0x00,0x00,0x00,0x00,0x00,0x00,0x00,0x00,0x00,0x00,0x00,0x00,
  0x00,0x00,0x00,0x00,0x00,0x00,0x00,0x00,0x00,0x00,0x00,0x00,0x00,0x00,0x00,0x00,
  0x00,0x00,0x00,0x00,0x00,0x00,0x00,0x00,0x03,0x00,0x42,0x08,0x42,0x10,0x83,0x08,
  0x63,0x00,0x62,0x00,0x83,0x08,0x00,0x00,0x96,0xb5,0xff,0xff,0xff,0xff,0xff,0xff,
  0xff,0xff,0xff,0xff,0xff,0xff,0xff,0xff,0xff,0xff,0xff,0xff,0xff,0xff,0xff,0xff,
  0xff,0xff,0xff,0xff,0xff,0xff,0xdf,0xff,0xff,0xff,0xff,0xff,0xff,0xff,0xdf,0xff,
  0xdf,0xff,0xff,0xff,0xff,0xff,0xff,0xff,0xff,0xff,0xff,0xff,0xff,0xff,0xff,0xff,
  0xff,0xff,0xff,0xff,0xff,0xff,0xff,0xff,0xff,0xff,0xff,0xff,0xff,0xff,0xff,0xff,
  0xff,0xff,0xff,0xff,0xff,0xff,0xf8,0xbd,0x01,0x00,0x83,0x00,0x62,0x00,0x62,0x00,
  0x63,0x08,0x85,0x18,0x41,0x08,0x00,0x00,0x00,0x00,0x00,0x00,0x00,0x00,0x00,0x00,
  0x00,0x00,0x00,0x00,0x00,0x00,0x00,0x00,0x00,0x00,0x00,0x00,0x00,0x00,0x00,0x00,
  0x00,0x00,0x00,0x00,0x00,0x00,0x00,0x00,0x00,0x00,0x00,0x00,0x00,0x00,0x00,0x00,
  0x00,0x00,0x00,0x00,0x00,0x00,0x00,0x00,0x00,0x00,0x00,0x00,0x00,0x00,0x00,0x00,
  0x00,0x00,0x00,0x00,0x00,0x00,0x00,0x00,0x00,0x00,0x00,0x00,0x00,0x00,0x00,0x00,
  0x00,0x00,0x00,0x00,0x00,0x00,0x00,0x00,0x00,0x00,0x00,0x00,0x00,0x08,0x63,0x08,
  0x84,0x08,0x84,0x08,0x83,0x08,0x01,0x00,0x92,0x8c,0x7e,0xef,0x5d,0xef,0x5d,0xef,
  0x5d,0xef,0x5d,0xef,0x7d,0xef,0x9e,0xef,0xbe,0xf7,0x7e,0xef,0x7e,0xef,0xbe,0xf7,
  0x9e,0xf7,0x7d,0xef,0xbf,0xff,0xff,0xff,0xff,0xff,0xff,0xff,0xff,0xff,0xff,0xff,
  0xff,0xff,0xff,0xff,0xff,0xff,0xff,0xff,0xff,0xff,0xdf,0xff,0x7d,0xef,0x7d,0xef,
  0x9e,0xf7,0x7d,0xef,0x7e,0xef,0x9e,0xf7,0x9e,0xf7,0x7d,0xef,0x7d,0xef,0x7d,0xef,
  0xbe,0xf7,0xbf,0xff,0x9e,0xf7,0x55,0xad,0x22,0x00,0x83,0x08,0x84,0x08,0x83,0x08,
  0x63,0x08,0x00,0x50,0x00,0x00,0x00,0x00,0x00,0x00,0x00,0x00,0x00,0x00,0x00,0x00,
  0x00,0x00,0x00,0x00,0x00,0x00,0x00,0x00,0x00,0x00,0x00,0x00,0x00,0x00,0x00,0x00,
  0x00,0x00,0x00,0x00,0x00,0x00,0x00,0x00,0x00,0x00,0x00,0x00,0x00,0x00,0x00,0x00,
  0x00,0x00,0x00,0x00,0x00,0x00,0x00,0x00,0x00,0x00,0x00,0x00,0x00,0x00,0x00,0x00,
  0x00,0x00,0x00,0x00,0x00,0x00,0x00,0x00,0x00,0x00,0x00,0x00,0x00,0x00,0x00,0x00,
  0x00,0x00,0x00,0x00,0x00,0x00,0x00,0x00,0x00,0x00,0x00,0x00,0x00,0x00,0x62,0x00,
  0x83,0x08,0x83,0x08,0x43,0x00,0x63,0x08,0xc4,0x10,0xe4,0x18,0xe4,0x18,0x04,0x19,
  0xe4,0x18,0x05,0x19,0x06,0x19,0xe4,0x18,0xe3,0x18,0xe5,0x18,0x05,0x19,0xe4,0x18,
  0x25,0x21,0xc3,0x10,0xba,0xd6,0xff,0xff,0xdf,0xff,0xdf,0xff,0xdf,0xff,0xff,0xff,
  0xff,0xff,0xdf,0xff,0xdf,0xff,0xdf,0xff,0xff,0xff,0x18,0xc6,0xc4,0x10,0x04,0x19,
  0xe4,0x18,0x05,0x19,0x05,0x19,0xc3,0x18,0xe4,0x18,0x05,0x19,0x26,0x19,0x05,0x19,
  0x04,0x19,0x05,0x19,0x25,0x19,0xc4,0x10,0x63,0x00,0x83,0x08,0x83,0x08,0x83,0x08,
  0x42,0x00,0x00,0x00,0x00,0x00,0x00,0x00,0x00,0x00,0x00,0x00,0x00,0x00,0x00,0x00,
  0x00,0x00,0x00,0x00,0x00,0x00,0x00,0x00,0x00,0x00,0x00,0x00,0x00,0x00,0x00,0x00,
  0x00,0x00,0x00,0x00,0x00,0x00,0x00,0x00,0x00,0x00,0x00,0x00,0x00,0x00,0x00,0x00,
  0x00,0x00,0x00,0x00,0x00,0x00,0x00,0x00,0x00,0x00,0x00,0x00,0x00,0x00,0x00,0x00,
  0x00,0x00,0x00,0x00,0x00,0x00,0x00,0x00,0x00,0x00,0x00,0x00,0x00,0x00,0x00,0x00,
  0x00,0x00,0x00,0x00,0x00,0x00,0x00,0x00,0x00,0x00,0x00,0x00,0x00,0x00,0x00,0x00,
  0x00,0x08,0x00,0x00,0x63,0x00,0x83,0x08,0x62,0x00,0x42,0x00,0x42,0x00,0x42,0x00,
  0x42,0x00,0x63,0x00,0x42,0x00,0x85,0x00,0xe7,0x00,0x08,0x01,0xc6,0x00,0x85,0x00,
  0xa5,0x00,0x00,0x00,0x1c,0xe7,0xff,0xff,0xff,0xff,0xff,0xff,0xff,0xff,0xff,0xff,
  0xff,0xff,0xff,0xff,0xff,0xff,0xff,0xff,0xff,0xff,0x18,0xbe,0x00,0x00,0x42,0x00,
  0xe7,0x00,0xe7,0x00,0xa5,0x00,0x85,0x00,0xa5,0x00,0x63,0x00,0x42,0x00,0x21,0x00,
  0x22,0x00,0x42,0x00,0x42,0x00,0x42,0x00,0x83,0x00,0x63,0x08,0x41,0x08,0x00,0x00,
  0x00,0x00,0x00,0x00,0x00,0x00,0x00,0x00,0x00,0x00,0x00,0x00,0x00,0x00,0x00,0x00,
  0x00,0x00,0x00,0x00,0x00,0x00,0x00,0x00,0x00,0x00,0x00,0x00,0x00,0x00,0x00,0x00,
  0x00,0x00,0x00,0x00,0x00,0x00,0x00,0x00,0x00,0x00,0x00,0x00,0x00,0x00,0x00,0x00,
  0x00,0x00,0x00,0x00,0x00,0x00,0x00,0x00,0x00,0x00,0x00,0x00,0x00,0x00,0x00,0x00,
  0x00,0x00,0x00,0x00,0x00,0x00,0x00,0x00,0x00,0x00,0x00,0x00,0x00,0x00,0x00,0x00,
  0x00,0x00,0x00,0x00,0x00,0x00,0x00,0x00,0x00,0x00,0x00,0x00,0x00,0x00,0x00,0x00,
  0x00,0x00,0x06,0x00,0x84,0x08,0x84,0x08,0x62,0x08,0xa3,0x08,0xa4,0x08,0x83,0x08,
  0xa3,0x08,0x83,0x08,0x63,0x00,0xbd,0x03,0x1f,0x04,0xff,0x03,0xde,0x03,0xff,0x03,
  0x73,0x0a,0x21,0x00,0x4a,0x42,0x6d,0x6b,0x2d,0x63,0x2d,0x5b,0x0d,0x5b,0x4d,0x63,
  0x2d,0x63,0x0d,0x5b,0xed,0x5a,0x0c,0x5b,0x4d,0x6b,0x6a,0x42,0x21,0x00,0xef,0x01,
  0x3f,0x04,0xfe,0x03,0xff,0x03,0x1f,0x04,0x9c,0x03,0x84,0x00,0x42,0x00,0x83,0x08,
  0xa4,0x08,0xa4,0x08,0x83,0x08,0x83,0x00,0x84,0x08,0x63,0x08,0x62,0x08,0x07,0x00,
  0x00,0x00,0x00,0x00,0x00,0x00,0x00,0x00,0x00,0x00,0x00,0x00,0x00,0x00,0x00,0x00,
  0x00,0x00,0x00,0x00,0x00,0x00,0x00,0x00,0x00,0x00,0x00,0x00,0x00,0x00,0x00,0x00,
  0x00,0x00,0x00,0x00,0x00,0x00,0x00,0x00,0x00,0x00,0x00,0x00,0x00,0x00,0x00,0x00,
  0x00,0x00,0x00,0x00,0x00,0x00,0x00,0x00,0x00,0x00,0x00,0x00,0x00,0x00,0x00,0x00,
  0x00,0x00,0x00,0x00,0x00,0x00,0x00,0x00,0x00,0x00,0x00,0x00,0x00,0x00,0x00,0x00,
  0x00,0x00,0x00,0x00,0x00,0x00,0x00,0x00,0x00,0x00,0x00,0x00,0x00,0x00,0x00,0x00,
  0x00,0x00,0x00,0x00,0xa4,0x08,0xc4,0x10,0x82,0x18,0x02,0x11,0xe3,0x10,0x83,0x10,
  0xa4,0x08,0x63,0x08,0x84,0x00,0xbd,0x03,0x1f,0x04,0xdf,0x03,0xff,0x03,0x5f,0x04,
  0x94,0x02,0x21,0x08,0x22,0x00,0x00,0x00,0x01,0x00,0x01,0x00,0x01,0x00,0x00,0x00,
  0x00,0x00,0x01,0x00,0x02,0x00,0x01,0x00,0x00,0x00,0x22,0x00,0x21,0x00,0x30,0x02,
  0x7f,0x04,0xdf,0x03,0xff,0x03,0x3f,0x04,0xff,0x03,0x84,0x00,0x42,0x00,0xa3,0x08,
  0x04,0x11,0xc4,0x10,0x82,0x18,0xc4,0x08,0x63,0x00,0x43,0x08,0x00,0x00,0x00,0x00,
  0x00,0x00,0x00,0x00,0x00,0x00,0x00,0x00,0x00,0x00,0x00,0x00,0x00,0x00,0x00,0x00,
  0x00,0x00,0x00,0x00,0x00,0x00,0x00,0x00,0x00,0x00,0x00,0x00,0x00,0x00,0x00,0x00,
  0x00,0x00,0x00,0x00,0x00,0x00,0x00,0x00,0x00,0x00,0x00,0x00,0x00,0x00,0x00,0x00,
  0x00,0x00,0x00,0x00,0x00,0x00,0x00,0x00,0x00,0x00,0x00,0x00,0x00,0x00,0x00,0x00,
  0x00,0x00,0x00,0x00,0x00,0x00,0x00,0x00,0x00,0x00,0x00,0x00,0x00,0x00,0x00,0x00,
  0x00,0x00,0x00,0x00,0x00,0x00,0x00,0x00,0x00,0x00,0x00,0x00,0x00,0x00,0x00,0x00,
  0x00,0x00,0x00,0x00,0x00,0x00,0x00,0x00,0x00,0x00,0x00,0x00,0x00,0x00,0x00,0x00,
  0x63,0x00,0x83,0x08,0xa4,0x00,0xd5,0x02,0x7b,0x03,0x1f,0x04,0xdd,0x03,0x38,0x03,
  0xee,0x01,0x21,0x00,0x83,0x08,0xa4,0x08,0xa4,0x08,0x83,0x08,0x83,0x08,0xa4,0x08,
  0xa4,0x08,0x83,0x08,0x83,0x08,0xa3,0x08,0xa4,0x08,0xa4,0x08,0x21,0x00,0x8b,0x01,
  0x38,0x03,0xbd,0x03,0xff,0x03,0x7a,0x03,0xf6,0x02,0xa5,0x00,0x83,0x00,0x63,0x00,
  0x00,0x00,0x00,0x00,0x00,0x00,0x00,0x00,0x00,0x00,0x00,0x00,0x00,0x00,0x00,0x00,
  0x00,0x00,0x00,0x00,0x00,0x00,0x00,0x00,0x00,0x00,0x00,0x00,0x00,0x00,0x00,0x00,
  0x00,0x00,0x00,0x00,0x00,0x00,0x00,0x00,0x00,0x00,0x00,0x00,0x00,0x00,0x00,0x00,
  0x00,0x00,0x00,0x00,0x00,0x00,0x00,0x00,0x00,0x00,0x00,0x00,0x00,0x00,0x00,0x00,
  0x00,0x00,0x00,0x00,0x00,0x00,0x00,0x00,0x00,0x00,0x00,0x00,0x00,0x00,0x00,0x00,
  0x00,0x00,0x00,0x00,0x00,0x00,0x00,0x00,0x00,0x00,0x00,0x00,0x00,0x00,0x00,0x00,
  0x00,0x00,0x00,0x00,0x00,0x00,0x00,0x00,0x00,0x00,0x00,0x00,0x00,0x00,0x00,0x00,
  0x00,0x00,0x00,0x00,0x00,0x00,0x00,0x00,0x00,0x00,0xe0,0x01,0x03,0x00,0x00,0x00,
  0x84,0x08,0xa4,0x08,0x83,0x00,0x21,0x08,0x4b,0x01,0x3f,0x04,0xf7,0x02,0x01,0x08,
  0x63,0x08,0x83,0x08,0x83,0x08,0x84,0x18,0xa3,0x08,0x43,0x08,0x63,0x08,0xc4,0x00,
  0xa3,0x00,0x83,0x00,0x23,0x08,0xa4,0x08,0xa3,0x08,0x83,0x00,0x83,0x08,0x42,0x00,
  0x42,0x08,0x59,0x03,0x3f,0x04,0xe8,0x00,0x21,0x08,0x83,0x00,0xa3,0x00,0xa3,0x08,
  0xe7,0x01,0x03,0x00,0x00,0x00,0x07,0x00,0x00,0x00,0x00,0x00,0x00,0x00,0x00,0x00,
  0x00,0x00,0x00,0x00,0x00,0x00,0x00,0x00,0x00,0x00,0x00,0x00,0x00,0x00,0x00,0x00,
  0x00,0x00,0x00,0x00,0x00,0x00,0x00,0x00,0x00,0x00,0x00,0x00,0x00,0x00,0x00,0x00,
  0x00,0x00,0x00,0x00,0x00,0x00,0x00,0x00,0x00,0x00,0x00,0x00,0x00,0x00,0x00,0x00,
  0x00,0x00,0x00,0x00,0x00,0x00,0x00,0x00,0x00,0x00,0x00,0x00,0x00,0x00,0x00,0x00,
  0x00,0x00,0x00,0x00,0x00,0x00,0x00,0x00,0x00,0x00,0x00,0x00,0x00,0x00,0x00,0x00,
  0x00,0x00,0x00,0x00,0x00,0x00,0x00,0x00,0x00,0x00,0x00,0x00,0x00,0x00,0x00,0x00,
  0x00,0x00,0x00,0x00,0x00,0x00,0x00,0x00,0x00,0x00,0x00,0x00,0x00,0x00,0x00,0x00,
  0x63,0x08,0x83,0x08,0xa4,0x00,0x83,0x08,0x4a,0x01,0xff,0x03,0xd7,0x02,0x42,0x08,
  0xa4,0x08,0x63,0x00,0x42,0x00,0x00,0x00,0x00,0x00,0x00,0x00,0x00,0x00,0x00,0x00,
  0x00,0x00,0x00,0x00,0x00,0x00,0x00,0x00,0x00,0x00,0x42,0x00,0x63,0x00,0x83,0x00,
  0x63,0x08,0x39,0x03,0x1f,0x04,0x29,0x01,0x62,0x08,0x63,0x00,0x63,0x00,0x83,0x10,
  0x00,0x00,0x00,0x00,0x00,0x00,0x00,0x00,0x00,0x00,0x00,0x00,0x00,0x00,0x00,0x00,
  0x00,0x00,0x00,0x00,0x00,0x00,0x00,0x00,0x00,0x00,0x00,0x00,0x00,0x00,0x00,0x00,
  0x00,0x00,0x00,0x00,0x00,0x00,0x00,0x00,0x00,0x00,0x00,0x00,0x00,0x00,0x00,0x00,
  0x00,0x00,0x00,0x00,0x00,0x00,0x00,0x00,0x00,0x00,0x00,0x00,0x00,0x00,0x00,0x00,
  0x00,0x00,0x00,0x00,0x00,0x00,0x00,0x00,0x00,0x00,0x00,0x00,0x00,0x00,0x00,0x00,
  0x00,0x00,0x00,0x00,0x00,0x00,0x00,0x00,0x00,0x00,0x00,0x00,0x00,0x00,0x00,0x00,
  0x00,0x00,0x00,0x00,0x00,0x00,0x00,0x00,0x00,0x00,0x00,0x00,0x00,0x00,0x00,0x00,
  0x00,0x00,0x00,0x00,0x00,0x00,0x00,0x00,0x00,0x00,0x00,0x00,0x00,0x00,0x00,0x00,
  0x03,0x00,0x21,0x00,0xa3,0x00,0xa5,0x00,0xa5,0x00,0x09,0x01,0xc6,0x00,0x83,0x08,
  0x83,0x00,0x21,0x00,0x01,0x00,0x07,0x00,0x00,0x00,0x00,0x00,0x00,0x00,0x00,0x00,
  0x00,0x00,0x00,0x00,0x00,0x00,0x00,0x00,0x00,0x00,0x02,0x00,0x42,0x00,0x84,0x00,
  0x83,0x08,0xc6,0x00,0x09,0x01,0xa4,0x00,0xa4,0x08,0x83,0x00,0x21,0x00,0x00,0x00,
  0x00,0x00,0x00,0x00,0x00,0x00,0x00,0x00,0x00,0x00,0x00,0x00,0x00,0x00,0x00,0x00,
  0x00,0x00,0x00,0x00,0x00,0x00,0x00,0x00,0x00,0x00,0x00,0x00,0x00,0x00,0x00,0x00,
  0x00,0x00,0x00,0x00,0x00,0x00,0x00,0x00,0x00,0x00,0x00,0x00,0x00,0x00,0x00,0x00,
  0x00,0x00,0x00,0x00,0x00,0x00,0x00,0x00,0x00,0x00,0x00,0x00,0x00,0x00,0x00,0x00,
  0x00,0x00,0x00,0x00,0x00,0x00,0x00,0x00,0x00,0x00,0x00,0x00,0x00,0x00,0x00,0x00,
  0x00,0x00,0x00,0x00,0x00,0x00,0x00,0x00,0x00,0x00,0x00,0x00,0x00,0x00,0x00,0x00,
  0x00,0x00,0x00,0x00,0x00,0x00,0x00,0x00,0x00,0x00,0x00,0x00,0x00,0x00,0x00,0x00,
  0x00,0x00,0x00,0x00,0x00,0x00,0x00,0x00,0x00,0x00,0x00,0x00,0x00,0x00,0x00,0x00,
  0x00,0x00,0x00,0x00,0x42,0x08,0x84,0x00,0x83,0x00,0x62,0x00,0x83,0x00,0x84,0x08,
  0x63,0x00,0x00,0x00,0x00,0x00,0x00,0x00,0x00,0x00,0x00,0x00,0x00,0x00,0x00,0x00,
  0x00,0x00,0x00,0x00,0x00,0x00,0x00,0x00,0x00,0x00,0x00,0x00,0x00,0x00,0x63,0x00,
  0x83,0x08,0x62,0x00,0x83,0x00,0x83,0x08,0x83,0x08,0xa3,0x08,0x00,0x00,0x00,0x00,
  0x00,0x00,0x00,0x00,0x00,0x00,0x00,0x00,0x00,0x00,0x00,0x00,0x00,0x00,0x00,0x00,
  0x00,0x00,0x00,0x00,0x00,0x00,0x00,0x00,0x00,0x00,0x00,0x00,0x00,0x00,0x00,0x00,
  0x00,0x00,0x00,0x00,0x00,0x00,0x00,0x00,0x00,0x00,0x00,0x00,0x00,0x00,0x00,0x00,
  0x00,0x00,0x00,0x00,0x00,0x00,0x00,0x00,0x00,0x00,0x00,0x00,0x00,0x00,0x00,0x00,
  0x00,0x00,0x00,0x00,0x00,0x00,0x00,0x00,0x00,0x00,0x00,0x00,0x00,0x00,0x00,0x00,
  0x00,0x00,0x00,0x00,0x00,0x00,0x00,0x00,0x00,0x00,0x00,0x00,0x00,0x00,0x00,0x00,
  0x00,0x00,0x00,0x00,0x00,0x00,0x00,0x00,0x00,0x00,0x00,0x00,0x00,0x00,0x00,0x00,
  0x00,0x00,0x00,0x00,0x00,0x00,0x00,0x00,0x00,0x00,0x00,0x00,0x00,0x00,0x00,0x00,
  0x00,0x00,0x00,0x00,0x03,0x00,0x63,0x00,0x83,0x00,0x84,0x00,0xa4,0x00,0x83,0x00,
  0x42,0x00,0x00,0x00,0x00,0x00,0x00,0x00,0x00,0x00,0x00,0x00,0x00,0x00,0x00,0x00,
  0x00,0x00,0x00,0x00,0x00,0x00,0x00,0x00,0x00,0x00,0x00,0x00,0x00,0x00,0x63,0x00,
  0x83,0x08,0xa4,0x00,0xa5,0x00,0x83,0x00,0x62,0x00,0x63,0x08,0x00,0x00,0x00,0x00,
  0x00,0x00,0x00,0x00,0x00,0x00,0x00,0x00,0x00,0x00,0x00,0x00,0x00,0x00,0x00,0x00,
  0x00,0x00,0x00,0x00,0x00,0x00,0x00,0x00,0x00,0x00,0x00,0x00,0x00,0x00,0x00,0x00,
  0x00,0x00,0x00,0x00,0x00,0x00,0x00,0x00,0x00,0x00,0x00,0x00,0x00,0x00,0x00,0x00,
  0x00,0x00,0x00,0x00,0x00,0x00,0x00,0x00,0x00,0x00,0x00,0x00,0x00,0x00,0x00,0x00,
  0x00,0x00,0x00,0x00,0x00,0x00,0x00,0x00,0x00,0x00,0x00,0x00,0x00,0x00,0x00,0x00,
  0x00,0x00,0x00,0x00,0x00,0x00,0x00,0x00,0x00,0x00,0x00,0x00,0x00,0x00,0x00,0x00,
  0x00,0x00,0x00,0x00,0x00,0x00,0x00,0x00,0x00,0x00,0x00,0x00,0x00,0x00,0x00,0x00,
  0x00,0x00,0x00,0x00,0x00,0x00,0x00,0x00,0x00,0x00,0x00,0x00,0x00,0x00,0x00,0x00,
  0x00,0x00,0x00,0x00,0x00,0x00,0x00,0x00,0x00,0x00,0x00,0x00,0x00,0x00,0x00,0x00,
  0x00,0x00,0x00,0x00,0x00,0x00,0x00,0x00,0x00,0x00,0x00,0x00,0x00,0x00,0x00,0x00,
  0x00,0x00,0x00,0x00,0x00,0x00,0x00,0x00,0x00,0x00,0x00,0x00,0x00,0x00,0x00,0x00,
  0x00,0x00,0x00,0x00,0x00,0x00,0x00,0x00,0x00,0x00,0x00,0x00,0x00,0x00,0x00,0x00,
  0x00,0x00,0x00,0x00,0x00,0x00,0x00,0x00,0x00,0x00,0x00,0x00,0x00,0x00,0x00,0x00,
  0x00,0x00,0x00,0x00,0x00,0x00,0x00,0x00,0x00,0x00,0x00,0x00,0x00,0x00,0x00,0x00,
  0x00,0x00,0x00,0x00,0x00,0x00,0x00,0x00,0x00,0x00,0x00,0x00,0x00,0x00,0x00,0x00,
  0x00,0x00,0x00,0x00,0x00,0x00,0x00,0x00,0x00,0x00,0x00,0x00,0x00,0x00,0x00,0x00,
  0x00,0x00,0x00,0x00,0x00,0x00,0x00,0x00,0x00,0x00,0x00,0x00,0x00,0x00,0x00,0x00,
  0x00,0x00,0x00,0x00,0x00,0x00,0x00,0x00,0x00,0x00,0x00,0x00,0x00,0x00,0x00,0x00,
  0x00,0x00,0x00,0x00,0x00,0x00,0x00,0x00,0x00,0x00,0x00,0x00,0x00,0x00,0x00,0x00,
  0x00,0x00,0x00,0x00,0x00,0x00,0x00,0x00,0x00,0x00,0x00,0x00,0x00,0x00,0x00,0x00,
  0x00,0x00,0x00,0x00,0x00,0x00,0x00,0x00,0x00,0x00,0x07,0x00,0x07,0x00,0x07,0x00,
  0x00,0x00,0x00,0x00,0x00,0x00,0x00,0x00,0x00,0x00,0x00,0x00,0x00,0x00,0x00,0x00,
  0x00,0x00,0x00,0x00,0x00,0x00,0x00,0x00,0x00,0x00,0x00,0x00,0x00,0x00,0x00,0x00,
  0x00,0x00,0x07,0x00,0x07,0x00,0x07,0x00,0x00,0x00,0x00,0x00,0x00,0x00,0x00,0x00,
  0x00,0x00,0x00,0x00,0x00,0x00,0x00,0x00,0x00,0x00,0x00,0x00,0x00,0x00,0x00,0x00,
  0x00,0x00,0x00,0x00,0x00,0x00,0x00,0x00,0x00,0x00,0x00,0x00,0x00,0x00,0x00,0x00,
  0x00,0x00,0x00,0x00,0x00,0x00,0x00,0x00,0x00,0x00,0x00,0x00,0x00,0x00,0x00,0x00,
  0x00,0x00,0x00,0x00,0x00,0x00,0x00,0x00,0x00,0x00,0x00,0x00,0x00,0x00,0x00,0x00,
  0x00,0x00,0x00,0x00,0x00,0x00,0x00,0x00,0x00,0x00,0x00,0x00,0x00,0x00,0x00,0x00,
  0x00,0x00,0x00,0x00,0x00,0x00,0x00,0x00,0x00,0x00,0x00,0x00,0x00,0x00,0x00,0x00,
  0x00,0x00,0x00,0x00,0x00,0x00,0x00,0x00,0x00,0x00,0x00,0x00,0x00,0x00,0x00,0x00,
  0x00,0x00,0x00,0x00,0x00,0x00,0x00,0x00,0x00,0x00,0x00,0x00,0x00,0x00,0x00,0x00,
  0x00,0x00,0x00,0x00,0x00,0x00,0x00,0x00,0x00,0x00,0x00,0x00,0x00,0x00,0x00,0x00,
  0x00,0x00,0x00,0x00,0x00,0x00,0x00,0x00,0x00,0x00,0x00,0x00,0x00,0x00,0x00,0x00,
  0x00,0x00,0x00,0x00,0x00,0x00,0x00,0x00,0x00,0x00,0x00,0x00,0x00,0x00,0x00,0x00,
  0x00,0x00,0x00,0x00,0x00,0x00,0x00,0x00,0x00,0x00,0x00,0x00,0x00,0x00,0x00,0x00,
  0x00,0x00,0x00,0x00,0x00,0x00,0x00,0x00,0x00,0x00,0x00,0x00,0x00,0x00,0x00,0x00,
  0x00,0x00,0x00,0x00,0x00,0x00,0x00,0x00,0x00,0x00,0x00,0x00,0x00,0x00,0x00,0x00,
  0x00,0x00,0x00,0x00,0x00,0x00,0x00,0x00,0x00,0x00,0x00,0x00,0x00,0x00,0x00,0x00,
  0x00,0x00,0x00,0x00,0x00,0x00,0x00,0x00,0x00,0x00,0x00,0x00,0x00,0x00,0x00,0x00,
  0x00,0x00,0x00,0x00,0x00,0x00,0x00,0x00,0x00,0x00,0x00,0x00,0x00,0x00,0x00,0x00,
  0x00,0x00,0x00,0x00,0x00,0x00,0x00,0x00,0x00,0x00,0x00,0x00,0x00,0x00,0x00,0x00,
  0x00,0x00,0x00,0x00,0x00,0x00,0x00,0x00,0x00,0x00,0x00,0x00,0x00,0x00,0x00,0x00,
  0x00,0x00,0x00,0x00,0x00,0x00,0x00,0x00,0x00,0x00,0x00,0x00,0x00,0x00,0x00,0x00,
  0x00,0x00,0x00,0x00,0x00,0x00,0x00,0x00,0x00,0x00,0x00,0x00,0x00,0x00,0x00,0x00,
  0x00,0x00,0x00,0x00,0x00,0x00,0x00,0x00,0x00,0x00,0x00,0x00,0x00,0x00,0x00,0x00,
  0x00,0x00,0x00,0x00,0x00,0x00,0x00,0x00,0x00,0x00,0x00,0x00,0x00,0x00,0x00,0x00,
  0x00,0x00,0x00,0x00,0x00,0x00,0x00,0x00,0x00,0x00,0x00,0x00,0x00,0x00,0x00,0x00,
  0x00,0x00,0x00,0x00,0x00,0x00,0x00,0x00,0x00,0x00,0x00,0x00,0x00,0x00,0x00,0x00,
  0x00,0x00,0x00,0x00,0x00,0x00,0x00,0x00,0x00,0x00,0x00,0x00,0x00,0x00,0x00,0x00,
  0x00,0x00,0x00,0x00,0x00,0x00,0x00,0x00,0x00,0x00,0x00,0x00,0x00,0x00,0x00,0x00,
  0x00,0x00,0x00,0x00,0x00,0x00,0x00,0x00,0x00,0x00,0x00,0x00,0x00,0x00,0x00,0x00,
  0x00,0x00,0x00,0x00,0x00,0x00,0x00,0x00,0x00,0x00,0x00,0x00,0x00,0x00,0x00,0x00,
  0x00,0x00,0x00,0x00,0x00,0x00,0x00,0x00,0x00,0x00,0x00,0x00,0x00,0x00,0x00,0x00,
  0x00,0x00,0x00,0x00,0x00,0x00,0x00,0x00,0x00,0x00,0x00,0x00,0x00,0x00,0x00,0x00,
  0x00,0x00,0x00,0x00,0x00,0x00,0x00,0x00,0x00,0x00,0x00,0x00,0x00,0x00,0x00,0x00,
  0x00,0x00,0x00,0x00,0x00,0x00,0x00,0x00,0x00,0x00,0x00,0x00,0x00,0x00,0x00,0x00,
  0x00,0x00,0x00,0x00,0x00,0x00,0x00,0x00,0x00,0x00,0x00,0x00,0x00,0x00,0x00,0x00,
  0x00,0x00,0x00,0x00,0x00,0x00,0x00,0x00,0x00,0x00,0x00,0x00,0x00,0x00,0x00,0x00,
  0x00,0x00,0x00,0x00,0x00,0x00,0x00,0x00,0x00,0x00,0x00,0x00,0x00,0x00,0x00,0x00,
  0x00,0x00,0x00,0x00,0x00,0x00,0x00,0x00,0x00,0x00,0x00,0x00,0x00,0x00,0x00,0x00,
  0x00,0x00,0x00,0x00,0x00,0x00,0x00,0x00,0x00,0x00,0x00,0x00,0x00,0x00,0x00,0x00,
  0x00,0x00,0x00,0x00,0x00,0x00,0x00,0x00,0x00,0x00,0x00,0x00,0x00,0x00,0x00,0x00,
  0x00,0x00,0x00,0x00,0x00,0x00,0x00,0x00,0x00,0x00,0x00,0x00,0x00,0x00,0x00,0x00,
  0x00,0x00,0x00,0x00,0x00,0x00,0x00,0x00,0x00,0x00,0x00,0x00,0x00,0x00,0x00,0x00,
  0x00,0x00,0x00,0x00,0x00,0x00,0x00,0x00,0x00,0x00,0x00,0x00,0x00,0x00,0x00,0x00,
  0x00,0x00,0x00,0x00,0x00,0x00,0x00,0x00,0x00,0x00,0x00,0x00,0x00,0x00,0x00,0x00,
  0x00,0x00,0x00,0x00,0x00,0x00,0x00,0x00,0x00,0x00,0x00,0x00,0x00,0x00,0x00,0x00,
  0x00,0x00,0x00,0x00,0x00,0x00,0x00,0x00,0x00,0x00,0x00,0x00,0x00,0x00,0x00,0x00,
  0x00,0x00,0x00,0x00,0x00,0x00,0x00,0x00,0x00,0x00,0x00,0x00,0x00,0x00,0x00,0x00,
  0x00,0x00,0x00,0x00,0x00,0x00,0x00,0x00,0x00,0x00,0x00,0x00,0x00,0x00,0x00,0x00,
  0x00,0x00,0x00,0x00,0x00,0x00,0x00,0x00,0x00,0x00,0x00,0x00,0x00,0x00,0x00,0x00,
  0x00,0x00,0x00,0x00,0x00,0x00,0x00,0x00,0x00,0x00,0x00,0x00,0x00,0x00,0x00,0x00,
  0x00,0x00,0x00,0x00,0x00,0x00,0x00,0x00,0x00,0x00,0x00,0x00,0x00,0x00,0x00,0x00,
  0x00,0x00,0x00,0x00,0x00,0x00,0x00,0x00,0x00,0x00,0x00,0x00,0x00,0x00,0x00,0x00,
  0x00,0x00,0x00,0x00,0x00,0x00,0x00,0x00,0x00,0x00,0x00,0x00,0x00,0x00,0x00,0x00,
  0x00,0x00,0x00,0x00,0x00,0x00,0x00,0x00,0x00,0x00,0x00,0x00,0x00,0x00,0x00,0x00,
  0x00,0x00,0x00,0x00,0x00,0x00,0x00,0x00,0x00,0x00,0x00,0x00,0x00,0x00,0x00,0x00,
  0x00,0x00,0x00,0x00,0x00,0x00,0x00,0x00,0x00,0x00,0x00,0x00,0x00,0x00,0x00,0x00,
  0x00,0x00,0x00,0x00,0x00,0x00,0x00,0x00,0x00,0x00,0x00,0x00,0x00,0x00,0x00,0x00,
  0x00,0x00,0x00,0x00,0x00,0x00,0x00,0x00,0x00,0x00,0x00,0x00,0x00,0x00,0x00,0x00,
  0x00,0x00,0x00,0x00,0x00,0x00,0x00,0x00,0x00,0x00,0x00,0x00,0x00,0x00,0x00,0x00,
  0x00,0x00,0x00,0x00,0x00,0x00,0x00,0x00,0x00,0x00,0x00,0x00,0x00,0x00,0x00,0x00,
  0x00,0x00,0x00,0x00,0x00,0x00,0x00,0x00,0x00,0x00,0x00,0x00,0x00,0x00,0x00,0x00,
  0x00,0x00,0x00,0x00,0x00,0x00,0x00,0x00,0x00,0x00,0x00,0x00,0x00,0x00,0x00,0x00,
  0x00,0x00,0x00,0x00,0x00,0x00,0x00,0x00,0x00,0x00,0x00,0x00,0x00,0x00,0x00,0x00,
  0x00,0x00,0x00,0x00,0x00,0x00,0x00,0x00,0x00,0x00,0x00,0x00,0x00,0x00,0x00,0x00,
  0x00,0x00,0x00,0x00,0x00,0x00,0x00,0x00,0x00,0x00,0x00,0x00,0x00,0x00,0x00,0x00,
  0x00,0x00,0x00,0x00,0x00,0x00,0x00,0x00,0x00,0x00,0x00,0x00,0x00,0x00,0x00,0x00,
  0x00,0x00,0x00,0x00,0x00,0x00,0x00,0x00,0x00,0x00,0x00,0x00,0x00,0x00,0x00,0x00,
  0x00,0x00,0x00,0x00,0x00,0x00,0x00,0x00,0x00,0x00,0x00,0x00,0x00,0x00,0x00,0x00,
  0x00,0x00,0x00,0x00,0x00,0x00,0x00,0x00,0x00,0x00,0x00,0x00,0x00,0x00,0x00,0x00,
  0x00,0x00,0x00,0x00,0x00,0x00,0x00,0x00,0x00,0x00,0x00,0x00,0x00,0x00,0x00,0x00,
  0x00,0x00,0x00,0x00,0x00,0x00,0x00,0x00,0x00,0x00,0x00,0x00,0x00,0x00,0x00,0x00,
  0x00,0x00,0x00,0x00,0x00,0x00,0x00,0x00,0x00,0x00,0x00,0x00,0x00,0x00,0x00,0x00,
  0x00,0x00,0x00,0x00,0x00,0x00,0x00,0x00,0x00,0x00,0x00,0x00,0x00,0x00,0x00,0x00,
  0x00,0x00,0x00,0x00,0x00,0x00,0x00,0x00,0x00,0x00,0x00,0x00,0x00,0x00,0x00,0x00,
  0x00,0x00,0x00,0x00,0x00,0x00,0x00,0x00,0x00,0x00,0x00,0x00,0x00,0x00,0x00,0x00,
  0x00,0x00,0x00,0x00,0x00,0x00,0x00,0x00,0x00,0x00,0x00,0x00,0x00,0x00,0x00,0x00,
  0x00,0x00,0x00,0x00,0x00,0x00,0x00,0x00,0x00,0x00,0x00,0x00,0x00,0x00,0x00,0x00,
  0x00,0x00,0x00,0x00,0x00,0x00,0x00,0x00,0x00,0x00,0x00,0x00,0x00,0x00,0x00,0x00,
  0x00,0x00,0x00,0x00,0x00,0x00,0x00,0x00,0x00,0x00,0x00,0x00,0x00,0x00,0x00,0x00,
  0x00,0x00,0x00,0x00,0x00,0x00,0x00,0x00,0x00,0x00,0x00,0x00,0x00,0x00,0x00,0x00,
  0x00,0x00,0x00,0x00,0x00,0x00,0x00,0x00,0x00,0x00,0x00,0x00,0x00,0x00,0x00,0x00,
  0x00,0x00,0x00,0x00,0x00,0x00,0x00,0x00,0x00,0x00,0x00,0x00,0x00,0x00,0x00,0x00,
  0x00,0x00,0x00,0x00,0x00,0x00,0x00,0x00,0x00,0x00,0x00,0x00,0x00,0x00,0x00,0x00,
  0x00,0x00,0x00,0x00,0x00,0x00,0x00,0x00,0x00,0x00,0x00,0x00,0x00,0x00,0x00,0x00,
  0x00,0x00,0x00,0x00,0x00,0x00,0x00,0x00,0x00,0x00,0x00,0x00,0x00,0x00,0x00,0x00,
  0x00,0x00,0x00,0x00,0x00,0x00,0x00,0x00,0x00,0x00,0x00,0x00,0x00,0x00,0x00,0x00,
  0x00,0x00,0x00,0x00,0x00,0x00,0x00,0x00,0x00,0x00,0x00,0x00,0x00,0x00,0x00,0x00,
  0x00,0x00,0x00,0x00,0x00,0x00,0x00,0x00,0x00,0x00,0x00,0x00,0x00,0x00,0x00,0x00,
  0x00,0x00,0x00,0x00,0x00,0x00,0x00,0x00,0x00,0x00,0x00,0x00,0x00,0x00,0x00,0x00,
  0x00,0x00,0x00,0x00,0x00,0x00,0x00,0x00,0x00,0x00,0x00,0x00,0x00,0x00,0x00,0x00,
  0x00,0x00,0x00,0x00,0x00,0x00,0x00,0x00,0x00,0x00,0x00,0x00,0x00,0x00,0x00,0x00,
  0x00,0x00,0x00,0x00,0x00,0x00,0x00,0x00,0x00,0x00,0x00,0x00,0x00,0x00,0x00,0x00,
  0x00,0x00,0x00,0x00,0x00,0x00,0x00,0x00,0x00,0x00,0x00,0x00,0x00,0x00,0x00,0x00,
  0x00,0x00,0x00,0x00,0x00,0x00,0x00,0x00,0x00,0x00,0x00,0x00,0x00,0x00,0x00,0x00,
  0x00,0x00,0x00,0x00,0x00,0x00,0x00,0x00,0x00,0x00,0x00,0x00,0x00,0x00,0x00,0x00,
  0x00,0x00,0x00,0x00,0x00,0x00,0x00,0x00,0x00,0x00,0x00,0x00,0x00,0x00,0x00,0x00,
  0x00,0x00,0x00,0x00,0x00,0x00,0x00,0x00,0x00,0x00,0x00,0x00,0x00,0x00,0x00,0x00,
  0x00,0x00,0x00,0x00,0x00,0x00,0x00,0x00,0x00,0x00,0x00,0x00,0x00,0x00,0x00,0x00,
  0x00,0x00,0x00,0x00,0x00,0x00,0x00,0x00,0x00,0x00,0x00,0x00,0x00,0x00,0x00,0x00,
  0x00,0x00,0x00,0x00,0x00,0x00,0x00,0x00,0x00,0x00,0x00,0x00,0x00,0x00,0x00,0x00,
  0x00,0x00,0x00,0x00,0x00,0x00,0x00,0x00,0x00,0x00,0x00,0x00,0x00,0x00,0x00,0x00,
  0x00,0x00,0x00,0x00,0x00,0x00,0x00,0x00,0x00,0x00,0x00,0x00,0x00,0x00,0x00,0x00,
  0x00,0x00,0x00,0x00,0x00,0x00,0x00,0x00,0x00,0x00,0x00,0x00,0x00,0x00,0x00,0x00,
  0x00,0x00,0x00,0x00,0x00,0x00,0x00,0x00,0x00,0x00,0x00,0x00,0x00,0x00,0x00,0x00,
  0x00,0x00,0x00,0x00,0x00,0x00,0x00,0x00,0x00,0x00,0x00,0x00,0x00,0x00,0x00,0x00,
  0x00,0x00,0x00,0x00,0x00,0x00,0x00,0x00,0x00,0x00,0x00,0x00,0x00,0x00,0x00,0x00,
  0x00,0x00,0x00,0x00,0x00,0x00,0x00,0x00,0x00,0x00,0x00,0x00,0x00,0x00,0x00,0x00,
  0x00,0x00,0x00,0x00,0x00,0x00,0x00,0x00,0x00,0x00,0x00,0x00,0x00,0x00,0x00,0x00,
  0x00,0x00,0x00,0x00,0x00,0x00,0x00,0x00,0x00,0x00,0x00,0x00,0x00,0x00,0x00,0x00,
  0x00,0x00,0x00,0x00,0x00,0x00,0x00,0x00,0x00,0x00,0x00,0x00,0x00,0x00,0x00,0x00,
  0x00,0x00,0x00,0x00,0x00,0x00,0x00,0x00,0x00,0x00,0x00,0x00,0x00,0x00,0x00,0x00,
  0x00,0x00,0x00,0x00,0x00,0x00,0x00,0x00,0x00,0x00,0x00,0x00,0x00,0x00,0x00,0x00,
  0x00,0x00,0x00,0x00,0x00,0x00,0x00,0x00,0x00,0x00,0x00,0x00,0x00,0x00,0x00,0x00,
  0x00,0x00,0x00,0x00,0x00,0x00,0x00,0x00,0x00,0x00,0x00,0x00,0x00,0x00,0x00,0x00,
  0x00,0x00,0x00,0x00,0x00,0x00,0x00,0x00,0x00,0x00,0x00,0x00,0x00,0x00,0x00,0x00,
  0x00,0x00,0x00,0x00,0x00,0x00,0x00,0x00,0x00,0x00,0x00,0x00,0x00,0x00,0x00,0x00,
  0x00,0x00,0x00,0x00,0x00,0x00,0x00,0x00,0x00,0x00,0x00,0x00,0x00,0x00,0x00,0x00,
  0x00,0x00,0x00,0x00,0x00,0x00,0x00,0x00,0x00,0x00,0x00,0x00,0x00,0x00,0x00,0x00,
  0x00,0x00,0x00,0x00,0x00,0x00,0x00,0x00,0x00,0x00,0x00,0x00,0x00,0x00,0x00,0x00,
  0x00,0x00,0x00,0x00,0x00,0x00,0x00,0x00,0x00,0x00,0x00,0x00,0x00,0x00,0x00,0x00,
  0x00,0x00,0x00,0x00,0x00,0x00,0x00,0x00,0x00,0x00,0x00,0x00,0x00,0x00,0x00,0x00,
  0x00,0x00,0x00,0x00,0x00,0x00,0x00,0x00,0x00,0x00,0x00,0x00,0x00,0x00,0x00,0x00,
  0x00,0x00,0x00,0x00,0x00,0x00,0x00,0x00,0x00,0x00,0x00,0x00,0x00,0x00,0x00,0x00,
  0x00,0x00,0x00,0x00,0x00,0x00,0x00,0x00,0x00,0x00,0x00,0x00,0x00,0x00,0x00,0x00,
  0x00,0x00,0x00,0x00,0x00,0x00,0x00,0x00,0x00,0x00,0x00,0x00,0x00,0x00,0x00,0x00,
  0x00,0x00,0x00,0x00,0x00,0x00,0x00,0x00,0x00,0x00,0x00,0x00,0x00,0x00,0x00,0x00,
  0x00,0x00,0x00,0x00,0x00,0x00,0x00,0x00,0x00,0x00,0x00,0x00,0x00,0x00,0x00,0x00,
  0x00,0x00,0x00,0x00,0x00,0x00,0x00,0x00,0x00,0x00,0x00,0x00,0x00,0x00,0x00,0x00,
  0x00,0x00,0x00,0x00,0x00,0x00,0x00,0x00,0x00,0x00,0x00,0x00,0x00,0x00,0x00,0x00,
  0x00,0x00,0x00,0x00,0x00,0x00,0x00,0x00,0x00,0x00,0x00,0x00,0x00,0x00,0x00,0x00,
  0x00,0x00,0x00,0x00,0x00,0x00,0x00,0x00,0x00,0x00,0x00,0x00,0x00,0x00,0x00,0x00,
  0x00,0x00,0x00,0x00,0x00,0x00,0x00,0x00,0x00,0x00,0x00,0x00,0x00,0x00,0x00,0x00,
  0x00,0x00,0x00,0x00,0x00,0x00,0x00,0x00,0x00,0x00,0x00,0x00,0x00,0x00,0x00,0x00,
  0x00,0x00,0x00,0x00,0x00,0x00,0x00,0x00,0x00,0x00,0x00,0x00,0x00,0x00,0x00,0x00,
  0x00,0x00,0x00,0x00,0x00,0x00,0x00,0x00,0x00,0x00,0x00,0x00,0x00,0x00,0x00,0x00,
  0x00,0x00,0x00,0x00,0x00,0x00,0x00,0x00,0x00,0x00,0x00,0x00,0x00,0x00,0x00,0x00,
  0x00,0x00,0x00,0x00,0x00,0x00,0x00,0x00,0x00,0x00,0x00,0x00,0x00,0x00,0x00,0x00,
  0x00,0x00,0x00,0x00,0x00,0x00,0x00,0x00,0x00,0x00,0x00,0x00,0x00,0x00,0x00,0x00,
  0x00,0x00,0x00,0x00,0x00,0x00,0x00,0x00,0x00,0x00,0x00,0x00,0x00,0x00,0x00,0x00,
  0x00,0x00,0x00,0x00,0x00,0x00,0x00,0x00,0x00,0x00,0x00,0x00,0x00,0x00,0x00,0x00,
  0x00,0x00,0x00,0x00,0x00,0x00,0x00,0x00,0x00,0x00,0x00,0x00,0x00,0x00,0x00,0x00,
  0x00,0x00,0x00,0x00,0x00,0x00,0x00,0x00,0x00,0x00,0x00,0x00,0x00,0x00,0x00,0x00,
  0x00,0x00,0x00,0x00,0x00,0x00,0x00,0x00,0x00,0x00,0x00,0x00,0x00,0x00,0x00,0x00,
  0x00,0x00,0x00,0x00,0x00,0x00,0x00,0x00,0x00,0x00,0x00,0x00,0x00,0x00,0x00,0x00,
  0x00,0x00,0x00,0x00,0x00,0x00,0x00,0x00,0x00,0x00,0x00,0x00,0x00,0x00,0x00,0x00,
  0x00,0x00,0x00,0x00,0x00,0x00,0x00,0x00,0x00,0x00,0x00,0x00,0x00,0x00,0x00,0x00,
  0x00,0x00,0x00,0x00,0x00,0x00,0x00,0x00,0x00,0x00,0x00,0x00,0x00,0x00,0x00,0x00,
  0x00,0x00,0x00,0x00,0x00,0x00,0x00,0x00,0x00,0x00,0x00,0x00,0x00,0x00,0x00,0x00,
  0x00,0x00,0x00,0x00,0x00,0x00,0x00,0x00,0x00,0x00,0x00,0x00,0x00,0x00,0x00,0x00,
  0x00,0x00,0x00,0x00,0x00,0x00,0x00,0x00,0x00,0x00,0x00,0x00,0x00,0x00,0x00,0x00,
  0x00,0x00,0x00,0x00,0x00,0x00,0x00,0x00,0x00,0x00,0x00,0x00,0x00,0x00,0x00,0x00,
  0x00,0x00,0x00,0x00,0x00,0x00,0x00,0x00,0x00,0x00,0x00,0x00,0x00,0x00,0x00,0x00,
  0x00,0x00,0x00,0x00,0x00,0x00,0x00,0x00,0x00,0x00,0x00,0x00,0x00,0x00,0x00,0x00,
  0x00,0x00,0x00,0x00,0x00,0x00,0x00,0x00,0x00,0x00,0x00,0x00,0x00,0x00,0x00,0x00,
  0x00,0x00,0x00,0x00,0x00,0x00,0x00,0x00,0x00,0x00,0x00,0x00,0x00,0x00,0x00,0x00,
  0x00,0x00,0x00,0x00,0x00,0x00,0x00,0x00,0x00,0x00,0x00,0x00,0x00,0x00,0x00,0x00,
  0x00,0x00,0x00,0x00,0x00,0x00,0x00,0x00,0x00,0x00,0x00,0x00,0x00,0x00,0x00,0x00,
  0x00,0x00,0x00,0x00,0x00,0x00,0x00,0x00,0x00,0x00,0x00,0x00,0x00,0x00,0x00,0x00,
  0x00,0x00,0x00,0x00,0x00,0x00,0x00,0x00,0x00,0x00,0x00,0x00,0x00,0x00,0x00,0x00,
  0x00,0x00,0x00,0x00,0x00,0x00,0x00,0x00,0x00,0x00,0x00,0x00,0x00,0x00,0x00,0x00,
  0x00,0x00,0x00,0x00,0x00,0x00,0x00,0x00,0x00,0x00,0x00,0x00,0x00,0x00,0x00,0x00,
  0x00,0x00,0x00,0x00,0x00,0x00,0x00,0x00,0x00,0x00,0x00,0x00,0x00,0x00,0x00,0x00,
  0x00,0x00,0x00,0x00,0x00,0x00,0x00,0x00,0x00,0x00,0x00,0x00,0x00,0x00,0x00,0x00,
  0x00,0x00,0x00,0x00,0x00,0x00,0x00,0x00,0x00,0x00,0x00,0x00,0x00,0x00,0x00,0x00,
  0x00,0x00,0x00,0x00,0x00,0x00,0x00,0x00,0x00,0x00,0x00,0x00,0x00,0x00,0x00,0x00,
  0x00,0x00,0x00,0x00,0x00,0x00,0x00,0x00,0x00,0x00,0x00,0x00,0x00,0x00,0x00,0x00,
  0x00,0x00,0x00,0x00,0x00,0x00,0x00,0x00,0x00,0x00,0x00,0x00,0x00,0x00,0x00,0x00,
  0x00,0x00,0x00,0x00,0x00,0x00,0x00,0x00,0x00,0x00,0x00,0x00,0x00,0x00,0x00,0x00,
  0x00,0x00,0x00,0x00,0x00,0x00,0x00,0x00,0x00,0x00,0x00,0x00,0x00,0x00,0x00,0x00,
  0x00,0x00,0x00,0x00,0x00,0x00,0x00,0x00,0x00,0x00,0x00,0x00,0x00,0x00,0x00,0x00,
  0x00,0x00,0x00,0x00,0x00,0x00,0x00,0x00,0x00,0x00,0x00,0x00,0x00,0x00,0x00,0x00,
  0x00,0x00,0x00,0x00,0x00,0x00,0x00,0x00,0x00,0x00,0x00,0x00,0x00,0x00,0x00,0x00,
  0x00,0x00,0x00,0x00,0x00,0x00,0x00,0x00,0x00,0x00,0x00,0x00,0x00,0x00,0x00,0x00,
  0x00,0x00,0x00,0x00,0x00,0x00,0x00,0x00,0x00,0x00,0x00,0x00,0x00,0x00,0x00,0x00,
  0x00,0x00,0x00,0x00,0x00,0x00,0x00,0x00,0x00,0x00,0x00,0x00,0x00,0x00,0x00,0x00,
  0x00,0x00,0x00,0x00,0x00,0x00,0x00,0x00,0x00,0x00,0x00,0x00,0x00,0x00,0x00,0x00,
  0x00,0x00,0x00,0x00,0x00,0x00,0x00,0x00,0x00,0x00,0x00,0x00,0x00,0x00,0x00,0x00,
  0x00,0x00,0x00,0x00,0x00,0x00,0x00,0x00,0x00,0x00,0x00,0x00,0x00,0x00,0x00,0x00,
  0x00,0x00,0x00,0x00,0x00,0x00,0x00,0x00,0x00,0x00,0x00,0x00,0x00,0x00,0x00,0x00,
  0x00,0x00,0x00,0x00,0x00,0x00,0x00,0x00,0x00,0x00,0x00,0x00,0x00,0x00,0x00,0x00,
  0x00,0x00,0x00,0x00,0x00,0x00,0x00,0x00,0x00,0x00,0x00,0x00,0x00,0x00,0x00,0x00,
  0x00,0x00,0x00,0x00,0x00,0x00,0x00,0x00,0x00,0x00,0x00,0x00,0x00,0x00,0x00,0x00,
  0x00,0x00,0x00,0x00,0x00,0x00,0x00,0x00,0x00,0x00,0x00,0x00,0x00,0x00,0x00,0x00,
  0x00,0x00,0x00,0x00,0x00,0x00,0x00,0x00,0x00,0x00,0x00,0x00,0x00,0x00,0x00,0x00,
  0x00,0x00,0x00,0x00,0x00,0x00,0x00,0x00,0x00,0x00,0x00,0x00,0x00,0x00,0x00,0x00,
  0x00,0x00,0x00,0x00,0x00,0x00,0x00,0x00,0x00,0x00,0x00,0x00,0x00,0x00,0x00,0x00,
  0x00,0x00,0x00,0x00,0x00,0x00,0x00,0x00,0x00,0x00,0x00,0x00,0x00,0x00,0x00,0x00,
  0x00,0x00,0x00,0x00,0x00,0x00,0x00,0x00,0x00,0x00,0x00,0x00,0x00,0x00,0x00,0x00,
  0x00,0x00,0x00,0x00,0x00,0x00,0x00,0x00,0x00,0x00,0x00,0x00,0x00,0x00,0x00,0x00,
  0x00,0x00,0x00,0x00,0x00,0x00,0x00,0x00,0x00,0x00,0x00,0x00,0x00,0x00,0x00,0x00,
  0x00,0x00,0x00,0x00,0x00,0x00,0x00,0x00,0x00,0x00,0x00,0x00,0x00,0x00,0x00,0x00,
  0x00,0x00,0x00,0x00,0x00,0x00,0x00,0x00,0x00,0x00,0x00,0x00,0x00,0x00,0x00,0x00,
  0x00,0x00,0x00,0x00,0x00,0x00,0x00,0x00,0x00,0x00,0x00,0x00,0x00,0x00,0x00,0x00,
  0x00,0x00,0x00,0x00,0x00,0x00,0x00,0x00,0x00,0x00,0x00,0x00,0x00,0x00,0x00,0x00,
  0x00,0x00,0x00,0x00,0x00,0x00,0x00,0x00,0x00,0x00,0x00,0x00,0x00,0x00,0x00,0x00,
  0x00,0x00,0x00,0x00,0x00,0x00,0x00,0x00,0x00,0x00,0x00,0x00,0x00,0x00,0x00,0x00,
  0x00,0x00,0x00,0x00,0x00,0x00,0x00,0x00,0x00,0x00,0x00,0x00,0x00,0x00,0x00,0x00,
  0x00,0x00,0x00,0x00,0x00,0x00,0x00,0x00,0x00,0x00,0x00,0x00,0x00,0x00,0x00,0x00,
  0x00,0x00,0x00,0x00,0x00,0x00,0x00,0x00,0x00,0x00,0x00,0x00,0x00,0x00,0x00,0x00,
  0x00,0x00,0x00,0x00,0x00,0x00,0x00,0x00,0x00,0x00,0x00,0x00,0x00,0x00,0x00,0x00,
  0x00,0x00,0x00,0x00,0x00,0x00,0x00,0x00,0x00,0x00,0x00,0x00,0x00,0x00,0x00,0x00,
  0x00,0x00,0x00,0x00,0x00,0x00,0x00,0x00,0x00,0x00,0x00,0x00,0x00,0x00,0x00,0x00,
  0x00,0x00,0x00,0x00,0x00,0x00,0x00,0x00,0x00,0x00,0x00,0x00,0x00,0x00,0x00,0x00,
  0x00,0x00,0x00,0x00,0x00,0x00,0x00,0x00,0x00,0x00,0x00,0x00,0x00,0x00,0x00,0x00,
  0x00,0x00,0x00,0x00,0x00,0x00,0x00,0x00,0x00,0x00,0x00,0x00,0x00,0x00,0x00,0x00,
  0x00,0x00,0x00,0x00,0x00,0x00,0x00,0x00,0x00,0x00,0x00,0x00,0x00,0x00,0x00,0x00,
  0x00,0x00,0x00,0x00,0x00,0x00,0x00,0x00,0x00,0x00,0x00,0x00,0x00,0x00,0x00,0x00,
  0x00,0x00,0x00,0x00,0x00,0x00,0x00,0x00,0x00,0x00,0x00,0x00,0x00,0x00,0x00,0x00,
  0x00,0x00,0x00,0x00,0x00,0x00,0x00,0x00,0x00,0x00,0x00,0x00,0x00,0x00,0x00,0x00,
  0x00,0x00,0x00,0x00,0x00,0x00,0x00,0x00,0x00,0x00,0x00,0x00,0x00,0x00,0x00,0x00,
  0x00,0x00,0x00,0x00,0x00,0x00,0x00,0x00,0x00,0x00,0x00,0x00,0x00,0x00,0x00,0x00,
  0x00,0x00,0x00,0x00,0x00,0x00,0x00,0x00,0x00,0x00,0x00,0x00,0x00,0x00,0x00,0x00,
  0x00,0x00,0x00,0x00,0x00,0x00,0x00,0x00,0x00,0x00,0x00,0x00,0x00,0x00,0x00,0x00,
  0x00,0x00,0x00,0x00,0x00,0x00,0x00,0x00,0x00,0x00,0x00,0x00,0x00,0x00,0x00,0x00,
  0x00,0x00,0x00,0x00,0x00,0x00,0x00,0x00,0x00,0x00,0x00,0x00,0x00,0x00,0x00,0x00,
  0x00,0x00,0x00,0x00,0x00,0x00,0x00,0x00,0x00,0x00,0x00,0x00,0x00,0x00,0x00,0x00,
  0x00,0x00,0x00,0x00,0x00,0x00,0x00,0x00,0x00,0x00,0x00,0x00,0x00,0x00,0x00,0x00,
  0x00,0x00,0x00,0x00,0x00,0x00,0x00,0x00,0x00,0x00,0x00,0x00,0x00,0x00,0x00,0x00,
  0x00,0x00,0x00,0x00,0x00,0x00,0x00,0x00,0x00,0x00,0x00,0x00,0x00,0x00,0x00,0x00,
  0x00,0x00,0x00,0x00,0x00,0x00,0x00,0x00,0x00,0x00,0x00,0x00,0x00,0x00,0x00,0x00,
  0x00,0x00,0x00,0x00,0x00,0x00,0x00,0x00,0x00,0x00,0x00,0x00,0x00,0x00,0x00,0x00,
  0x00,0x00,0x00,0x00,0x00,0x00,0x00,0x00,0x00,0x00,0x00,0x00,0x00,0x00,0x00,0x00,
  0x00,0x00,0x00,0x00,0x00,0x00,0x00,0x00,0x00,0x00,0x00,0x00,0x00,0x00,0x00,0x00,
  0x00,0x00,0x00,0x00,0x00,0x00,0x00,0x00,0x00,0x00,0x00,0x00,0x00,0x00,0x00,0x00,
  0x00,0x00,0x00,0x00,0x00,0x00,0x00,0x00,0x00,0x00,0x00,0x00,0x00,0x00,0x00,0x00,
  0x00,0x00,0x00,0x00,0x00,0x00,0x00,0x00,0x00,0x00,0x00,0x00,0x00,0x00,0x00,0x00,
  0x00,0x00,0x00,0x00,0x00,0x00,0x00,0x00,0x00,0x00,0x00,0x00,0x00,0x00,0x00,0x00,
  0x00,0x00,0x00,0x00,0x00,0x00,0x00,0x00,0x00,0x00,0x00,0x00,0x00,0x00,0x00,0x00,
  0x00,0x00,0x00,0x00,0x00,0x00,0x00,0x00,0x00,0x00,0x00,0x00,0x00,0x00,0x00,0x00,
  0x00,0x00,0x00,0x00,0x00,0x00,0x00,0x00,0x00,0x00,0x00,0x00,0x00,0x00,0x00,0x00,
  0x00,0x00,0x00,0x00,0x00,0x00,0x00,0x00,0x00,0x00,0x00,0x00,0x00,0x00,0x00,0x00,
  0x00,0x00,0x00,0x00,0x00,0x00,0x00,0x00,0x00,0x00,0x00,0x00,0x00,0x00,0x00,0x00,
  0x00,0x00,0x00,0x00,0x00,0x00,0x00,0x00,0x00,0x00,0x00,0x00,0x00,0x00,0x00,0x00,
  0x00,0x00,0x00,0x00,0x00,0x00,0x00,0x00,0x00,0x00,0x00,0x00,0x00,0x00,0x00,0x00,
  0x00,0x00,0x00,0x00,0x00,0x00,0x00,0x00,0x00,0x00,0x00,0x00,0x00,0x00,0x00,0x00,
  0x00,0x00,0x00,0x00,0x00,0x00,0x00,0x00,0x00,0x00,0x00,0x00,0x00,0x00,0x00,0x00,
  0x00,0x00,0x00,0x00,0x00,0x00,0x00,0x00,0x00,0x00,0x00,0x00,0x00,0x00,0x00,0x00,
  0x00,0x00,0x00,0x00,0x00,0x00,0x00,0x00,0x00,0x00,0x00,0x00,0x00,0x00,0x00,0x00,
  0x00,0x00,0x00,0x00,0x00,0x00,0x00,0x00,0x00,0x00,0x00,0x00,0x00,0x00,0x00,0x00,
  0x00,0x00,0x00,0x00,0x00,0x00,0x00,0x00,0x00,0x00,0x00,0x00,0x00,0x00,0x00,0x00,
  0x00,0x00,0x00,0x00,0x00,0x00,0x00,0x00,0x00,0x00,0x00,0x00,0x00,0x00,0x00,0x00,
  0x00,0x00,0x00,0x00,0x00,0x00,0x00,0x00,0x00,0x00,0x00,0x00,0x00,0x00,0x00,0x00,
  0x00,0x00,0x00,0x00,0x00,0x00,0x00,0x00,0x00,0x00,0x00,0x00,0x00,0x00,0x00,0x00,
  0x00,0x00,0x00,0x00,0x00,0x00,0x00,0x00,0x00,0x00,0x00,0x00,0x00,0x00,0x00,0x00,
  0x00,0x00,0x00,0x00,0x00,0x00,0x00,0x00,0x00,0x00,0x00,0x00,0x00,0x00,0x00,0x00,
  0x00,0x00,0x00,0x00,0x00,0x00,0x00,0x00,0x00,0x00,0x00,0x00,0x00,0x00,0x00,0x00,
  0x00,0x00,0x00,0x00,0x00,0x00,0x00,0x00,0x00,0x00,0x00,0x00,0x00,0x00,0x00,0x00,
  0x00,0x00,0x00,0x00,0x00,0x00,0x00,0x00,0x00,0x00,0x00,0x00,0x00,0x00,0x00,0x00,
  0x00,0x00,0x00,0x00,0x00,0x00,0x00,0x00,0x00,0x00,0x00,0x00,0x00,0x00,0x00,0x00,
  0x00,0x00,0x00,0x00,0x00,0x00,0x00,0x00,0x00,0x00,0x00,0x00,0x00,0x00,0x00,0x00,
  0x00,0x00,0x00,0x00,0x00,0x00,0x00,0x00,0x00,0x00,0x00,0x00,0x00,0x00,0x00,0x00,
  0x00,0x00,0x00,0x00,0x00,0x00,0x00,0x00,0x00,0x00,0x00,0x00,0x00,0x00,0x00,0x00,
  0x00,0x00,0x00,0x00,0x00,0x00,0x00,0x00,0x00,0x00,0x00,0x00,0x00,0x00,0x00,0x00,
  0x00,0x00,0x00,0x00,0x00,0x00,0x00,0x00,0x00,0x00,0x00,0x00,0x00,0x00,0x00,0x00,
  0x00,0x00,0x00,0x00,0x00,0x00,0x00,0x00,0x00,0x00,0x00,0x00,0x00,0x00,0x00,0x00,
  0x00,0x00,0x00,0x00,0x00,0x00,0x00,0x00,0x00,0x00,0x00,0x00,0x00,0x00,0x00,0x00,
  0x00,0x00,0x00,0x00,0x00,0x00,0x00,0x00,0x00,0x00,0x00,0x00,0x00,0x00,0x00,0x00,
  0x00,0x00,0x00,0x00,0x00,0x00,0x00,0x00,0x00,0x00,0x00,0x00,0x00,0x00,0x00,0x00,
  0x00,0x00,0x00,0x00,0x00,0x00,0x00,0x00,0x00,0x00,0x00,0x00,0x00,0x00,0x00,0x00,
  0x00,0x00,0x00,0x00,0x00,0x00,0x00,0x00,0x00,0x00,0x00,0x00,0x00,0x00,0x00,0x00,
  0x00,0x00,0x00,0x00,0x00,0x00,0x00,0x00,0x00,0x00,0x00,0x00,0x00,0x00,0x00,0x00,
  0x00,0x00,0x00,0x00,0x00,0x00,0x00,0x00,0x00,0x00,0x00,0x00,0x00,0x00,0x00,0x00,
  0x00,0x00,0x00,0x00,0x00,0x00,0x00,0x00,0x00,0x00,0x00,0x00,0x00,0x00,0x00,0x00,
  0x00,0x00,0x00,0x00,0x00,0x00,0x00,0x00,0x00,0x00,0x00,0x00,0x00,0x00,0x00,0x00,
  0x00,0x00,0x00,0x00,0x00,0x00,0x00,0x00,0x00,0x00,0x00,0x00,0x00,0x00,0x00,0x00,
  0x00,0x00,0x00,0x00,0x00,0x00,0x00,0x00,0x00,0x00,0x00,0x00,0x00,0x00,0x00,0x00,
  0x00,0x00,0x00,0x00,0x00,0x00,0x00,0x00,0x00,0x00,0x00,0x00,0x00,0x00,0x00,0x00,
  0x00,0x00,0x00,0x00,0x00,0x00,0x00,0x00,0x00,0x00,0x00,0x00,0x00,0x00,0x00,0x00,
  0x00,0x00,0x00,0x00,0x00,0x00,0x00,0x00,0x00,0x00,0x00,0x00,0x00,0x00,0x00,0x00,
  0x00,0x00,0x00,0x00,0x00,0x00,0x00,0x00,0x00,0x00,0x00,0x00,0x00,0x00,0x00,0x00,
  0x00,0x00,0x00,0x00,0x00,0x00,0x00,0x00,0x00,0x00,0x00,0x00,0x00,0x00,0x00,0x00,
  0x00,0x00,0x00,0x00,0x00,0x00,0x00,0x00,0x00,0x00,0x00,0x00,0x00,0x00,0x00,0x00,
  0x00,0x00,0x00,0x00,0x00,0x00,0x00,0x00,0x00,0x00,0x00,0x00,0x00,0x00,0x00,0x00,
  0x00,0x00,0x00,0x00,0x00,0x00,0x00,0x00,0x00,0x00,0x00,0x00,0x00,0x00,0x00,0x00,
  0x00,0x00,0x00,0x00,0x00,0x00,0x00,0x00,0x00,0x00,0x00,0x00,0x00,0x00,0x00,0x00,
  0x00,0x00,0x00,0x00,0x00,0x00,0x00,0x00,0x00,0x00,0x00,0x00,0x00,0x00,0x00,0x00,
  0x00,0x00,0x00,0x00,0x00,0x00,0x00,0x00,0x00,0x00,0x00,0x00,0x00,0x00,0x00,0x00,
  0x00,0x00,0x00,0x00,0x00,0x00,0x00,0x00,0x00,0x00,0x00,0x00,0x00,0x00,0x00,0x00,
  0x00,0x00,0x00,0x00,0x00,0x00,0x00,0x00,0x00,0x00,0x00,0x00,0x00,0x00,0x00,0x00,
  0x00,0x00,0x00,0x00,0x00,0x00,0x00,0x00,0x00,0x00,0x00,0x00,0x00,0x00,0x00,0x00,
  0x00,0x00,0x00,0x00,0x00,0x00,0x00,0x00,0x00,0x00,0x00,0x00,0x00,0x00,0x00,0x00,
  0x00,0x00,0x00,0x00,0x00,0x00,0x00,0x00,0x00,0x00,0x00,0x00,0x00,0x00,0x00,0x00,
  0x00,0x00,0x00,0x00,0x00,0x00,0x00,0x00,0x00,0x00,0x00,0x00,0x00,0x00,0x00,0x00,
  0x00,0x00,0x00,0x00,0x00,0x00,0x00,0x00,0x00,0x00,0x00,0x00,0x00,0x00,0x00,0x00,
  0x00,0x00,0x00,0x00,0x00,0x00,0x00,0x00,0x00,0x00,0x00,0x00,0x00,0x00,0x00,0x00,
  0x00,0x00,0x00,0x00,0x00,0x00,0x00,0x00,0x00,0x00,0x00,0x00,0x00,0x00,0x00,0x00,
  0x00,0x00,0x00,0x00,0x00,0x00,0x00,0x00,0x00,0x00,0x00,0x00,0x00,0x00,0x00,0x00,
  0x00,0x00,0x00,0x00,0x00,0x00,0x00,0x00,0x00,0x00,0x00,0x00,0x00,0x00,0x00,0x00,
  0x00,0x00,0x00,0x00,0x00,0x00,0x00,0x00,0x00,0x00,0x00,0x00,0x00,0x00,0x00,0x00,
  0x00,0x00,0x00,0x00,0x00,0x00,0x00,0x00,0x00,0x00,0x00,0x00,0x00,0x00,0x00,0x00,
  0x00,0x00,0x00,0x00,0x00,0x00,0x00,0x00,0x00,0x00,0x00,0x00,0x00,0x00,0x00,0x00,
  0x00,0x00,0x00,0x00,0x00,0x00,0x00,0x00,0x00,0x00,0x00,0x00,0x00,0x00,0x00,0x00,
  0x00,0x00,0x00,0x00,0x00,0x00,0x00,0x00,0x00,0x00,0x00,0x00,0x00,0x00,0x00,0x00,
  0x00,0x00,0x00,0x00,0x00,0x00,0x00,0x00,0x00,0x00,0x00,0x00,0x00,0x00,0x00,0x00,
  0x00,0x00,0x00,0x00,0x00,0x00,0x00,0x00,0x00,0x00,0x02,0x04,0x04,0x04,0x04,0x04,
  0x04,0x04,0x04,0x04,0x03,0x00,0x00,0x00,0x00,0x00,0x00,0x00,0x00,0x00,0x00,0x00,
  0x00,0x00,0x00,0x00,0x00,0x00,0x00,0x00,0x00,0x00,0x00,0x00,0x00,0x00,0x00,0x00,
  0x00,0x00,0x00,0x00,0x00,0x00,0x00,0x00,0x00,0x00,0x00,0x02,0x04,0x04,0x04,0x04,
  0x04,0x04,0x04,0x04,0x04,0x02,0x00,0x00,0x00,0x00,0x00,0x00,0x00,0x00,0x00,0x00,
  0x00,0x00,0x00,0x00,0x00,0x00,0x00,0x00,0x00,0x00,0x00,0x00,0x00,0x00,0x00,0x00,
  0x00,0x00,0x00,0x00,0x00,0x00,0x00,0x00,0x00,0x00,0x00,0x00,0x00,0x00,0x00,0x00,
  0x00,0x00,0x00,0x00,0x00,0x00,0x00,0x00,0x00,0x00,0x00,0x00,0x00,0x00,0x00,0x00,
  0x00,0x00,0x00,0x00,0x00,0x00,0x00,0x00,0x00,0x00,0x00,0x00,0x00,0x00,0x00,0x00,
  0x00,0x00,0x00,0x00,0x00,0x00,0x00,0x00,0x00,0x00,0x00,0x00,0x00,0x00,0x00,0x00,
  0x00,0x00,0x00,0x00,0x00,0x00,0x00,0x00,0x00,0x00,0x00,0x00,0x00,0x00,0x00,0x00,
  0x00,0x00,0x00,0x00,0x00,0x00,0x00,0x00,0x00,0x00,0x00,0x00,0x00,0x00,0x00,0x00,
  0x00,0x00,0x00,0x00,0x00,0x00,0x00,0x00,0x02,0x00,0x3d,0x7d,0x7b,0x7d,0x7d,0x7d,
  0x7d,0x7d,0x7c,0x7d,0x5e,0x00,0x01,0x00,0x00,0x00,0x00,0x00,0x00,0x00,0x00,0x00,
  0x00,0x00,0x00,0x00,0x00,0x00,0x00,0x00,0x00,0x00,0x00,0x00,0x00,0x00,0x00,0x00,
  0x00,0x00,0x00,0x00,0x00,0x00,0x00,0x00,0x00,0x02,0x00,0x39,0x7d,0x7b,0x7d,0x7d,
  0x7d,0x7d,0x7d,0x7b,0x7d,0x3d,0x00,0x02,0x00,0x00,0x00,0x00,0x00,0x00,0x00,0x00,
  0x00,0x00,0x00,0x00,0x00,0x00,0x00,0x00,0x00,0x00,0x00,0x00,0x00,0x00,0x00,0x00,
  0x00,0x00,0x00,0x00,0x00,0x00,0x00,0x00,0x04,0x00,0x86,0xff,0xff,0xff,0xff,0xff,
  0xff,0xff,0xff,0xff,0xe3,0x01,0x01,0x02,0x00,0x00,0x00,0x00,0x00,0x00,0x00,0x00,
  0x00,0x00,0x00,0x00,0x00,0x00,0x00,0x00,0x00,0x00,0x00,0x00,0x00,0x00,0x00,0x00,
  0x00,0x00,0x00,0x00,0x00,0x00,0x00,0x00,0x01,0x08,0x00,0x92,0xff,0xff,0xff,0xff,
  0xff,0xff,0xff,0xff,0xff,0x86,0x00,0x04,0x00,0x00,0x00,0x00,0x00,0x00,0x00,0x00,
  0x00,0x00,0x00,0x00,0x00,0x00,0x00,0x00,0x00,0x00,0x00,0x00,0x00,0x00,0x00,0x00,
  0x00,0x00,0x00,0x00,0x00,0x00,0x00,0x00,0x04,0x00,0x7b,0xfb,0xf7,0xfb,0xfb,0xfb,
  0xfb,0xfb,0xf9,0xfb,0xd1,0x00,0x00,0x00,0x00,0x00,0x00,0x00,0x00,0x00,0x00,0x00,
  0x00,0x00,0x00,0x00,0x00,0x00,0x00,0x00,0x00,0x00,0x00,0x00,0x00,0x00,0x00,0x00,
  0x00,0x00,0x00,0x00,0x00,0x00,0x00,0x00,0x00,0x00,0x00,0x96,0xfb,0xf7,0xfb,0xfb,
  0xf9,0xfa,0xfb,0xf7,0xfb,0x7b,0x00,0x04,0x00,0x00,0x00,0x00,0x00,0x00,0x00,0x00,
  0x00,0x00,0x00,0x00,0x00,0x00,0x00,0x00,0x00,0x00,0x00,0x00,0x00,0x00,0x00,0x00,
  0x00,0x00,0x00,0x00,0x00,0x00,0x00,0x00,0x04,0x00,0x7d,0xff,0xfb,0xff,0xff,0xff,
  0xff,0xff,0xfe,0xff,0xf7,0xcb,0xcd,0x72,0x01,0x04,0x00,0x00,0x00,0x00,0x00,0x00,
  0x00,0x00,0x00,0x00,0x00,0x00,0x00,0x00,0x00,0x00,0x00,0x00,0x00,0x00,0x00,0x00,
  0x00,0x00,0x00,0x00,0x00,0x00,0x04,0x01,0x3b,0xab,0xca,0xf9,0xfe,0xff,0xfe,0xff,
  0xe8,0xf2,0xff,0xfb,0xff,0x7d,0x00,0x04,0x00,0x00,0x00,0x00,0x00,0x00,0x00,0x00,
  0x00,0x00,0x00,0x00,0x00,0x00,0x00,0x00,0x00,0x00,0x00,0x00,0x00,0x00,0x00,0x00,
  0x00,0x00,0x00,0x00,0x00,0x00,0x00,0x00,0x04,0x00,0x7d,0xff,0xfb,0xff,0xff,0xff,
  0xff,0xff,0xff,0xff,0xff,0xff,0xff,0xae,0x00,0x00,0x00,0x00,0x00,0x00,0x00,0x00,
  0x00,0x00,0x00,0x00,0x00,0x00,0x00,0x00,0x00,0x00,0x00,0x00,0x00,0x00,0x00,0x00,
  0x00,0x00,0x00,0x00,0x00,0x00,0x01,0x00,0x81,0xff,0xff,0xff,0xff,0xff,0xff,0xff,
  0xff,0xff,0xff,0xfb,0xff,0x7d,0x00,0x04,0x00,0x00,0x00,0x00,0x00,0x00,0x00,0x00,
  0x00,0x00,0x00,0x00,0x00,0x00,0x00,0x00,0x00,0x00,0x00,0x00,0x00,0x00,0x00,0x00,
  0x00,0x00,0x00,0x00,0x00,0x00,0x00,0x00,0x04,0x00,0x7d,0xff,0xfb,0xff,0xff,0xff,
  0xff,0xfd,0xfc,0xff,0xfe,0xfa,0xfd,0xc3,0x11,0x12,0x01,0x00,0x00,0x00,0x00,0x00,
  0x00,0x00,0x00,0x00,0x00,0x00,0x00,0x00,0x00,0x00,0x00,0x00,0x00,0x00,0x00,0x00,
  0x00,0x00,0x00,0x00,0x00,0x00,0x0c,0x1d,0xc8,0xfb,0xfb,0xf7,0xe4,0xfa,0xfe,0xff,
  0xff,0xff,0xff,0xfb,0xff,0x7d,0x00,0x04,0x00,0x00,0x00,0x00,0x00,0x00,0x00,0x00,
  0x00,0x00,0x00,0x00,0x00,0x00,0x00,0x00,0x00,0x00,0x00,0x00,0x00,0x00,0x00,0x00,
  0x00,0x00,0x00,0x00,0x00,0x00,0x00,0x00,0x04,0x00,0x7d,0xff,0xfb,0xff,0xff,0xff,
  0xff,0xfe,0xfd,0xff,0xff,0xff,0xff,0xf9,0xed,0xed,0x32,0x04,0x07,0x04,0x04,0x04,
  0x02,0x00,0x00,0x00,0x00,0x00,0x00,0x00,0x00,0x00,0x00,0x00,0x00,0x00,0x00,0x02,
  0x04,0x04,0x04,0x06,0x05,0x1e,0xe0,0xee,0xfa,0xff,0xff,0xfa,0xec,0xfb,0xfe,0xff,
  0xff,0xff,0xff,0xfb,0xff,0x7d,0x00,0x04,0x00,0x00,0x00,0x00,0x00,0x00,0x00,0x00,
  0x00,0x00,0x00,0x00,0x00,0x00,0x00,0x00,0x00,0x00,0x00,0x00,0x00,0x00,0x00,0x00,
  0x00,0x00,0x00,0x00,0x00,0x00,0x00,0x00,0x04,0x00,0x7d,0xff,0xfb,0xff,0xff,0xff,
  0xff,0xff,0xff,0xff,0xff,0xff,0xff,0xff,0xff,0xff,0x2b,0x00,0x00,0x00,0x00,0x00,
  0x00,0x00,0x00,0x00,0x00,0x00,0x00,0x00,0x00,0x00,0x00,0x00,0x00,0x00,0x00,0x00,
  0x00,0x00,0x00,0x00,0x00,0x27,0xff,0xff,0xff,0xff,0xff,0xff,0xff,0xff,0xff,0xff,
  0xfe,0xff,0xff,0xfb,0xff,0x7d,0x00,0x04,0x00,0x00,0x00,0x00,0x00,0x00,0x00,0x00,
  0x00,0x00,0x00,0x00,0x00,0x00,0x00,0x00,0x00,0x00,0x00,0x00,0x00,0x00,0x00,0x00,
  0x00,0x00,0x00,0x00,0x00,0x00,0x00,0x00,0x04,0x00,0x7d,0xfd,0xfa,0xff,0xff,0xff,
  0xff,0xff,0xff,0xff,0xff,0xff,0xff,0xff,0xfd,0xfe,0x7c,0x79,0x7e,0x7d,0x5f,0x55,
  0x34,0x01,0x02,0x00,0x01,0x00,0x00,0x00,0x00,0x00,0x00,0x00,0x00,0x02,0x01,0x42,
  0x56,0x5e,0x7d,0x7e,0x7d,0x99,0xfe,0xfd,0xfe,0xed,0xff,0xff,0xfe,0xff,0xff,0xff,
  0xff,0xff,0xff,0xfa,0xfd,0x7d,0x00,0x04,0x00,0x00,0x00,0x00,0x00,0x00,0x00,0x00,
  0x00,0x00,0x00,0x00,0x00,0x00,0x00,0x00,0x00,0x00,0x00,0x00,0x00,0x00,0x00,0x00,
  0x00,0x00,0x00,0x00,0x00,0x00,0x00,0x00,0x04,0x00,0x7d,0xff,0xff,0xff,0xff,0xff,
  0xff,0xff,0xff,0xff,0xff,0xff,0xff,0xff,0xff,0xff,0xff,0xff,0xff,0xff,0xff,0xff,
  0xc3,0x00,0x04,0x00,0x00,0x01,0x01,0x01,0x01,0x01,0x01,0x01,0x01,0x02,0x00,0xa9,
  0xff,0xff,0xff,0xff,0xff,0xff,0xff,0xff,0xff,0xfd,0xff,0xff,0xff,0xff,0xff,0xff,
  0xe7,0xfe,0xff,0xfd,0xff,0x7d,0x00,0x04,0x00,0x00,0x00,0x00,0x00,0x00,0x00,0x00,
  0x00,0x00,0x00,0x00,0x00,0x00,0x00,0x00,0x00,0x00,0x00,0x00,0x00,0x00,0x00,0x00,
  0x00,0x00,0x00,0x00,0x00,0x00,0x00,0x00,0x01,0x00,0x18,0x3e,0x98,0xff,0xfc,0xff,
  0xff,0xff,0xff,0xff,0xff,0xff,0xff,0xff,0xff,0xff,0xfc,0xfa,0xf7,0xfa,0xf9,0xfb,
  0xc8,0x06,0x00,0x00,0x08,0x00,0x00,0x00,0x00,0x00,0x00,0x00,0x00,0x0b,0x0e,0xa3,
  0xfe,0xf9,0xfa,0xf9,0xf9,0xfc,0xff,0xff,0xff,0xff,0xff,0xff,0xff,0xff,0xff,0xff,
  0xe0,0xfb,0xff,0xb1,0x41,0x17,0x00,0x01,0x00,0x00,0x00,0x00,0x00,0x00,0x00,0x00,
  0x00,0x00,0x00,0x00,0x00,0x00,0x00,0x00,0x00,0x00,0x00,0x00,0x00,0x00,0x00,0x00,
  0x00,0x00,0x00,0x00,0x00,0x00,0x00,0x00,0x00,0x00,0x00,0x00,0x58,0xfe,0xfa,0xff,
  0xff,0xf9,0xfe,0xfe,0xff,0xfe,0xfe,0xfe,0xff,0xff,0xff,0xf5,0xd7,0xf8,0xff,0xfe,
  0xf9,0xdc,0xce,0xd3,0xe1,0xcd,0xce,0xcd,0xcd,0xcd,0xcd,0xce,0xcd,0xe1,0xe9,0xf6,
  0xf4,0xf6,0xf7,0xe7,0xe6,0xff,0xfb,0xf9,0xff,0xfe,0xfe,0xff,0xfe,0xfe,0xe1,0xde,
  0xff,0xfc,0xfe,0xb4,0x10,0x00,0x02,0x00,0x00,0x00,0x00,0x00,0x00,0x00,0x00,0x00,
  0x00,0x00,0x00,0x00,0x00,0x00,0x00,0x00,0x00,0x00,0x00,0x00,0x00,0x00,0x00,0x00,
  0x00,0x00,0x00,0x00,0x00,0x00,0x00,0x00,0x00,0x00,0x04,0x03,0x4d,0xff,0xff,0xff,
  0xff,0xff,0xff,0xff,0xff,0xff,0xff,0xff,0xff,0xff,0xff,0xff,0xff,0xff,0xff,0xff,
  0xff,0xff,0xff,0xff,0xff,0xff,0xff,0xff,0xff,0xff,0xff,0xff,0xff,0xff,0xff,0xff,
  0xdd,0xed,0xff,0xff,0xff,0xff,0xed,0xde,0xff,0xff,0xff,0xff,0xff,0xff,0xfd,0xfd,
  0xff,0xff,0xff,0x75,0x04,0x05,0x00,0x00,0x00,0x00,0x00,0x00,0x00,0x00,0x00,0x00,
  0x00,0x00,0x00,0x00,0x00,0x00,0x00,0x00,0x00,0x00,0x00,0x00,0x00,0x00,0x00,0x00,
  0x00,0x00,0x00,0x00,0x00,0x00,0x00,0x00,0x00,0x00,0x03,0x00,0x44,0xee,0xe1,0xf9,
  0xff,0xff,0xfa,0xed,0xff,0xed,0xee,0xdc,0xf3,0xff,0xff,0xff,0xfe,0xff,0xfe,0xff,
  0xe4,0xcb,0xfb,0xfc,0xfd,0xfd,0xfd,0xfc,0xfc,0xfd,0xfd,0xfc,0xfc,0xfc,0xd2,0xed,
  0xe7,0xf1,0xff,0xfe,0xfe,0xff,0xf1,0xe8,0xf6,0xe8,0xec,0xfe,0xf2,0xee,0xff,0xff,
  0xf8,0xe7,0xee,0x67,0x00,0x04,0x00,0x00,0x00,0x00,0x00,0x00,0x00,0x00,0x00,0x00,
  0x00,0x00,0x00,0x00,0x00,0x00,0x00,0x00,0x00,0x00,0x00,0x00,0x00,0x00,0x00,0x00,
  0x00,0x00,0x00,0x00,0x00,0x00,0x00,0x00,0x00,0x00,0x00,0x00,0x06,0x22,0x76,0xe5,
  0xff,0xfe,0xfb,0xe5,0xff,0xec,0xcc,0xf4,0xfb,0xff,0xff,0xff,0xff,0xff,0xff,0xfe,
  0xf0,0xce,0xea,0xff,0xff,0xff,0xff,0xff,0xff,0xff,0xff,0xff,0xff,0xeb,0xd1,0xf5,
  0xff,0xff,0xff,0xff,0xff,0xff,0xff,0xff,0xfc,0xcc,0xeb,0xff,0xec,0xe8,0xfc,0xff,
  0xcb,0x13,0x16,0x07,0x00,0x00,0x00,0x00,0x00,0x00,0x00,0x00,0x00,0x00,0x00,0x00,
  0x00,0x00,0x00,0x00,0x00,0x00,0x00,0x00,0x00,0x00,0x00,0x00,0x00,0x00,0x00,0x00,
  0x00,0x00,0x00,0x00,0x00,0x00,0x00,0x00,0x00,0x00,0x00,0x00,0x00,0x00,0x26,0xea,
  0xff,0xfe,0xf8,0xff,0xfb,0xec,0xd4,0xff,0xff,0xff,0xff,0xff,0xff,0xff,0xff,0xfe,
  0xff,0xec,0xeb,0xf8,0xf8,0xff,0xfe,0xf5,0xf6,0xff,0xff,0xf8,0xf7,0xe7,0xe8,0xff,
  0xfe,0xff,0xff,0xff,0xff,0xff,0xff,0xff,0xff,0xd3,0xee,0xfc,0xff,0xfd,0xfe,0xff,
  0xe3,0x00,0x00,0x00,0x00,0x00,0x00,0x00,0x00,0x00,0x00,0x00,0x00,0x02,0x04,0x04,
  0x04,0x04,0x04,0x04,0x04,0x04,0x04,0x04,0x04,0x04,0x04,0x04,0x01,0x00,0x00,0x00,
  0x00,0x00,0x00,0x00,0x00,0x00,0x00,0x00,0x00,0x00,0x03,0x00,0x5c,0xa6,0x84,0xec,
  0xff,0xe5,0xda,0xfe,0xf2,0xc0,0xea,0xff,0xfe,0xff,0xff,0xff,0xff,0xff,0xff,0xff,
  0xfe,0xf6,0xfb,0xe4,0xe8,0xff,0xfa,0xda,0xde,0xfd,0xff,0xe9,0xde,0xf8,0xf5,0xff,
  0xff,0xff,0xff,0xff,0xff,0xff,0xff,0xff,0xff,0xe8,0xc5,0xf3,0xfe,0xdd,0xe5,0xff,
  0xf5,0xa7,0xa6,0x46,0x00,0x02,0x00,0x00,0x00,0x00,0x00,0x00,0x00,0x00,0x00,0x00,
  0x00,0x00,0x00,0x00,0x00,0x00,0x00,0x00,0x00,0x00,0x00,0x00,0x00,0x00,0x00,0x00,
  0x00,0x00,0x00,0x00,0x00,0x00,0x00,0x00,0x00,0x02,0x08,0x04,0xb1,0xff,0xff,0xff,
  0xff,0xd4,0xfd,0xff,0xff,0xff,0xff,0xfe,0xff,0xfe,0xfe,0xfe,0xfe,0xfe,0xfe,0xff,
  0xff,0xff,0xff,0xff,0xff,0xff,0xff,0xff,0xff,0xff,0xff,0xff,0xff,0xff,0xff,0xff,
  0xff,0xff,0xfe,0xfe,0xfe,0xfe,0xfe,0xff,0xfe,0xff,0xff,0xff,0xff,0xfc,0xd4,0xff,
  0xff,0xff,0xff,0x7b,0x04,0x08,0x01,0x00,0x00,0x01,0x01,0x03,0x01,0x48,0x8c,0x8a,
  0x8c,0x8c,0x8c,0x8c,0x8c,0x8c,0x8c,0x8c,0x8c,0x8c,0x8b,0x8b,0x1d,0x00,0x01,0x00,
  0x00,0x00,0x00,0x00,0x00,0x00,0x00,0x00,0x00,0x00,0x00,0x00,0xb4,0xfb,0xf5,0xe6,
  0xf6,0xe6,0xf9,0xff,0xff,0xfd,0xff,0xff,0xff,0xff,0xff,0xff,0xff,0xff,0xff,0xff,
  0xff,0xff,0xff,0xfe,0xfe,0xff,0xff,0xfe,0xfe,0xff,0xff,0xfe,0xfe,0xff,0xff,0xff,
  0xff,0xff,0xff,0xff,0xff,0xff,0xff,0xff,0xff,0xff,0xff,0xff,0xff,0xfa,0xe4,0xff,
  0xf9,0xf5,0xfb,0x83,0x00,0x00,0x00,0x00,0x00,0x00,0x00,0x04,0x00,0x89,0xff,0xff,
  0xff,0xff,0xff,0xff,0xff,0xff,0xff,0xff,0xff,0xff,0xff,0xff,0x42,0x00,0x03,0x00,
  0x00,0x00,0x00,0x00,0x00,0x00,0x00,0x02,0x00,0x3d,0x83,0x80,0xd8,0xff,0xed,0xde,
  0xfe,0xff,0xff,0xfe,0xfe,0xf7,0xdd,0xd7,0xd8,0xd7,0xd7,0xd7,0xd8,0xd7,0xdb,0xfc,
  0xfe,0xfe,0xff,0xff,0xff,0xff,0xff,0xff,0xff,0xff,0xff,0xff,0xff,0xff,0xfe,0xfe,
  0xfe,0xe2,0xd7,0xcd,0xd2,0xd7,0xd7,0xd6,0xd7,0xbe,0xe2,0xfe,0xfd,0xff,0xff,0xff,
  0xdf,0xec,0xff,0xde,0x87,0x83,0x14,0x00,0x00,0x01,0x01,0x05,0x01,0x89,0xfb,0xf7,
  0xfb,0xfb,0xfb,0xfb,0xfb,0xf8,0xed,0xf4,0xfb,0xfa,0xf9,0xfb,0x3d,0x00,0x03,0x00,
  0x00,0x00,0x00,0x00,0x00,0x00,0x01,0x07,0x03,0x7b,0xff,0xff,0xff,0xfd,0xec,0xde,
  0xff,0xfe,0xff,0xff,0xff,0xda,0xdc,0xfd,0xfb,0xfd,0xfd,0xfd,0xfb,0xfd,0xd6,0xf4,
  0xff,0xff,0xff,0xff,0xff,0xff,0xff,0xff,0xff,0xff,0xff,0xff,0xff,0xff,0xff,0xff,
  0xff,0xfd,0xfd,0xf6,0xf9,0xfd,0xfc,0xfb,0xfd,0xd0,0xcd,0xff,0xff,0xff,0xfe,0xff,
  0xe3,0xf0,0xfd,0xff,0xff,0xff,0x2d,0x02,0x43,0xd9,0xd7,0xda,0xd9,0xf4,0xff,0xfe,
  0xff,0xff,0xff,0xff,0xff,0xf9,0xdd,0xed,0xff,0xff,0xfd,0xff,0x3e,0x00,0x03,0x00,
  0x00,0x00,0x00,0x00,0x00,0x00,0x00,0x00,0x00,0x90,0xfb,0xf7,0xf2,0xd7,0xdf,0xf1,
  0xff,0xfd,0xfe,0xeb,0xd8,0xa9,0xae,0xff,0xfd,0xff,0xff,0xff,0xff,0xff,0xf0,0xb9,
  0xe2,0xf7,0xf9,0xfe,0xff,0xff,0xff,0xff,0xff,0xff,0xff,0xff,0xfe,0xf7,0xeb,0xef,
  0xdc,0xff,0xff,0xff,0xff,0xff,0xff,0xff,0xff,0xfa,0xef,0xd8,0xee,0xfe,0xfd,0xff,
  0xf7,0xf4,0xd7,0xe4,0xfb,0xf9,0x23,0x00,0x4b,0xff,0xff,0xff,0xff,0xff,0xff,0xff,
  0xff,0xff,0xff,0xff,0xff,0xff,0xff,0xff,0xfc,0xf1,0xfe,0xff,0x40,0x00,0x03,0x00,
  0x00,0x00,0x00,0x00,0x01,0x00,0x1f,0x3d,0x38,0xab,0xff,0xf5,0xe1,0xff,0xff,0xff,
  0xff,0xff,0xff,0xf1,0xec,0xf5,0xfd,0xff,0xfe,0xfd,0xff,0xfe,0xfe,0xfe,0xff,0xd4,
  0xf4,0xd2,0xfe,0xff,0xff,0xff,0xff,0xff,0xff,0xff,0xff,0xfe,0xff,0xf4,0xb0,0xfa,
  0xf2,0xff,0xff,0xfd,0xff,0xff,0xfe,0xfe,0xff,0xff,0xff,0xea,0xe8,0xff,0xff,0xff,
  0xff,0xff,0xff,0xd4,0xfe,0xfe,0x43,0x1b,0xa7,0xfd,0xfa,0xfd,0xfd,0xfe,0xff,0xff,
  0xff,0xff,0xff,0xff,0xff,0xff,0xfe,0xfe,0xfa,0xe5,0xff,0xfe,0x37,0x00,0x03,0x00,
  0x00,0x00,0x00,0x01,0x08,0x01,0x7d,0xff,0xff,0xff,0xff,0xfe,0xf8,0xff,0xfe,0xfd,
  0xfe,0xed,0xd7,0xe6,0xff,0xff,0xff,0xff,0xff,0xff,0xff,0xff,0xff,0xff,0xfe,0xff,
  0xff,0xcc,0xa3,0xee,0xfe,0xfd,0xff,0xff,0xff,0xff,0xfe,0xff,0xef,0xbb,0xd1,0xff,
  0xff,0xff,0xff,0xff,0xff,0xff,0xff,0xff,0xff,0xff,0xff,0xff,0xff,0xe8,0xeb,0xfe,
  0xfd,0xff,0xff,0xd8,0xfe,0xff,0xf9,0xf7,0xff,0xdc,0xff,0xff,0xff,0xff,0xff,0xff,
  0xff,0xfe,0xff,0xff,0xff,0xff,0xff,0xff,0xff,0xff,0xfb,0xf5,0x1b,0x00,0x02,0x00,
  0x00,0x00,0x00,0x00,0x00,0x00,0x5e,0xfd,0xf8,0xff,0xff,0xff,0xff,0xff,0xff,0xff,
  0xff,0xcb,0xe3,0xf4,0xfd,0xff,0xda,0xf1,0xdc,0xce,0xff,0xf1,0xdb,0xf6,0xff,0xfc,
  0xff,0xfb,0xb3,0xe3,0xfa,0xff,0xff,0xff,0xff,0xff,0xff,0xf9,0xe7,0xcf,0xff,0xfe,
  0xfe,0xff,0xf4,0xdb,0xf6,0xff,0xf0,0xdb,0xf9,0xfa,0xff,0xfe,0xff,0xf1,0xf1,0xff,
  0xff,0xff,0xff,0xd5,0xfe,0xff,0xff,0xff,0xfd,0xd7,0xff,0xff,0xff,0xff,0xff,0xff,
  0xff,0xff,0xff,0xff,0xff,0xff,0xff,0xff,0xff,0xff,0xff,0xff,0x3c,0x00,0x03,0x00,
  0x00,0x01,0x00,0x11,0x60,0x86,0xb4,0xff,0xff,0xff,0xff,0xff,0xff,0xff,0xff,0xf0,
  0xe7,0xc2,0xfa,0xfe,0xff,0xfe,0xe0,0xfa,0xef,0xec,0xff,0xfa,0xf4,0xea,0xf9,0xff,
  0xff,0xfe,0xff,0xcc,0xda,0xe0,0xfc,0xff,0xff,0xff,0xf5,0xe2,0xf6,0xff,0xfe,0xff,
  0xff,0xf9,0xfa,0xf4,0xfc,0xff,0xfb,0xf4,0xfd,0xe3,0xff,0xfe,0xff,0xff,0xff,0xdc,
  0xe9,0xff,0xfe,0xf2,0xff,0xff,0xfe,0xfe,0xff,0xf8,0xff,0xff,0xff,0xfc,0xf9,0xff,
  0xfc,0xe9,0xfc,0xff,0xff,0xff,0xff,0xfd,0xff,0xd4,0x9a,0x9d,0x27,0x00,0x02,0x00,
  0x00,0x03,0x00,0x41,0xff,0xff,0xff,0xe9,0xdd,0xfb,0xff,0xff,0xff,0xff,0xff,0xb4,
  0xe5,0xec,0xea,0xff,0xfd,0xed,0xff,0xff,0xff,0xff,0xff,0xff,0xff,0xfc,0xd5,0xec,
  0xff,0xfd,0xfc,0xfa,0xed,0xd2,0xf7,0xfe,0xfd,0xfe,0xf5,0xf1,0xff,0xfd,0xfe,0xff,
  0xe8,0xd0,0xf7,0xff,0xff,0xff,0xff,0xff,0xff,0xff,0xff,0xff,0xff,0xfd,0xfe,0xbd,
  0xae,0xff,0xfd,0xff,0xff,0xff,0xff,0xff,0xff,0xff,0xff,0xff,0xff,0xf5,0xf2,0xff,
  0xfe,0xe9,0xff,0xff,0xff,0xff,0xff,0xfa,0xfb,0x87,0x00,0x00,0x00,0x00,0x00,0x00,
  0x00,0x03,0x00,0x3d,0xfb,0xfa,0xfd,0xf7,0xf2,0xfe,0xff,0xfe,0xfa,0xff,0xff,0xb3,
  0xff,0xfd,0xbb,0x76,0xbf,0xea,0xfe,0xfe,0xfe,0xfe,0xff,0xff,0xfe,0xff,0xf2,0xdc,
  0xfb,0xff,0xff,0xff,0xff,0xdd,0xf1,0xff,0xff,0xff,0xff,0xff,0xff,0xff,0xff,0xff,
  0xde,0xf1,0xff,0xfe,0xff,0xff,0xff,0xff,0xff,0xff,0xf7,0xe8,0xf8,0xfe,0xff,0xff,
  0xe3,0xff,0xff,0xf0,0xff,0xfb,0xfe,0xff,0xff,0xff,0xff,0xff,0xff,0xff,0xf5,0xf1,
  0xf7,0xff,0xf3,0xf1,0xfc,0xff,0xff,0xfe,0xff,0x9d,0x04,0x08,0x01,0x00,0x00,0x00,
  0x00,0x03,0x00,0x3e,0xff,0xfd,0xff,0xff,0xff,0xff,0xff,0xf8,0xe0,0xff,0xfc,0xd5,
  0xfd,0xff,0xee,0x84,0xd4,0xf8,0xfe,0xff,0xff,0xff,0xff,0xff,0xff,0xff,0xfd,0xf2,
  0xde,0xf5,0xfe,0xfe,0xfe,0xee,0xd9,0xd9,0xd9,0xe3,0xff,0xfe,0xfe,0xff,0xf3,0xe9,
  0xfb,0xfb,0xff,0xff,0xff,0xff,0xff,0xff,0xff,0xff,0xf8,0xd8,0xe7,0xff,0xff,0xfa,
  0xdc,0xff,0xff,0xd4,0xfe,0xf0,0xfc,0xff,0xff,0xff,0xff,0xff,0xff,0xfc,0xdf,0xdd,
  0xea,0xfe,0xe0,0xdd,0xf7,0xfe,0xff,0xe8,0x71,0x3f,0x00,0x02,0x00,0x00,0x00,0x00,
  0x00,0x03,0x00,0x3e,0xff,0xfd,0xff,0xff,0xff,0xff,0xff,0xff,0xfe,0xff,0xfd,0xda,
  0xff,0xff,0xff,0xff,0xff,0xff,0xff,0xff,0xff,0xff,0xff,0xff,0xff,0xff,0xfe,0xff,
  0xe0,0xed,0xff,0xfe,0xff,0xff,0xfb,0xf8,0xf8,0xfa,0xff,0xff,0xfe,0xff,0xed,0xde,
  0xff,0xff,0xff,0xff,0xff,0xff,0xff,0xff,0xff,0xff,0xff,0xff,0xfb,0xeb,0xff,0xff,
  0xff,0xff,0xff,0xd6,0xfe,0xf8,0xff,0xff,0xff,0xff,0xff,0xff,0xff,0xff,0xff,0xff,
  0xff,0xff,0xff,0xff,0xff,0xfe,0xff,0xcf,0x00,0x00,0x00,0x00,0x00,0x00,0x00,0x00,
  0x00,0x03,0x00,0x3e,0xff,0xfd,0xff,0xff,0xff,0xff,0xff,0xff,0xff,0xff,0xfe,0xbc,
  0xfd,0xff,0xff,0xfd,0xfd,0xff,0xff,0xff,0xff,0xff,0xff,0xff,0xff,0xff,0xfe,0xfe,
  0xe0,0xee,0xff,0xfe,0xff,0xfe,0xff,0xff,0xff,0xff,0xff,0xff,0xfe,0xff,0xee,0xe0,
  0xff,0xfe,0xff,0xff,0xff,0xff,0xff,0xff,0xff,0xff,0xfe,0xfe,0xd7,0xf0,0xff,0xfc,
  0xe4,0xff,0xff,0xdb,0xfe,0xff,0xff,0xff,0xff,0xff,0xff,0xff,0xff,0xff,0xfe,0xfe,
  0xfe,0xff,0xfe,0xfe,0xfd,0xf6,0xff,0xd2,0x04,0x02,0x00,0x00,0x00,0x00,0x00,0x00,
  0x00,0x03,0x00,0x3e,0xff,0xfd,0xff,0xff,0xff,0xff,0xff,0xff,0xfe,0xff,0xff,0xad,
  0xfc,0xff,0xff,0xff,0xff,0xff,0xff,0xff,0xff,0xff,0xff,0xff,0xff,0xff,0xfe,0xff,
  0xe0,0xee,0xff,0xfe,0xff,0xff,0xff,0xff,0xff,0xff,0xff,0xff,0xfe,0xff,0xee,0xe0,
  0xff,0xfe,0xff,0xff,0xff,0xff,0xff,0xff,0xff,0xff,0xfe,0xff,0xd8,0xfc,0xff,0xfd,
  0xd9,0xff,0xfe,0xfd,0xff,0xff,0xff,0xff,0xff,0xff,0xff,0xff,0xff,0xfe,0xff,0xff,
  0xfe,0xfe,0xfe,0xfc,0xf9,0xea,0xff,0xd1,0x00,0x00,0x00,0x00,0x00,0x00,0x00,0x00,
  0x00,0x03,0x00,0x3e,0xff,0xfd,0xff,0xff,0xff,0xff,0xff,0xff,0xff,0xff,0xff,0xb4,
  0xfc,0xff,0xfd,0xec,0xff,0xff,0xff,0xff,0xff,0xff,0xff,0xff,0xff,0xff,0xfe,0xff,
  0xdd,0xed,0xff,0xfe,0xff,0xff,0xff,0xff,0xff,0xff,0xff,0xff,0xfe,0xff,0xee,0xe0,
  0xff,0xfe,0xff,0xff,0xff,0xff,0xff,0xff,0xff,0xff,0xfe,0xff,0xd8,0xf9,0xff,0xf2,
  0xc9,0xff,0xfd,0xff,0xff,0xfe,0xff,0xff,0xff,0xff,0xff,0xff,0xff,0xff,0xff,0xff,
  0xff,0xff,0xff,0xfb,0xff,0xff,0xff,0xd3,0x00,0x00,0x00,0x00,0x00,0x00,0x00,0x00,
  0x00,0x03,0x00,0x3e,0xff,0xfd,0xff,0xff,0xff,0xff,0xff,0xfc,0xf1,0xff,0xfd,0xd3,
  0xff,0xff,0xfa,0xd5,0xff,0xfe,0xff,0xff,0xff,0xff,0xff,0xff,0xff,0xff,0xff,0xff,
  0xf2,0xf8,0xff,0xfe,0xfe,0xfe,0xfe,0xfe,0xfe,0xfe,0xfe,0xfe,0xfd,0xff,0xee,0xe0,
  0xff,0xfe,0xff,0xff,0xff,0xff,0xff,0xff,0xff,0xff,0xfe,0xff,0xd8,0xf9,0xff,0xd8,
  0x91,0xff,0xfc,0xee,0xff,0xff,0xff,0xff,0xff,0xff,0xff,0xfb,0xf1,0xf0,0xff,0xfa,
  0xef,0xef,0xf0,0xfd,0xfe,0x52,0x2a,0x24,0x00,0x00,0x00,0x00,0x00,0x00,0x00,0x00,
  0x00,0x03,0x00,0x3e,0xff,0xfd,0xff,0xff,0xff,0xff,0xff,0xf6,0xd4,0xff,0xfe,0xb7,
  0xfd,0xff,0xfa,0xdb,0xff,0xfe,0xff,0xff,0xff,0xff,0xff,0xff,0xff,0xff,0xfe,0xff,
  0xeb,0xf3,0xff,0xff,0xff,0xff,0xff,0xff,0xff,0xff,0xff,0xff,0xff,0xff,0xee,0xe4,
  0xff,0xfe,0xff,0xff,0xff,0xff,0xff,0xff,0xff,0xff,0xfe,0xff,0xda,0xfa,0xff,0xf4,
  0xd1,0xff,0xfe,0xf2,0xff,0xed,0xfe,0xff,0xff,0xff,0xff,0xf8,0xe4,0xe1,0xff,0xf5,
  0xdf,0xdf,0xe2,0xff,0xff,0x2b,0x00,0x00,0x00,0x00,0x00,0x00,0x00,0x00,0x00,0x00,
  0x00,0x03,0x00,0x3e,0xff,0xfd,0xff,0xff,0xff,0xff,0xff,0xfb,0xed,0xff,0xfd,0xd2,
  0xfd,0xfe,0xfa,0xd0,0xf8,0xfe,0xfe,0xff,0xff,0xff,0xff,0xff,0xff,0xff,0xfd,0xf2,
  0xd8,0xee,0xff,0xf4,0xda,0xdb,0xda,0xda,0xda,0xda,0xdb,0xd5,0xd8,0xff,0xec,0xd1,
  0xfb,0xfd,0xff,0xff,0xff,0xff,0xff,0xff,0xff,0xff,0xfc,0xf3,0xb5,0xf0,0xfe,0xfe,
  0xfa,0xff,0xff,0xff,0xff,0xd4,0xfd,0xff,0xff,0xff,0xff,0xff,0xff,0xff,0xff,0xff,
  0xff,0xff,0xff,0xf3,0xe9,0x31,0x02,0x04,0x00,0x00,0x00,0x00,0x00,0x00,0x00,0x00,
  0x00,0x03,0x00,0x3d,0xfb,0xf9,0xe0,0xfd,0xff,0xe3,0xf4,0xff,0xff,0xff,0xfd,0xd9,
  0xff,0xff,0xfe,0xe5,0xd9,0xf3,0xff,0xfe,0xff,0xff,0xff,0xff,0xff,0xff,0xff,0xdf,
  0xe8,0xfe,0xfe,0xff,0xf9,0xf6,0xf5,0xf5,0xf5,0xf5,0xf6,0xf5,0xe3,0xff,0xfa,0xd9,
  0xf4,0xff,0xff,0xff,0xff,0xff,0xff,0xff,0xff,0xff,0xff,0xe1,0xdf,0xfc,0xff,0xff,
  0xd7,0xff,0xff,0xdd,0xfe,0xfa,0xff,0xff,0xff,0xff,0xff,0xff,0xfb,0xfd,0xff,0xff,
  0xfa,0xfe,0x92,0x1a,0x10,0x05,0x00,0x00,0x00,0x00,0x00,0x00,0x00,0x00,0x00,0x00,
  0x00,0x03,0x00,0x42,0xff,0xff,0xf9,0xff,0xff,0xfa,0xfd,0xff,0xfe,0xfe,0xfe,0xce,
  0xdc,0xea,0xfe,0xff,0xf5,0xed,0xf0,0xfe,0xfe,0xfe,0xfe,0xfe,0xfe,0xf5,0xec,0xff,
  0xff,0xfe,0xff,0xd6,0xf2,0xff,0xff,0xff,0xff,0xff,0xff,0xf7,0xff,0xff,0xff,0xff,
  0xee,0xe3,0xf8,0xfe,0xfe,0xfe,0xfe,0xfe,0xfe,0xf8,0xe3,0xf3,0xff,0xe8,0xaf,0xdb,
  0xd3,0xff,0xff,0xd3,0xfe,0xff,0xff,0xff,0xff,0xff,0xff,0xff,0xff,0xff,0xff,0xff,
  0xfb,0xff,0x7e,0x00,0x01,0x00,0x00,0x00,0x00,0x00,0x00,0x00,0x00,0x00,0x00,0x00,
  0x00,0x02,0x00,0x24,0x94,0x93,0xe4,0xff,0xfe,0xff,0xff,0xff,0xff,0xff,0xff,0xfa,
  0xf3,0xff,0xff,0xfd,0xff,0xf4,0xe7,0xff,0xff,0xff,0xff,0xff,0xff,0xce,0xe2,0xfe,
  0xfe,0xfe,0xff,0xdf,0xcd,0xd3,0xfe,0xfd,0xfd,0xfe,0xda,0xd4,0xfa,0xff,0xfe,0xfe,
  0xfe,0xe3,0xf0,0xff,0xff,0xff,0xff,0xff,0xff,0xf5,0xe8,0xfd,0xff,0xf8,0xd2,0xf4,
  0xfa,0xff,0xff,0xec,0xff,0xff,0xff,0xff,0xff,0xff,0xff,0xff,0xff,0xff,0xff,0xff,
  0xfb,0xff,0x83,0x01,0x05,0x00,0x00,0x00,0x00,0x00,0x00,0x00,0x00,0x00,0x00,0x00,
  0x00,0x00,0x00,0x00,0x00,0x00,0xc7,0xfb,0xf8,0xfc,0xff,0xff,0xff,0xff,0xff,0xff,
  0xff,0xd6,0xe4,0xff,0xff,0xff,0xff,0xed,0xd9,0xd9,0xd8,0xd9,0xd8,0xd7,0xff,0xfe,
  0xff,0xff,0xff,0xff,0xf3,0xd1,0xff,0xfe,0xff,0xff,0xfa,0xff,0xff,0xff,0xff,0xff,
  0xff,0xff,0xe6,0xd8,0xd9,0xd8,0xd9,0xd8,0xed,0xff,0xff,0xff,0xe4,0xcd,0xdf,0xff,
  0xff,0xff,0xff,0xff,0xff,0xdc,0xfc,0xff,0xff,0xff,0xff,0xff,0xff,0xff,0xff,0xff,
  0xfb,0xff,0x82,0x00,0x04,0x00,0x00,0x00,0x00,0x00,0x00,0x00,0x00,0x00,0x00,0x00,
  0x00,0x00,0x00,0x01,0x06,0x0a,0xcc,0xff,0xff,0xff,0xff,0xff,0xff,0xff,0xff,0xfe,
  0xff,0xe3,0xe2,0xf5,0xfd,0xff,0xfe,0xfc,0xf9,0xf9,0xf9,0xf9,0xf9,0xff,0xfe,0xff,
  0xff,0xff,0xff,0xfd,0xf9,0xd6,0xe4,0xfa,0xfb,0xd7,0xf8,0xfe,0xfe,0xff,0xff,0xff,
  0xff,0xfe,0xfd,0xf9,0xf9,0xf9,0xf9,0xf9,0xfc,0xfd,0xfe,0xf6,0xc6,0xcf,0xf5,0xff,
  0xfe,0xfe,0xfe,0xe4,0xff,0xdc,0xee,0xff,0xff,0xff,0xff,0xff,0xff,0xff,0xff,0xff,
  0xfb,0xff,0x82,0x00,0x04,0x00,0x00,0x00,0x00,0x00,0x00,0x00,0x00,0x00,0x00,0x00,
  0x00,0x00,0x00,0x00,0x02,0x00,0x3b,0x75,0x71,0xaf,0xff,0xfd,0xff,0xff,0xff,0xff,
  0xff,0xff,0xff,0xd8,0xdf,0xfd,0xfe,0xff,0xff,0xff,0xff,0xff,0xff,0xff,0xff,0xff,
  0xff,0xff,0xff,0xff,0xff,0xff,0xdf,0xf5,0xff,0xfe,0xfe,0xff,0xff,0xff,0xff,0xff,
  0xff,0xff,0xff,0xff,0xff,0xff,0xff,0xff,0xff,0xff,0xfe,0xd6,0xd7,0xff,0xff,0xff,
  0xff,0xff,0xff,0xd3,0xfe,0xff,0xfc,0xfc,0xfe,0xff,0xff,0xfe,0xff,0xfa,0xf6,0xfc,
  0xf6,0xfb,0x80,0x00,0x04,0x00,0x00,0x00,0x00,0x00,0x00,0x00,0x00,0x00,0x00,0x00,
  0x00,0x00,0x00,0x00,0x00,0x00,0x00,0x00,0x00,0x62,0xfc,0xf9,0xfe,0xff,0xf6,0xf7,
  0xff,0xfd,0xfe,0xec,0xc8,0xf2,0xfc,0xfe,0xfe,0xfe,0xfe,0xfe,0xfe,0xfe,0xfe,0xfe,
  0xfe,0xfe,0xfe,0xfe,0xfc,0xfe,0xca,0xd7,0xe2,0xed,0xff,0xfe,0xff,0xfe,0xfe,0xfe,
  0xfe,0xfe,0xfe,0xfe,0xfe,0xfe,0xfe,0xfe,0xfe,0xea,0xea,0xc5,0xe8,0xfd,0xfd,0xff,
  0xf2,0xda,0xdd,0xde,0xfc,0xfd,0xff,0xff,0xff,0xff,0xff,0xff,0xff,0xfe,0xfd,0xff,
  0xff,0xff,0x8b,0x00,0x04,0x00,0x00,0x00,0x00,0x00,0x00,0x00,0x00,0x00,0x00,0x00,
  0x00,0x00,0x00,0x00,0x00,0x00,0x02,0x08,0x04,0x76,0xff,0xff,0xff,0xff,0xea,0xec,
  0xff,0xfe,0xff,0xff,0xff,0xf3,0xe0,0xff,0xff,0xff,0xff,0xff,0xff,0xff,0xff,0xff,
  0xff,0xff,0xff,0xff,0xff,0xff,0xef,0xea,0xeb,0xf9,0xff,0xff,0xff,0xff,0xff,0xff,
  0xff,0xff,0xff,0xff,0xff,0xff,0xff,0xff,0xff,0xdb,0xf1,0xff,0xff,0xff,0xfe,0xff,
  0xdd,0xe1,0xf2,0xff,0xff,0xfe,0x9e,0xa2,0xee,0xff,0xfe,0xdb,0xe1,0xfd,0xff,0xb9,
  0x7c,0x7c,0x37,0x00,0x02,0x00,0x00,0x00,0x00,0x00,0x00,0x00,0x00,0x00,0x00,0x00,
  0x00,0x00,0x00,0x00,0x00,0x00,0x00,0x03,0x00,0x52,0xbd,0xd3,0xf8,0xfe,0xff,0xff,
  0xfd,0xff,0xff,0xfe,0xfd,0xf5,0xce,0xff,0xf1,0xd9,0xd9,0xd9,0xd9,0xd9,0xd9,0xd9,
  0xd9,0xd9,0xd9,0xe8,0xd8,0xde,0xff,0xff,0xff,0xff,0x8e,0xc1,0xfd,0xe6,0xd9,0xd9,
  0xd9,0xd9,0xd9,0xd9,0xd9,0xd9,0xd9,0xe7,0xf7,0xcf,0xf7,0xfd,0xfe,0xff,0xff,0xfd,
  0xdf,0xf0,0xff,0xf0,0xc5,0xa9,0x00,0x00,0xcf,0xff,0xfd,0xfc,0xfd,0xfa,0xff,0x54,
  0x00,0x00,0x00,0x00,0x00,0x00,0x00,0x00,0x00,0x00,0x00,0x00,0x00,0x00,0x00,0x00,
  0x00,0x00,0x00,0x00,0x00,0x00,0x00,0x00,0x00,0x00,0x00,0x1b,0xac,0xfd,0xfc,0xec,
  0xd7,0xd1,0xfc,0xfd,0xff,0xff,0xfd,0xff,0xfd,0xf8,0xf8,0xf8,0xf8,0xf8,0xf8,0xf8,
  0xf8,0xf8,0xf8,0xfb,0xee,0xb4,0xff,0xfd,0xfe,0xf6,0x7d,0xf1,0xff,0xfb,0xf8,0xf8,
  0xf8,0xf8,0xf8,0xf8,0xf8,0xf8,0xf8,0xfb,0xfe,0xfc,0xff,0xff,0xfe,0xfb,0xd1,0xd7,
  0xe5,0xf7,0xfe,0x81,0x00,0x00,0x02,0x02,0xd5,0xff,0xff,0xff,0xff,0xfe,0xff,0x63,
  0x04,0x08,0x02,0x00,0x00,0x00,0x00,0x00,0x00,0x00,0x00,0x00,0x00,0x00,0x00,0x00,
  0x00,0x00,0x00,0x00,0x00,0x00,0x00,0x00,0x00,0x01,0x06,0x00,0x70,0xff,0xff,0xff,
  0xff,0xd4,0xf9,0xff,0xff,0xff,0xff,0xff,0xff,0xff,0xff,0xff,0xff,0xff,0xff,0xff,
  0xff,0xff,0xff,0xff,0xfc,0xdb,0xd7,0xf6,0xfd,0xcb,0xc0,0xff,0xff,0xff,0xff,0xff,
  0xff,0xff,0xff,0xff,0xff,0xff,0xff,0xff,0xff,0xff,0xff,0xff,0xff,0xfe,0xd4,0xff,
  0xff,0xff,0xff,0x69,0x01,0x06,0x00,0x00,0x25,0x2d,0x2d,0x2d,0x2d,0x2d,0x2d,0x11,
  0x00,0x01,0x00,0x00,0x00,0x00,0x00,0x00,0x00,0x00,0x00,0x00,0x00,0x00,0x00,0x00,
  0x00,0x00,0x00,0x00,0x00,0x00,0x00,0x00,0x00,0x00,0x04,0x01,0x6b,0xf4,0xeb,0xfb,
  0xff,0xe3,0xf5,0xe5,0xf9,0xff,0xff,0xff,0xff,0xff,0xff,0xff,0xff,0xff,0xff,0xff,
  0xff,0xff,0xff,0xff,0xff,0xff,0xfd,0xff,0xff,0xff,0xff,0xff,0xff,0xff,0xff,0xff,
  0xff,0xff,0xff,0xff,0xff,0xff,0xff,0xff,0xff,0xfe,0xff,0xfd,0xf0,0xe1,0xe2,0xff,
  0xfc,0xf1,0xf2,0x5e,0x00,0x03,0x00,0x00,0x00,0x00,0x00,0x00,0x00,0x00,0x00,0x00,
  0x00,0x00,0x00,0x00,0x00,0x00,0x00,0x00,0x00,0x00,0x00,0x00,0x00,0x00,0x00,0x00,
  0x00,0x00,0x00,0x00,0x00,0x00,0x00,0x00,0x00,0x00,0x00,0x00,0x09,0x17,0x3e,0xf0,
  0xfb,0xfe,0xfa,0xdc,0xe1,0xff,0xfe,0xff,0xff,0xff,0xff,0xff,0xff,0xff,0xff,0xff,
  0xff,0xff,0xff,0xff,0xff,0xff,0xff,0xff,0xff,0xff,0xfe,0xff,0xff,0xff,0xff,0xff,
  0xff,0xff,0xff,0xff,0xff,0xff,0xff,0xff,0xff,0xff,0xff,0xdf,0xe4,0xea,0xfc,0xfb,
  0xe3,0x1f,0x16,0x01,0x00,0x00,0x00,0x00,0x02,0x02,0x02,0x02,0x02,0x02,0x02,0x01,
  0x00,0x00,0x00,0x00,0x00,0x00,0x00,0x00,0x00,0x00,0x00,0x00,0x00,0x00,0x00,0x00,
  0x00,0x00,0x00,0x00,0x00,0x00,0x00,0x00,0x00,0x00,0x00,0x00,0x00,0x00,0x16,0xe7,
  0xff,0xff,0xff,0xff,0xfd,0xfe,0xfd,0xff,0xff,0xff,0xff,0xfe,0xf8,0xfc,0xff,0xfa,
  0xfa,0xff,0xfe,0xff,0xff,0xff,0xff,0xff,0xff,0xff,0xff,0xff,0xff,0xfc,0xfb,0xfe,
  0xf9,0xff,0xfe,0xfc,0xf7,0xfe,0xff,0xff,0xf4,0xed,0xff,0xe6,0xf5,0xff,0xff,0xff,
  0xf1,0x03,0x00,0x01,0x00,0x00,0x00,0x00,0x00,0x00,0x00,0x00,0x00,0x00,0x00,0x00,
  0x00,0x00,0x00,0x00,0x00,0x00,0x00,0x00,0x00,0x00,0x00,0x00,0x00,0x00,0x00,0x00,
  0x00,0x00,0x00,0x00,0x00,0x00,0x00,0x00,0x00,0x00,0x00,0x00,0x00,0x03,0x00,0x51,
  0xb5,0xc8,0xee,0xfe,0xff,0xfa,0xf6,0xff,0xff,0xff,0xff,0xff,0xdc,0xf1,0xff,0xe3,
  0xe6,0xe2,0xd6,0xfe,0xfd,0xff,0xff,0xff,0xff,0xff,0xff,0xff,0xff,0xf7,0xf5,0xfe,
  0xe4,0xff,0xff,0xfb,0xd9,0xf7,0xff,0xff,0xdb,0xce,0xff,0xff,0xff,0xfe,0xb3,0x8f,
  0x57,0x03,0x02,0x00,0x00,0x00,0x00,0x00,0x00,0x00,0x00,0x00,0x00,0x00,0x00,0x00,
  0x00,0x00,0x00,0x00,0x00,0x00,0x00,0x00,0x00,0x00,0x00,0x00,0x00,0x00,0x00,0x00,
  0x00,0x00,0x00,0x00,0x00,0x00,0x00,0x00,0x00,0x00,0x00,0x00,0x00,0x00,0x02,0x00,
  0x17,0x25,0xdf,0xfd,0xfc,0xfc,0xfc,0xfc,0xfd,0xff,0xf6,0xd4,0xff,0xff,0xff,0xff,
  0xff,0xd7,0xce,0xff,0xfe,0xff,0xff,0xff,0xff,0xff,0xff,0xff,0xff,0xff,0xff,0xf5,
  0xff,0xff,0xe6,0xde,0xff,0xff,0xff,0xfd,0xff,0xff,0xfb,0xfa,0xfb,0xfe,0x1e,0x00,
  0x00,0x00,0x00,0x00,0x00,0x00,0x00,0x00,0x00,0x00,0x00,0x00,0x00,0x00,0x00,0x00,
  0x00,0x00,0x00,0x00,0x00,0x00,0x00,0x00,0x00,0x00,0x00,0x00,0x00,0x00,0x00,0x00,
  0x00,0x00,0x00,0x00,0x00,0x00,0x00,0x00,0x00,0x00,0x00,0x00,0x00,0x00,0x00,0x04,
  0x00,0x05,0xef,0xff,0xff,0xff,0xff,0xff,0xff,0xff,0xe5,0xe9,0xfe,0xfe,0xff,0xfe,
  0xfe,0xfd,0xe1,0xc9,0xd4,0xed,0xf7,0xd7,0xd7,0xee,0xff,0xe9,0xd2,0xe5,0xfe,0xf2,
  0xfe,0xff,0xf9,0xf5,0xf9,0xee,0xff,0xff,0xff,0xff,0xff,0xff,0xff,0xff,0x29,0x04,
  0x05,0x00,0x00,0x00,0x00,0x00,0x00,0x00,0x00,0x00,0x00,0x00,0x00,0x00,0x00,0x00,
  0x00,0x00,0x00,0x00,0x00,0x00,0x00,0x00,0x00,0x00,0x00,0x00,0x00,0x00,0x00,0x00,
  0x00,0x00,0x00,0x00,0x00,0x00,0x00,0x00,0x00,0x00,0x00,0x00,0x00,0x00,0x00,0x00,
  0x02,0x03,0x38,0x3b,0x3f,0x5f,0x62,0x4b,0x8d,0xff,0xf8,0xfe,0xff,0xff,0xff,0xff,
  0xff,0xff,0xff,0xf4,0xfa,0xfc,0xfc,0xfc,0xfb,0xfc,0xfd,0xfd,0xf9,0xfd,0xff,0xff,
  0xff,0xff,0xff,0xff,0xf7,0xe1,0xff,0xa6,0x5f,0x62,0x5f,0x5f,0x5d,0x30,0x02,0x01,
  0x00,0x00,0x00,0x00,0x00,0x00,0x00,0x00,0x00,0x00,0x00,0x00,0x00,0x00,0x00,0x00,
  0x00,0x00,0x00,0x00,0x00,0x00,0x00,0x00,0x00,0x00,0x00,0x00,0x00,0x00,0x00,0x00,
  0x00,0x00,0x00,0x00,0x00,0x00,0x00,0x00,0x00,0x00,0x00,0x00,0x00,0x00,0x00,0x00,
  0x00,0x00,0x00,0x00,0x00,0x00,0x00,0x00,0x52,0xfe,0xf3,0xfa,0xff,0xff,0xff,0xff,
  0xff,0xfe,0xff,0xff,0xff,0xff,0xff,0xff,0xff,0xff,0xff,0xff,0xff,0xff,0xfe,0xff,
  0xff,0xff,0xfe,0xf5,0xff,0xfd,0xff,0x52,0x00,0x00,0x00,0x00,0x00,0x00,0x00,0x00,
  0x00,0x00,0x00,0x00,0x00,0x00,0x00,0x00,0x00,0x00,0x00,0x00,0x00,0x00,0x00,0x00,
  0x00,0x00,0x00,0x00,0x00,0x00,0x00,0x00,0x00,0x00,0x00,0x00,0x00,0x00,0x00,0x00,
  0x00,0x00,0x00,0x00,0x00,0x00,0x00,0x00,0x00,0x00,0x00,0x00,0x00,0x00,0x00,0x00,
  0x00,0x00,0x03,0x03,0x03,0x04,0x08,0x03,0x7b,0xff,0xf9,0xff,0xff,0xff,0xff,0xff,
  0xfd,0xff,0xe3,0x69,0x52,0x43,0x43,0x43,0x63,0x4f,0x43,0x45,0x60,0xd0,0xff,0xfc,
  0xff,0xff,0xff,0xf9,0xff,0xfb,0xff,0x7b,0x04,0x08,0x04,0x04,0x04,0x02,0x00,0x00,
  0x00,0x00,0x00,0x00,0x00,0x00,0x00,0x00,0x00,0x00,0x00,0x00,0x00,0x00,0x00,0x00,
  0x00,0x00,0x00,0x00,0x00,0x00,0x00,0x00,0x00,0x00,0x00,0x00,0x00,0x00,0x00,0x00,
  0x00,0x00,0x00,0x00,0x00,0x00,0x00,0x00,0x00,0x00,0x00,0x00,0x00,0x00,0x00,0x00,
  0x00,0x00,0x00,0x00,0x00,0x00,0x04,0x00,0x7e,0xfb,0xff,0xff,0xff,0xfa,0xfc,0xff,
  0xff,0xff,0xc4,0x00,0x00,0x00,0x00,0x00,0x00,0x00,0x00,0x00,0x00,0x96,0xf7,0xfd,
  0xff,0xfb,0xf9,0xe9,0xff,0xfb,0xff,0x7f,0x00,0x04,0x00,0x00,0x00,0x00,0x00,0x00,
  0x00,0x00,0x00,0x00,0x00,0x00,0x00,0x00,0x00,0x00,0x00,0x00,0x00,0x00,0x00,0x00,
  0x00,0x00,0x00,0x00,0x00,0x00,0x00,0x00,0x00,0x00,0x00,0x00,0x00,0x00,0x00,0x00,
  0x00,0x00,0x00,0x00,0x00,0x00,0x00,0x00,0x00,0x00,0x00,0x00,0x00,0x00,0x00,0x00,
  0x00,0x00,0x00,0x00,0x00,0x00,0x00,0x00,0x0a,0x23,0x88,0xfc,0xf7,0xd4,0xe0,0xfb,
  0xc2,0x2a,0x1c,0x04,0x04,0x03,0x03,0x03,0x04,0x03,0x03,0x03,0x04,0x0e,0x1e,0xb1,
  0xfa,0xd8,0xe5,0xf8,0xfb,0x6f,0x2a,0x0d,0x00,0x01,0x00,0x00,0x00,0x00,0x00,0x00,
  0x00,0x00,0x00,0x00,0x00,0x00,0x00,0x00,0x00,0x00,0x00,0x00,0x00,0x00,0x00,0x00,
  0x00,0x00,0x00,0x00,0x00,0x00,0x00,0x00,0x00,0x00,0x00,0x00,0x00,0x00,0x00,0x00,
  0x00,0x00,0x00,0x00,0x00,0x00,0x00,0x00,0x00,0x00,0x00,0x00,0x00,0x00,0x00,0x00,
  0x00,0x00,0x00,0x00,0x00,0x00,0x00,0x00,0x00,0x00,0x1b,0xff,0xff,0xff,0xff,0xff,
  0xa8,0x00,0x00,0x00,0x00,0x00,0x00,0x00,0x00,0x00,0x00,0x00,0x00,0x02,0x00,0xa7,
  0xff,0xff,0xff,0xff,0xff,0x33,0x00,0x00,0x00,0x00,0x00,0x00,0x00,0x00,0x00,0x00,
  0x00,0x00,0x00,0x00,0x00,0x00,0x00,0x00,0x00,0x00,0x00,0x00,0x00,0x00,0x00,0x00,
  0x00,0x00,0x00,0x00,0x00,0x00,0x00,0x00,0x00,0x00,0x00,0x00,0x00,0x00,0x00,0x00,
  0x00,0x00,0x00,0x00,0x00,0x00,0x00,0x00,0x00,0x00,0x00,0x00,0x00,0x00,0x00,0x00,
  0x00,0x00,0x00,0x00,0x00,0x00,0x00,0x00,0x01,0x02,0x0a,0x75,0x7d,0x7c,0x7b,0x7d,
  0x4f,0x02,0x03,0x00,0x00,0x00,0x00,0x00,0x00,0x00,0x00,0x00,0x00,0x03,0x02,0x49,
  0x7d,0x7a,0x7c,0x7d,0x7b,0x14,0x02,0x01,0x00,0x00,0x00,0x00,0x00,0x00,0x00,0x00,
  0x00,0x00,0x00,0x00,0x00,0x00,0x00,0x00,0x00,0x00,0x00,0x00,0x00,0x00,0x00,0x00,
  0x00,0x00,0x00,0x00,0x00,0x00,0x00,0x00,0x00,0x00,0x00,0x00,0x00,0x00,0x00,0x00,
  0x00,0x00,0x00,0x00,0x00,0x00,0x00,0x00,0x00,0x00,0x00,0x00,0x00,0x00,0x00,0x00,
  0x00,0x00,0x00,0x00,0x00,0x00,0x00,0x00,0x00,0x00,0x00,0x00,0x00,0x00,0x00,0x00,
  0x00,0x00,0x00,0x00,0x00,0x00,0x00,0x00,0x00,0x00,0x00,0x00,0x00,0x00,0x00,0x00,
  0x00,0x00,0x00,0x00,0x00,0x00,0x00,0x00,0x00,0x00,0x00,0x00,0x00,0x00,0x00,0x00,
  0x00,0x00,0x00,0x00,0x00,0x00,0x00,0x00,0x00,0x00,0x00,0x00,0x00,0x00,0x00,0x00,
  0x00,0x00,0x00,0x00,0x00,0x00,0x00,0x00,0x00,0x00,0x00,0x00,0x00,0x00,0x00,0x00,
  0x00,0x00,0x00,0x00,0x00,0x00,0x00,0x00,0x00,0x00,0x00,0x00,0x00,0x00,0x00,0x00,
  0x00,0x00,0x00,0x00,0x00,0x00,0x00,0x00,0x00,0x00,0x00,0x04,0x04,0x04,0x04,0x04,
  0x03,0x00,0x00,0x00,0x00,0x00,0x00,0x00,0x00,0x00,0x00,0x00,0x00,0x00,0x00,0x03,
  0x04,0x04,0x04,0x04,0x04,0x01,0x00,0x00,0x00,0x00,0x00,0x00,0x00,0x00,0x00,0x00,
  0x00,0x00,0x00,0x00,0x00,0x00,0x00,0x00,0x00,0x00,0x00,0x00,0x00,0x00,0x00,0x00,
  0x00,0x00,0x00,0x00,0x00,0x00,0x00,0x00,0x00,0x00,0x00,0x00,0x00,0x00,0x00,0x00,
  0x00,0x00,0x00,0x00,0x00,0x00,0x00,0x00,0x00,0x00,0x00,0x00,0x00,0x00,0x00,0x00,
  0x00,0x00,0x00,0x00,0x00,0x00,0x00,0x00,0x00,0x00,0x00,0x00,0x00,0x00,0x00,0x00,
  0x00,0x00,0x00,0x00,0x00,0x00,0x00,0x00,0x00,0x00,0x00,0x00,0x00,0x00,0x00,0x00,
  0x00,0x00,0x00,0x00,0x00,0x00,0x00,0x00,0x00,0x00,0x00,0x00,0x00,0x00,0x00,0x00,
  0x00,0x00,0x00,0x00,0x00,0x00,0x00,0x00,0x00,0x00,0x00,0x00,0x00,0x00,0x00,0x00,
  0x00,0x00,0x00,0x00,0x00,0x00,0x00,0x00,0x00,0x00,0x00,0x00,0x00,0x00,0x00,0x00,
  0x00,0x00,0x00,0x00,0x00,0x00,0x00,0x00,0x00,0x00,0x00,0x00,0x00,0x00,0x00,0x00,
  0x00,0x00,0x00,0x00,0x00,0x00,0x00,0x00,0x00,0x00,0x00,0x00,0x00,0x00,0x00,0x00,
  0x00,0x00,0x00,0x00,0x00,0x00,0x00,0x00,0x00,0x00,0x00,0x00,0x00,0x00,0x00,0x00,
  0x00,0x00,0x00,0x00,0x00,0x00,0x00,0x00,0x00,0x00,0x00,0x00,0x00,0x00,0x00,0x00,
  0x00,0x00,0x00,0x00,0x00,0x00,0x00,0x00,0x00,0x00,0x00,0x00,0x00,0x00,0x00,0x00,
  0x00,0x00,0x00,0x00,0x00,0x00,0x00,0x00,0x00,0x00,0x00,0x00,0x00,0x00,0x00,0x00,
  0x00,0x00,0x00,0x00,0x00,0x00,0x00,0x00,0x00,0x00,0x00,0x00,0x00,0x00,0x00,0x00,
  0x00,0x00,0x00,0x00,0x00,0x00,0x00,0x00,0x00,0x00,0x00,0x00,0x00,0x00,0x00,0x00,
  0x00,0x00,0x00,0x00,0x00,0x00,0x00,0x00,0x00,0x00,0x00,0x00,0x00,0x00,0x00,0x00,
  0x00,0x00,0x00,0x00,0x00,0x00,0x00,0x00,0x00,0x00,0x00,0x00,0x00,0x00,0x00,0x00,
  0x00,0x00,0x00,0x00,0x00,0x00,0x00,0x00,0x00,0x00,0x00,0x00,0x00,0x00,0x00,0x00,
  0x00,0x00,0x00,0x00,0x00,0x00,0x00,0x00,0x00,0x00,0x00,0x00,0x00,0x00,0x00,0x00,
  0x00,0x00,0x00,0x00,0x00,0x00,0x00,0x00,0x00,0x00,0x00,0x00,0x00,0x00,0x00,0x00,
  0x00,0x00,0x00,0x00,0x00,0x00,0x00,0x00,0x00,0x00,0x00,0x00,0x00,0x00,0x00,0x00,
  0x00,0x00,0x00,0x00,0x00,0x00,0x00,0x00,0x00,0x00,0x00,0x00,0x00,0x00,0x00,0x00,
  0x00,0x00,0x00,0x00,0x00,0x00,0x00,0x00,0x00,0x00,0x00,0x00,0x00,0x00,0x00,0x00,
  0x00,0x00,0x00,0x00,0x00,0x00,0x00,0x00,0x00,0x00,0x00,0x00,0x00,0x00,0x00,0x00,
  0x00,0x00,0x00,0x00,0x00,0x00,0x00,0x00,0x00,0x00,0x00,0x00,0x00,0x00,0x00,0x00,
  0x00,0x00,0x00,0x00,0x00,0x00,0x00,0x00,0x00,0x00,0x00,0x00,0x00,0x00,0x00,0x00,
  0x00,0x00,0x00,0x00,0x00,0x00,0x00,0x00,0x00,0x00,0x00,0x00,0x00,0x00,0x00,0x00,
  0x00,0x00,0x00,0x00,0x00,0x00,0x00,0x00,0x00,0x00,0x00,0x00,0x00,0x00,0x00,0x00,
  0x00,0x00,0x00,0x00,0x00,0x00,0x00,0x00,0x00,0x00,0x00,0x00,0x00,0x00,0x00,0x00,
  0x00,0x00,0x00,0x00,0x00,0x00,0x00,0x00,0x00,0x00,0x00,0x00,0x00,0x00,0x00,0x00,
  0x00,0x00,0x00,0x00,0x00,0x00,0x00,0x00,0x00,0x00,0x00,0x00,0x00,0x00,0x00,0x00,
  0x00,0x00,0x00,0x00,0x00,0x00,0x00,0x00,0x00,0x00,0x00,0x00,0x00,0x00,0x00,0x00,
  0x00,0x00,0x00,0x00,0x00,0x00,0x00,0x00,0x00,0x00,0x00,0x00,0x00,0x00,0x00,0x00,
  0x00,0x00,0x00,0x00,0x00,0x00,0x00,0x00,0x00,0x00,0x00,0x00,0x00,0x00,0x00,0x00,
  0x00,0x00,0x00,0x00,0x00,0x00,0x00,0x00,0x00,0x00,0x00,0x00,0x00,0x00,0x00,0x00,
  0x00,0x00,0x00,0x00,0x00,0x00,0x00,0x00,0x00,0x00,0x00,0x00,0x00,0x00,0x00,0x00,
  0x00,0x00,0x00,0x00,0x00,0x00,0x00,0x00,0x00,0x00,0x00,0x00,0x00,0x00,0x00,0x00,
  0x00,0x00,0x00,0x00,0x00,0x00,0x00,0x00,0x00,0x00,0x00,0x00,0x00,0x00,0x00,0x00,
  0x00,0x00,0x00,0x00,0x00,0x00,0x00,0x00,0x00,0x00,0x00,0x00,0x00,0x00,0x00,0x00,
  0x00,0x00,0x00,0x00,0x00,0x00,0x00,0x00,0x00,0x00,0x00,0x00,0x00,0x00,0x00,0x00,
  0x00,0x00,0x00,0x00,0x00,0x00,0x00,0x00,0x00,0x00,0x00,0x00,0x00,0x00,0x00,0x00,
  0x00,0x00,0x00,0x00,0x00,0x00,0x00,0x00,0x00,0x00,0x00,0x00,0x00,0x00,0x00,0x00,
  0x00,0x00,0x00,0x00,0x00,0x00,0x00,0x00,0x00,0x00,0x00,0x00,0x00,0x00,0x00,0x00,
  0x00,0x00,0x00,0x00,0x00,0x00,0x00,0x00,0x00,0x00,0x00,0x00,0x00,0x00,0x00,0x00,
  0x00,0x00,0x00,0x00,0x00,0x00,0x00,0x00,0x00,0x00,0x00,0x00,0x00,0x00,0x00,0x00,
  0x00,0x00,0x00,0x00,0x00,0x00,0x00,0x00,0x00,0x00,0x00,0x00,0x00,0x00,0x00,0x00,
  0x00,0x00,0x00,0x00,0x00,0x00,0x00,0x00,0x00,0x00,0x00,0x00,0x00,0x00,0x00,0x00,
  0x00,0x00,0x00,0x00,0x00,0x00,0x00,0x00,0x00,0x00,0x00,0x00,0x00,0x00,0x00,0x00,
  0x00,0x00,0x00,0x00,0x00,0x00,0x00,0x00,0x00,0x00,0x00,0x00,0x00,0x00,0x00,0x00,
  0x00,0x00,0x00,0x00,0x00,0x00,0x00,0x00,0x00,0x00,0x00,0x00,0x00,0x00,0x00,0x00,
  0x00,0x00,0x00,0x00,0x00,0x00,0x00,0x00,0x00,0x00,0x00,0x00,0x00,0x00,0x00,0x00,
  0x00,0x00,0x00,0x00,0x00,0x00,0x00,0x00,0x00,0x00,0x00,0x00,0x00,0x00,0x00,0x00,
  0x00,0x00,0x00,0x00,0x00,0x00,0x00,0x00,0x00,0x00,0x00,0x00,0x00,0x00,0x00,0x00,
  0x00,0x00,0x00,0x00,0x00,0x00,0x00,0x00,0x00,0x00,0x00,0x00,0x00,0x00,0x00,0x00,
  0x00,0x00,0x00,0x00,0x00,0x00,0x00,0x00,0x00,0x00,0x00,0x00,0x00,0x00,0x00,0x00,
  0x00,0x00,0x00,0x00,0x00,0x00,0x00,0x00,0x00,0x00,0x00,0x00,0x00,0x00,0x00,0x00,
  0x00,0x00,0x00,0x00,0x00,0x00,0x00,0x00,0x00,0x00,0x00,0x00,0x00,0x00,0x00,0x00,
  0x00,0x00,0x00,0x00,0x00,0x00,0x00,0x00,0x00,0x00,0x00,0x00,0x00,0x00,0x00,0x00,
  0x00,0x00,0x00,0x00,0x00,0x00,0x00,0x00,0x00,0x00,0x00,0x00,0x00,0x00,0x00,0x00,
  0x00,0x00,0x00,0x00,0x00,0x00,0x00,0x00,0x00,0x00,0x00,0x00,0x00,0x00,0x00,0x00,
  0x00,0x00,0x00,0x00,0x00,0x00,0x00,0x00,0x00,0x00,0x00,0x00,0x00,0x00,0x00,0x00,
  0x00,0x00,0x00,0x00,0x00,0x00,0x00,0x00,0x00,0x00,0x00,0x00,0x00,0x00,0x00,0x00,
  0x00,0x00,0x00,0x00,0x00,0x00,0x00,0x00,0x00,0x00,0x00,0x00,0x00,0x00,0x00,0x00,
  0x00,0x00,0x00,0x00,0x00,0x00,0x00,0x00,0x00,0x00,0x00,0x00,0x00,0x00,0x00,0x00,
  0x00,0x00,0x00,0x00,0x00,0x00,0x00,0x00,0x00,0x00,0x00,0x00,0x00,0x00,0x00,0x00,
  0x00,0x00,0x00,0x00,0x00,0x00,0x00,0x00,0x00,0x00,0x00,0x00,0x00,0x00,0x00,0x00,
  0x00,0x00,0x00,0x00,0x00,0x00,0x00,0x00,0x00,0x00,0x00,0x00,0x00,0x00,0x00,0x00,
  0x00,0x00,0x00,0x00,0x00,0x00,0x00,0x00,0x00,0x00,0x00,0x00,0x00,0x00,0x00,0x00,
  0x00,0x00,0x00,0x00,0x00,0x00,0x00,0x00,0x00,0x00,0x00,0x00,0x00,0x00,0x00,0x00,
  0x00,0x00,0x00,0x00,0x00,0x00,0x00,0x00,0x00,0x00,0x00,0x00,0x00,0x00,0x00,0x00,
  0x00,0x00,0x00,0x00,0x00,0x00,0x00,0x00,0x00,0x00,0x00,0x00,0x00,0x00,0x00,0x00,
  0x00,0x00,0x00,0x00,0x00,0x00,0x00,0x00,0x00,0x00,0x00,0x00,0x00,0x00,0x00,0x00,
  0x00,0x00,0x00,0x00,0x00,0x00,0x00,0x00,0x00,0x00,0x00,0x00,0x00,0x00,0x00,0x00,
  0x00,0x00,0x00,0x00,0x00,0x00,0x00,0x00,0x00,0x00,0x00,0x00,0x00,0x00,0x00,0x00,
  0x00,0x00,0x00,0x00,0x00,0x00,0x00,0x00,0x00,0x00,0x00,0x00,0x00,0x00,0x00,0x00,
  0x00,0x00,0x00,0x00,0x00,0x00,0x00,0x00,0x00,0x00,0x00,0x00,0x00,0x00,0x00,0x00,
  0x00,0x00,0x00,0x00,0x00,0x00,0x00,0x00,0x00,0x00,0x00,0x00,0x00,0x00,0x00,0x00,
  0x00,0x00,0x00,0x00,0x00,0x00,0x00,0x00,0x00,0x00,0x00,0x00,0x00,0x00,0x00,0x00,
  0x00,0x00,0x00,0x00,0x00,0x00,0x00,0x00,0x00,0x00,0x00,0x00,0x00,0x00,0x00,0x00,
  0x00,0x00,0x00,0x00,0x00,0x00,0x00,0x00,0x00,0x00,0x00,0x00,0x00,0x00,0x00,0x00,
  0x00,0x00,0x00,0x00,0x00,0x00,0x00,0x00,0x00,0x00,0x00,0x00,0x00,0x00,0x00,0x00,
  0x00,0x00,0x00,0x00,0x00,0x00,0x00,0x00,0x00,0x00,0x00,0x00,0x00,0x00,0x00,0x00,
  0x00,0x00,0x00,0x00,0x00,0x00,0x00,0x00,0x00,0x00,0x00,0x00,0x00,0x00,0x00,0x00,
  0x00,0x00,0x00,0x00,0x00,0x00,0x00,0x00,0x00,0x00,0x00,0x00,0x00,0x00,0x00,0x00,
  0x00,0x00,0x00,0x00,0x00,0x00,0x00,0x00,0x00,0x00,0x00,0x00,0x00,0x00,0x00,0x00,
  0x00,0x00,0x00,0x00,0x00,0x00,0x00,0x00,0x00,0x00,0x00,0x00,0x00,0x00,0x00,0x00,
  0x00,0x00,0x00,0x00,0x00,0x00,0x00,0x00,0x00,0x00,0x00,0x00,0x00,0x00,0x00,0x00,
  0x00,0x00,0x00,0x00,0x00,0x00,0x00,0x00,0x00,0x00,0x00,0x00,0x00,0x00,0x00,0x00,
  0x00,0x00,0x00,0x00,0x00,0x00,0x00,0x00,0x00,0x00,0x00,0x00,0x00,0x00,0x00,0x00,
  0x00,0x00,0x00,0x00,0x00,0x00,0x00,0x00,0x00,0x00,0x00,0x00,0x00,0x00,0x00,0x00,
  0x00,0x00,0x00,0x00,0x00,0x00,0x00,0x00,0x00,0x00,0x00,0x00,0x00,0x00,0x00,0x00,
  0x00,0x00,0x00,0x00,0x00,0x00,0x00,0x00,0x00,0x00,0x00,0x00,0x00,0x00,0x00,0x00,
  0x00,0x00,0x00,0x00,0x00,0x00,0x00,0x00,0x00,0x00,0x00,0x00,0x00,0x00,0x00,0x00,
  0x00,0x00,0x00,0x00,0x00,0x00,0x00,0x00,0x00,0x00,0x00,0x00,0x00,0x00,0x00,0x00,
  0x00,0x00,0x00,0x00,0x00,0x00,0x00,0x00,0x00,0x00,0x00,0x00,0x00,0x00,0x00,0x00,
  0x00,0x00,0x00,0x00,0x00,0x00,0x00,0x00,0x00,0x00,0x00,0x00,0x00,0x00,0x00,0x00,
  0x00,0x00,0x00,0x00,0x00,0x00,0x00,0x00,0x00,0x00,0x00,0x00,0x00,0x00,0x00,0x00,
};

static const lv_image_dsc_t img_scene_store = {
  .header.w = 96,
  .header.h = 96,
  .header.stride = 192,
  .header.cf = LV_COLOR_FORMAT_RGB565A8,
  .data = img_scene_store_map,
  .data_size = sizeof(img_scene_store_map),
};

#endif /* FOCUS_UI_IMAGES_H */
